# Blender 4.2.10 LTS
# www.blender.org
o tmp_export_Foot
v 0.048000 0.000000 -0.013000
v 0.047802 0.000000 -0.012132
v 0.047247 0.000000 -0.011436
v 0.046445 0.000000 -0.011050
v 0.045555 0.000000 -0.011050
v 0.044753 0.000000 -0.011436
v 0.044198 0.000000 -0.012132
v 0.044000 0.000000 -0.013000
v 0.044198 0.000000 -0.013868
v 0.044753 0.000000 -0.014564
v 0.045555 0.000000 -0.014950
v 0.046445 0.000000 -0.014950
v 0.047247 0.000000 -0.014564
v 0.047802 0.000000 -0.013868
v 0.048000 -0.010000 -0.013000
v 0.047802 -0.010000 -0.013868
v 0.047247 -0.010000 -0.014564
v 0.046445 -0.010000 -0.014950
v 0.045555 -0.010000 -0.014950
v 0.044753 -0.010000 -0.014564
v 0.044198 -0.010000 -0.013868
v 0.044000 -0.010000 -0.013000
v 0.044198 -0.010000 -0.012132
v 0.044753 -0.010000 -0.011436
v 0.045555 -0.010000 -0.011050
v 0.046445 -0.010000 -0.011050
v 0.047247 -0.010000 -0.011436
v 0.047802 -0.010000 -0.012132
v -0.041377 -0.001043 -0.023767
v -0.036931 -0.001043 -0.023767
v -0.036931 -0.000949 -0.024199
v -0.036931 -0.000684 -0.024554
v -0.036931 -0.000295 -0.024767
v -0.036931 -0.000198 -0.024790
v -0.036931 -0.000100 -0.024805
v -0.036931 -0.000000 -0.024809
v -0.041808 -0.000000 -0.024809
v -0.041799 -0.000387 -0.024735
v -0.041756 -0.000711 -0.024529
v -0.041649 -0.000938 -0.024222
v -0.041465 -0.001035 -0.023894
v -0.036931 -0.000000 -0.024767
v -0.041377 -0.010000 -0.023767
v -0.036931 -0.010000 -0.023767
v -0.041465 -0.016000 -0.023894
v -0.014976 -0.016000 0.014368
v -0.014976 -0.010000 0.014368
v -0.041813 -0.000000 -0.025205
v -0.041740 -0.000000 -0.025594
v -0.041592 -0.000000 -0.025961
v -0.041592 -0.016000 -0.025961
v -0.041806 -0.016000 -0.025272
v -0.041762 -0.016000 -0.024552
v -0.033831 -0.010150 -0.027800
v -0.032915 -0.009955 -0.027800
v -0.032159 -0.009406 -0.027800
v -0.031691 -0.008595 -0.027800
v -0.031593 -0.007665 -0.027800
v -0.031882 -0.006775 -0.027800
v -0.032508 -0.006080 -0.027800
v -0.033363 -0.005699 -0.027800
v -0.034298 -0.005699 -0.027800
v -0.035153 -0.006080 -0.027800
v -0.035779 -0.006775 -0.027800
v -0.036068 -0.007665 -0.027800
v -0.035970 -0.008595 -0.027800
v -0.035503 -0.009406 -0.027800
v -0.034746 -0.009955 -0.027800
v -0.033831 -0.010150 -0.029000
v -0.034746 -0.009955 -0.029000
v -0.035503 -0.009406 -0.029000
v -0.035970 -0.008595 -0.029000
v -0.036068 -0.007665 -0.029000
v -0.035779 -0.006775 -0.029000
v -0.035153 -0.006080 -0.029000
v -0.034298 -0.005699 -0.029000
v -0.033363 -0.005699 -0.029000
v -0.032508 -0.006080 -0.029000
v -0.031882 -0.006775 -0.029000
v -0.031593 -0.007665 -0.029000
v -0.031691 -0.008595 -0.029000
v -0.032159 -0.009406 -0.029000
v -0.032915 -0.009955 -0.029000
v -0.033831 -0.009050 -0.027800
v -0.033256 -0.008896 -0.027800
v -0.032835 -0.008475 -0.027800
v -0.032681 -0.007900 -0.027800
v -0.032835 -0.007325 -0.027800
v -0.033256 -0.006904 -0.027800
v -0.033831 -0.006750 -0.027800
v -0.034406 -0.006904 -0.027800
v -0.034827 -0.007325 -0.027800
v -0.034981 -0.007900 -0.027800
v -0.034827 -0.008475 -0.027800
v -0.034406 -0.008896 -0.027800
v 0.035394 -0.008981 -0.027800
v 0.036309 -0.008786 -0.027800
v 0.037066 -0.008237 -0.027800
v 0.037534 -0.007426 -0.027800
v 0.037632 -0.006496 -0.027800
v 0.037343 -0.005606 -0.027800
v 0.036716 -0.004911 -0.027800
v 0.035862 -0.004530 -0.027800
v 0.034926 -0.004530 -0.027800
v 0.034071 -0.004911 -0.027800
v 0.033445 -0.005606 -0.027800
v 0.033156 -0.006496 -0.027800
v 0.033254 -0.007426 -0.027800
v 0.033722 -0.008237 -0.027800
v 0.034479 -0.008786 -0.027800
v 0.035394 -0.008981 -0.029000
v 0.034479 -0.008786 -0.029000
v 0.033722 -0.008237 -0.029000
v 0.033254 -0.007426 -0.029000
v 0.033156 -0.006496 -0.029000
v 0.033445 -0.005606 -0.029000
v 0.034071 -0.004911 -0.029000
v 0.034926 -0.004530 -0.029000
v 0.035862 -0.004530 -0.029000
v 0.036716 -0.004911 -0.029000
v 0.037343 -0.005606 -0.029000
v 0.037632 -0.006496 -0.029000
v 0.037534 -0.007426 -0.029000
v 0.037066 -0.008237 -0.029000
v 0.036309 -0.008786 -0.029000
v 0.035394 -0.007881 -0.027800
v 0.035969 -0.007727 -0.027800
v 0.036390 -0.007306 -0.027800
v 0.036544 -0.006731 -0.027800
v 0.036390 -0.006156 -0.027800
v 0.035969 -0.005735 -0.027800
v 0.035394 -0.005581 -0.027800
v 0.034819 -0.005735 -0.027800
v 0.034398 -0.006156 -0.027800
v 0.034244 -0.006731 -0.027800
v 0.034398 -0.007306 -0.027800
v 0.034819 -0.007727 -0.027800
v 0.041969 -0.010150 -0.027800
v 0.042885 -0.009955 -0.027800
v 0.043641 -0.009406 -0.027800
v 0.044109 -0.008595 -0.027800
v 0.044207 -0.007665 -0.027800
v 0.043918 -0.006775 -0.027800
v 0.043292 -0.006080 -0.027800
v 0.042437 -0.005699 -0.027800
v 0.041502 -0.005699 -0.027800
v 0.040647 -0.006080 -0.027800
v 0.040021 -0.006775 -0.027800
v 0.039732 -0.007665 -0.027800
v 0.039830 -0.008595 -0.027800
v 0.040297 -0.009406 -0.027800
v 0.041054 -0.009955 -0.027800
v 0.041969 -0.010150 -0.029000
v 0.041054 -0.009955 -0.029000
v 0.040297 -0.009406 -0.029000
v 0.039830 -0.008595 -0.029000
v 0.039732 -0.007665 -0.029000
v 0.040021 -0.006775 -0.029000
v 0.040647 -0.006080 -0.029000
v 0.041502 -0.005699 -0.029000
v 0.042437 -0.005699 -0.029000
v 0.043292 -0.006080 -0.029000
v 0.043918 -0.006775 -0.029000
v 0.044207 -0.007665 -0.029000
v 0.044109 -0.008595 -0.029000
v 0.043641 -0.009406 -0.029000
v 0.042885 -0.009955 -0.029000
v 0.041969 -0.009050 -0.027800
v 0.042544 -0.008896 -0.027800
v 0.042965 -0.008475 -0.027800
v 0.043119 -0.007900 -0.027800
v 0.042965 -0.007325 -0.027800
v 0.042544 -0.006904 -0.027800
v 0.041969 -0.006750 -0.027800
v 0.041394 -0.006904 -0.027800
v 0.040973 -0.007325 -0.027800
v 0.040819 -0.007900 -0.027800
v 0.040973 -0.008475 -0.027800
v 0.041394 -0.008896 -0.027800
v 0.053339 0.000000 -0.011265
v 0.053347 -0.000174 -0.011220
v 0.053366 -0.000321 -0.011111
v 0.053414 -0.000543 -0.010825
v 0.053520 -0.000844 -0.010156
v 0.053717 -0.001218 -0.008741
v 0.053884 -0.001430 -0.007233
v 0.054007 -0.001500 -0.005765
v 0.054699 -0.001299 -0.006053
v 0.055206 -0.000750 -0.006265
v 0.055391 0.000000 -0.006342
v 0.065284 0.000000 -0.019450
v 0.064509 0.000000 -0.019658
v 0.063942 0.000000 -0.020225
v 0.063734 0.000000 -0.021000
v 0.063942 0.000000 -0.021775
v 0.064509 0.000000 -0.022342
v 0.065284 0.000000 -0.022550
v 0.066059 0.000000 -0.022342
v 0.066626 0.000000 -0.021775
v 0.066834 0.000000 -0.021000
v 0.066626 0.000000 -0.020225
v 0.066059 0.000000 -0.019658
v 0.081918 0.000000 -0.017399
v 0.082671 0.000000 -0.017852
v 0.083260 0.000000 -0.018504
v 0.083635 0.000000 -0.019299
v 0.083764 0.000000 -0.020168
v 0.083764 0.000000 -0.025896
v 0.083567 0.000000 -0.026966
v 0.083000 0.000000 -0.027895
v 0.082140 0.000000 -0.028562
v 0.081098 0.000000 -0.028877
v 0.080000 0.000000 -0.029000
v 0.014849 0.000000 -0.029000
v 0.015983 0.000000 -0.024767
v 0.045069 0.000000 -0.024767
v 0.045069 0.000000 -0.023767
v 0.049569 0.000000 -0.023767
v 0.051161 0.000000 -0.019705
v 0.052420 0.000000 -0.015529
v 0.035394 -0.005581 -0.023767
v 0.034819 -0.005735 -0.023767
v 0.034398 -0.006156 -0.023767
v 0.034244 -0.006731 -0.023767
v 0.034398 -0.007306 -0.023767
v 0.034819 -0.007727 -0.023767
v 0.035394 -0.007881 -0.023767
v 0.035969 -0.007727 -0.023767
v 0.036390 -0.007306 -0.023767
v 0.036544 -0.006731 -0.023767
v 0.036390 -0.006156 -0.023767
v 0.035969 -0.005735 -0.023767
v 0.033328 -0.008831 -0.024767
v 0.037528 -0.008831 -0.024767
v 0.037528 -0.008831 -0.023767
v 0.033328 -0.008831 -0.023767
v 0.033328 -0.004631 -0.024767
v 0.033328 -0.004631 -0.023767
v 0.037528 -0.004631 -0.024767
v 0.037528 -0.004631 -0.023767
v 0.039869 -0.010000 -0.024767
v 0.039869 -0.005800 -0.024767
v 0.044069 -0.005800 -0.024767
v 0.044069 -0.010000 -0.024767
v 0.015983 -0.004196 -0.024767
v 0.011768 -0.004196 -0.024767
v 0.011768 0.000000 -0.024767
v -0.036931 -0.011000 -0.024767
v 0.045069 -0.011000 -0.024767
v -0.031731 -0.010000 -0.024767
v -0.035931 -0.010000 -0.024767
v -0.035931 -0.005800 -0.024767
v -0.031731 -0.005800 -0.024767
v 0.041969 -0.006750 -0.023767
v 0.041394 -0.006904 -0.023767
v 0.040973 -0.007325 -0.023767
v 0.040819 -0.007900 -0.023767
v 0.040973 -0.008475 -0.023767
v 0.041394 -0.008896 -0.023767
v 0.041969 -0.009050 -0.023767
v 0.042544 -0.008896 -0.023767
v 0.042965 -0.008475 -0.023767
v 0.043119 -0.007900 -0.023767
v 0.042965 -0.007325 -0.023767
v 0.042544 -0.006904 -0.023767
v 0.039869 -0.010000 -0.023767
v 0.039869 -0.005800 -0.023767
v 0.044069 -0.005800 -0.023767
v 0.044069 -0.010000 -0.023767
v -0.033831 -0.006750 -0.023767
v -0.034406 -0.006904 -0.023767
v -0.034827 -0.007325 -0.023767
v -0.034981 -0.007900 -0.023767
v -0.034827 -0.008475 -0.023767
v -0.034406 -0.008896 -0.023767
v -0.033831 -0.009050 -0.023767
v -0.033256 -0.008896 -0.023767
v -0.032835 -0.008475 -0.023767
v -0.032681 -0.007900 -0.023767
v -0.032835 -0.007325 -0.023767
v -0.033256 -0.006904 -0.023767
v -0.031731 -0.010000 -0.023767
v -0.035931 -0.010000 -0.023767
v -0.035931 -0.005800 -0.023767
v -0.031731 -0.005800 -0.023767
v -0.036931 -0.010000 -0.020928
v 0.045069 -0.010000 -0.020928
v 0.045069 -0.011000 -0.021767
v -0.036931 -0.011000 -0.021767
v 0.045069 -0.010000 -0.023767
v 0.049569 -0.010000 -0.023767
v 0.012849 0.000000 -0.028800
v -0.007702 -0.000000 -0.028800
v -0.007702 -0.000000 -0.029000
v -0.038790 -0.000000 -0.029000
v -0.039500 -0.000000 -0.028870
v -0.040117 -0.000000 -0.028496
v -0.040562 -0.000000 -0.027928
v 0.065284 -0.013000 -0.023800
v 0.066295 -0.013000 -0.023611
v 0.067170 -0.013000 -0.023069
v 0.067790 -0.013000 -0.022248
v 0.068072 -0.013000 -0.021258
v 0.067977 -0.013000 -0.020234
v 0.067518 -0.013000 -0.019313
v 0.066758 -0.013000 -0.018619
v 0.065798 -0.013000 -0.018248
v 0.064769 -0.013000 -0.018248
v 0.063810 -0.013000 -0.018619
v 0.063049 -0.013000 -0.019313
v 0.062591 -0.013000 -0.020234
v 0.062496 -0.013000 -0.021258
v 0.062777 -0.013000 -0.022248
v 0.063398 -0.013000 -0.023069
v 0.064272 -0.013000 -0.023611
v 0.065284 -0.013000 -0.019450
v 0.066059 -0.013000 -0.019658
v 0.066626 -0.013000 -0.020225
v 0.066834 -0.013000 -0.021000
v 0.066626 -0.013000 -0.021775
v 0.066059 -0.013000 -0.022342
v 0.065284 -0.013000 -0.022550
v 0.064509 -0.013000 -0.022342
v 0.063942 -0.013000 -0.021775
v 0.063734 -0.013000 -0.021000
v 0.063942 -0.013000 -0.020225
v 0.064509 -0.013000 -0.019658
v 0.065284 -0.018000 -0.023800
v 0.066295 -0.018000 -0.023611
v 0.067170 -0.018000 -0.023069
v 0.067790 -0.018000 -0.022248
v 0.068072 -0.018000 -0.021258
v 0.067977 -0.018000 -0.020234
v 0.067518 -0.018000 -0.019313
v 0.066758 -0.018000 -0.018619
v 0.065798 -0.018000 -0.018248
v 0.064769 -0.018000 -0.018248
v 0.063810 -0.018000 -0.018619
v 0.063049 -0.018000 -0.019313
v 0.062591 -0.018000 -0.020234
v 0.062496 -0.018000 -0.021258
v 0.062777 -0.018000 -0.022248
v 0.063398 -0.018000 -0.023069
v 0.064272 -0.018000 -0.023611
v -0.024716 -0.013000 -0.020800
v -0.023705 -0.013000 -0.020611
v -0.022830 -0.013000 -0.020069
v -0.022210 -0.013000 -0.019248
v -0.021928 -0.013000 -0.018258
v -0.022023 -0.013000 -0.017234
v -0.022482 -0.013000 -0.016313
v -0.023242 -0.013000 -0.015619
v -0.024202 -0.013000 -0.015248
v -0.025231 -0.013000 -0.015248
v -0.026190 -0.013000 -0.015619
v -0.026951 -0.013000 -0.016313
v -0.027409 -0.013000 -0.017234
v -0.027504 -0.013000 -0.018258
v -0.027223 -0.013000 -0.019248
v -0.026602 -0.013000 -0.020069
v -0.025728 -0.013000 -0.020611
v -0.024716 -0.013000 -0.016450
v -0.023941 -0.013000 -0.016658
v -0.023374 -0.013000 -0.017225
v -0.023166 -0.013000 -0.018000
v -0.023374 -0.013000 -0.018775
v -0.023941 -0.013000 -0.019342
v -0.024716 -0.013000 -0.019550
v -0.025491 -0.013000 -0.019342
v -0.026058 -0.013000 -0.018775
v -0.026266 -0.013000 -0.018000
v -0.026058 -0.013000 -0.017225
v -0.025491 -0.013000 -0.016658
v -0.024716 -0.018000 -0.020800
v -0.023705 -0.018000 -0.020611
v -0.022830 -0.018000 -0.020069
v -0.022210 -0.018000 -0.019248
v -0.021928 -0.018000 -0.018258
v -0.022023 -0.018000 -0.017234
v -0.022482 -0.018000 -0.016313
v -0.023242 -0.018000 -0.015619
v -0.024202 -0.018000 -0.015248
v -0.025231 -0.018000 -0.015248
v -0.026190 -0.018000 -0.015619
v -0.026951 -0.018000 -0.016313
v -0.027409 -0.018000 -0.017234
v -0.027504 -0.018000 -0.018258
v -0.027223 -0.018000 -0.019248
v -0.026602 -0.018000 -0.020069
v -0.025728 -0.018000 -0.020611
v -0.024716 -0.010000 -0.016450
v -0.023941 -0.010000 -0.016658
v -0.023374 -0.010000 -0.017225
v -0.023166 -0.010000 -0.018000
v -0.023374 -0.010000 -0.018775
v -0.023941 -0.010000 -0.019342
v -0.024716 -0.010000 -0.019550
v -0.025491 -0.010000 -0.019342
v -0.026058 -0.010000 -0.018775
v -0.026266 -0.010000 -0.018000
v -0.026058 -0.010000 -0.017225
v -0.025491 -0.010000 -0.016658
v -0.013332 -0.018000 0.013229
v -0.039821 -0.018000 -0.025033
v -0.012651 -0.018000 0.013650
v -0.012933 -0.016000 0.015630
v -0.013722 -0.016000 0.015404
v -0.014421 -0.016000 0.014972
v -0.013147 -0.018000 0.013431
v -0.012914 -0.018000 0.013575
v 0.018387 -0.018000 0.018070
v 0.018105 -0.016000 0.020050
v 0.019159 -0.018000 0.017856
v 0.020420 -0.016000 0.019409
v 0.019718 -0.016000 0.019834
v 0.018926 -0.016000 0.020054
v 0.018661 -0.018000 0.018072
v 0.018925 -0.018000 0.017998
v 0.048659 -0.016000 -0.003536
v 0.047623 -0.018000 -0.005270
v 0.081149 -0.018000 -0.019245
v 0.081918 -0.016000 -0.017399
v 0.081764 -0.018000 -0.020168
v 0.083764 -0.016000 -0.020168
v 0.083635 -0.016000 -0.019299
v 0.083260 -0.016000 -0.018504
v 0.082671 -0.016000 -0.017852
v 0.081472 -0.018000 -0.019462
v 0.081688 -0.018000 -0.019786
v 0.081764 -0.018000 -0.025896
v 0.083764 -0.016000 -0.025896
v 0.080875 -0.018000 -0.026889
v 0.081098 -0.016000 -0.028877
v 0.082140 -0.016000 -0.028562
v 0.083000 -0.016000 -0.027895
v 0.083567 -0.016000 -0.026966
v 0.081648 -0.018000 -0.026363
v 0.081327 -0.018000 -0.026722
v 0.080000 -0.016000 -0.029000
v 0.079888 -0.018000 -0.027000
v -0.038790 -0.018000 -0.027000
v -0.038790 -0.016000 -0.029000
v -0.040562 -0.016000 -0.027928
v -0.040117 -0.016000 -0.028496
v -0.039500 -0.016000 -0.028870
v -0.007493 -0.002008 -0.029000
v -0.006875 -0.003930 -0.029000
v -0.005875 -0.005683 -0.029000
v -0.004534 -0.007193 -0.029000
v -0.002912 -0.008395 -0.029000
v -0.001076 -0.009236 -0.029000
v 0.000893 -0.009681 -0.029000
v 0.002911 -0.009712 -0.029000
v 0.004893 -0.009326 -0.029000
v 0.006753 -0.008540 -0.029000
v 0.008411 -0.007388 -0.029000
v 0.009796 -0.005919 -0.029000
v 0.010849 -0.004196 -0.029000
v 0.014849 -0.004196 -0.029000
v 0.054007 -0.010000 -0.005765
v 0.048659 -0.010000 -0.003536
v -0.012933 -0.010000 0.015630
v -0.013722 -0.010000 0.015404
v -0.014421 -0.010000 0.014972
v 0.018105 -0.010000 0.020050
v 0.018926 -0.010000 0.020054
v 0.019718 -0.010000 0.019834
v 0.020420 -0.010000 0.019409
v 0.053484 -0.010000 -0.010392
v 0.052565 -0.010000 -0.014957
v 0.051257 -0.010000 -0.019426
v 0.015000 -0.010000 -0.000000
v 0.014795 -0.010000 0.002469
v 0.014187 -0.010000 0.004870
v 0.013192 -0.010000 0.007139
v 0.011837 -0.010000 0.009213
v 0.010159 -0.010000 0.011036
v 0.008204 -0.010000 0.012557
v 0.006025 -0.010000 0.013737
v 0.003682 -0.010000 0.014541
v 0.001239 -0.010000 0.014949
v -0.001239 -0.010000 0.014949
v -0.003682 -0.010000 0.014541
v -0.006025 -0.010000 0.013737
v -0.008204 -0.010000 0.012557
v -0.010159 -0.010000 0.011036
v -0.011837 -0.010000 0.009213
v -0.013192 -0.010000 0.007139
v -0.014187 -0.010000 0.004870
v -0.014795 -0.010000 0.002469
v -0.015000 -0.010000 0.000000
v -0.014795 -0.010000 -0.002469
v -0.014187 -0.010000 -0.004870
v -0.013192 -0.010000 -0.007139
v -0.011837 -0.010000 -0.009213
v -0.010159 -0.010000 -0.011036
v -0.008204 -0.010000 -0.012557
v -0.006025 -0.010000 -0.013737
v -0.003682 -0.010000 -0.014541
v -0.001239 -0.010000 -0.014949
v 0.001239 -0.010000 -0.014949
v 0.003682 -0.010000 -0.014541
v 0.006025 -0.010000 -0.013737
v 0.008204 -0.010000 -0.012557
v 0.010159 -0.010000 -0.011036
v 0.011837 -0.010000 -0.009213
v 0.013192 -0.010000 -0.007139
v 0.014187 -0.010000 -0.004870
v 0.014795 -0.010000 -0.002469
v 0.012849 -0.004196 -0.028800
v 0.010849 -0.004196 -0.028800
v -0.007493 -0.002008 -0.028800
v -0.006875 -0.003930 -0.028800
v -0.005875 -0.005683 -0.028800
v -0.004534 -0.007193 -0.028800
v -0.002912 -0.008395 -0.028800
v -0.001076 -0.009236 -0.028800
v 0.000893 -0.009681 -0.028800
v 0.002911 -0.009712 -0.028800
v 0.004893 -0.009326 -0.028800
v 0.006753 -0.008540 -0.028800
v 0.008411 -0.007388 -0.028800
v 0.009796 -0.005919 -0.028800
v 0.005975 -0.007000 -0.000000
v 0.005771 -0.007000 0.001546
v 0.005175 -0.007000 0.002988
v 0.004225 -0.007000 0.004225
v 0.002987 -0.007000 0.005175
v 0.001546 -0.007000 0.005771
v 0.000000 -0.007000 0.005975
v -0.001546 -0.007000 0.005771
v -0.002988 -0.007000 0.005175
v -0.004225 -0.007000 0.004225
v -0.005175 -0.007000 0.002988
v -0.005771 -0.007000 0.001546
v -0.005975 -0.007000 0.000000
v -0.005771 -0.007000 -0.001546
v -0.005175 -0.007000 -0.002988
v -0.004225 -0.007000 -0.004225
v -0.002988 -0.007000 -0.005175
v -0.001546 -0.007000 -0.005771
v 0.000000 -0.007000 -0.005975
v 0.001546 -0.007000 -0.005771
v 0.002987 -0.007000 -0.005175
v 0.004225 -0.007000 -0.004225
v 0.005175 -0.007000 -0.002988
v 0.005771 -0.007000 -0.001546
v 0.005975 -0.011000 -0.000000
v 0.005771 -0.011000 -0.001546
v 0.005175 -0.011000 -0.002988
v 0.004225 -0.011000 -0.004225
v 0.002987 -0.011000 -0.005175
v 0.001546 -0.011000 -0.005771
v 0.000000 -0.011000 -0.005975
v -0.001546 -0.011000 -0.005771
v -0.002988 -0.011000 -0.005175
v -0.004225 -0.011000 -0.004225
v -0.005175 -0.011000 -0.002988
v -0.005771 -0.011000 -0.001546
v -0.005975 -0.011000 0.000000
v -0.005771 -0.011000 0.001546
v -0.005175 -0.011000 0.002988
v -0.004225 -0.011000 0.004225
v -0.002988 -0.011000 0.005175
v -0.001546 -0.011000 0.005771
v 0.000000 -0.011000 0.005975
v 0.001546 -0.011000 0.005771
v 0.002987 -0.011000 0.005175
v 0.004225 -0.011000 0.004225
v 0.005175 -0.011000 0.002988
v 0.005771 -0.011000 0.001546
v 0.008000 -0.011000 -0.000000
v 0.007799 -0.011000 0.001780
v 0.007208 -0.011000 0.003471
v 0.006255 -0.011000 0.004988
v 0.004988 -0.011000 0.006255
v 0.003471 -0.011000 0.007208
v 0.001780 -0.011000 0.007799
v 0.000000 -0.011000 0.008000
v -0.001780 -0.011000 0.007799
v -0.003471 -0.011000 0.007208
v -0.004988 -0.011000 0.006255
v -0.006255 -0.011000 0.004988
v -0.007208 -0.011000 0.003471
v -0.007799 -0.011000 0.001780
v -0.008000 -0.011000 0.000000
v -0.007799 -0.011000 -0.001780
v -0.007208 -0.011000 -0.003471
v -0.006255 -0.011000 -0.004988
v -0.004988 -0.011000 -0.006255
v -0.003471 -0.011000 -0.007208
v -0.001780 -0.011000 -0.007799
v 0.000000 -0.011000 -0.008000
v 0.001780 -0.011000 -0.007799
v 0.003471 -0.011000 -0.007208
v 0.004988 -0.011000 -0.006255
v 0.006255 -0.011000 -0.004988
v 0.007208 -0.011000 -0.003471
v 0.007799 -0.011000 -0.001780
v 0.008000 -0.012000 -0.000000
v 0.007799 -0.012000 -0.001780
v 0.007208 -0.012000 -0.003471
v 0.006255 -0.012000 -0.004988
v 0.004988 -0.012000 -0.006255
v 0.003471 -0.012000 -0.007208
v 0.001780 -0.012000 -0.007799
v 0.000000 -0.012000 -0.008000
v -0.001780 -0.012000 -0.007799
v -0.003471 -0.012000 -0.007208
v -0.004988 -0.012000 -0.006255
v -0.006255 -0.012000 -0.004988
v -0.007208 -0.012000 -0.003471
v -0.007799 -0.012000 -0.001780
v -0.008000 -0.012000 0.000000
v -0.007799 -0.012000 0.001780
v -0.007208 -0.012000 0.003471
v -0.006255 -0.012000 0.004988
v -0.004988 -0.012000 0.006255
v -0.003471 -0.012000 0.007208
v -0.001780 -0.012000 0.007799
v 0.000000 -0.012000 0.008000
v 0.001780 -0.012000 0.007799
v 0.003471 -0.012000 0.007208
v 0.004988 -0.012000 0.006255
v 0.006255 -0.012000 0.004988
v 0.007208 -0.012000 0.003471
v 0.007799 -0.012000 0.001780
v 0.015000 -0.012000 -0.000000
v 0.014795 -0.012000 0.002469
v 0.014187 -0.012000 0.004870
v 0.013192 -0.012000 0.007139
v 0.011837 -0.012000 0.009213
v 0.010159 -0.012000 0.011036
v 0.008204 -0.012000 0.012557
v 0.006025 -0.012000 0.013737
v 0.003682 -0.012000 0.014541
v 0.001239 -0.012000 0.014949
v -0.001239 -0.012000 0.014949
v -0.003682 -0.012000 0.014541
v -0.006025 -0.012000 0.013737
v -0.008204 -0.012000 0.012557
v -0.010159 -0.012000 0.011036
v -0.011837 -0.012000 0.009213
v -0.013192 -0.012000 0.007139
v -0.014187 -0.012000 0.004870
v -0.014795 -0.012000 0.002469
v -0.015000 -0.012000 0.000000
v -0.014795 -0.012000 -0.002469
v -0.014187 -0.012000 -0.004870
v -0.013192 -0.012000 -0.007139
v -0.011837 -0.012000 -0.009213
v -0.010159 -0.012000 -0.011036
v -0.008204 -0.012000 -0.012557
v -0.006025 -0.012000 -0.013737
v -0.003682 -0.012000 -0.014541
v -0.001239 -0.012000 -0.014949
v 0.001239 -0.012000 -0.014949
v 0.003682 -0.012000 -0.014541
v 0.006025 -0.012000 -0.013737
v 0.008204 -0.012000 -0.012557
v 0.010159 -0.012000 -0.011036
v 0.011837 -0.012000 -0.009213
v 0.013192 -0.012000 -0.007139
v 0.014187 -0.012000 -0.004870
v 0.014795 -0.012000 -0.002469
v 0.069534 0.013000 -0.021000
v 0.069326 0.013000 -0.019687
v 0.068722 0.013000 -0.018502
v 0.067782 0.013000 -0.017562
v 0.066597 0.013000 -0.016958
v 0.065284 0.013000 -0.016750
v 0.063971 0.013000 -0.016958
v 0.062786 0.013000 -0.017562
v 0.061846 0.013000 -0.018502
v 0.061242 0.013000 -0.019687
v 0.061034 0.013000 -0.021000
v 0.061242 0.013000 -0.022313
v 0.061846 0.013000 -0.023498
v 0.062786 0.013000 -0.024438
v 0.063971 0.013000 -0.025042
v 0.065284 0.013000 -0.025250
v 0.066597 0.013000 -0.025042
v 0.067782 0.013000 -0.024438
v 0.068722 0.013000 -0.023498
v 0.069326 0.013000 -0.022313
v 0.069534 0.018000 -0.021000
v 0.069326 0.018000 -0.022313
v 0.068722 0.018000 -0.023498
v 0.067782 0.018000 -0.024438
v 0.066597 0.018000 -0.025042
v 0.065284 0.018000 -0.025250
v 0.063971 0.018000 -0.025042
v 0.062786 0.018000 -0.024438
v 0.061846 0.018000 -0.023498
v 0.061242 0.018000 -0.022313
v 0.061034 0.018000 -0.021000
v 0.061242 0.018000 -0.019687
v 0.061846 0.018000 -0.018502
v 0.062786 0.018000 -0.017562
v 0.063971 0.018000 -0.016958
v 0.065284 0.018000 -0.016750
v 0.066597 0.018000 -0.016958
v 0.067782 0.018000 -0.017562
v 0.068722 0.018000 -0.018502
v 0.069326 0.018000 -0.019687
v -0.020466 0.013000 -0.018000
v -0.020674 0.013000 -0.016687
v -0.021278 0.013000 -0.015502
v -0.022218 0.013000 -0.014562
v -0.023403 0.013000 -0.013958
v -0.024716 0.013000 -0.013750
v -0.026029 0.013000 -0.013958
v -0.027214 0.013000 -0.014562
v -0.028154 0.013000 -0.015502
v -0.028758 0.013000 -0.016687
v -0.028966 0.013000 -0.018000
v -0.028758 0.013000 -0.019313
v -0.028154 0.013000 -0.020498
v -0.027214 0.013000 -0.021438
v -0.026029 0.013000 -0.022042
v -0.024716 0.013000 -0.022250
v -0.023403 0.013000 -0.022042
v -0.022218 0.013000 -0.021438
v -0.021278 0.013000 -0.020498
v -0.020674 0.013000 -0.019313
v -0.020466 0.018000 -0.018000
v -0.020674 0.018000 -0.019313
v -0.021278 0.018000 -0.020498
v -0.022218 0.018000 -0.021438
v -0.023403 0.018000 -0.022042
v -0.024716 0.018000 -0.022250
v -0.026029 0.018000 -0.022042
v -0.027214 0.018000 -0.021438
v -0.028154 0.018000 -0.020498
v -0.028758 0.018000 -0.019313
v -0.028966 0.018000 -0.018000
v -0.028758 0.018000 -0.016687
v -0.028154 0.018000 -0.015502
v -0.027214 0.018000 -0.014562
v -0.026029 0.018000 -0.013958
v -0.024716 0.018000 -0.013750
v -0.023403 0.018000 -0.013958
v -0.022218 0.018000 -0.014562
v -0.021278 0.018000 -0.015502
v -0.020674 0.018000 -0.016687
v 0.048000 0.000000 -0.013000
v 0.047802 0.000000 -0.013868
v 0.047247 0.000000 -0.014564
v 0.046445 0.000000 -0.014950
v 0.045555 0.000000 -0.014950
v 0.044753 0.000000 -0.014564
v 0.044198 0.000000 -0.013868
v 0.044000 0.000000 -0.013000
v 0.044198 0.000000 -0.012132
v 0.044753 0.000000 -0.011436
v 0.045555 0.000000 -0.011050
v 0.046445 0.000000 -0.011050
v 0.047247 0.000000 -0.011436
v 0.047802 0.000000 -0.012132
v 0.048000 0.010000 -0.013000
v 0.047802 0.010000 -0.012132
v 0.047247 0.010000 -0.011436
v 0.046445 0.010000 -0.011050
v 0.045555 0.010000 -0.011050
v 0.044753 0.010000 -0.011436
v 0.044198 0.010000 -0.012132
v 0.044000 0.010000 -0.013000
v 0.044198 0.010000 -0.013868
v 0.044753 0.010000 -0.014564
v 0.045555 0.010000 -0.014950
v 0.046445 0.010000 -0.014950
v 0.047247 0.010000 -0.014564
v 0.047802 0.010000 -0.013868
v -0.036931 0.001043 -0.023767
v -0.041377 0.001043 -0.023767
v -0.041465 0.001035 -0.023894
v -0.041649 0.000938 -0.024222
v -0.041756 0.000711 -0.024529
v -0.041799 0.000387 -0.024735
v -0.041808 -0.000000 -0.024809
v -0.036931 -0.000000 -0.024809
v -0.036931 0.000100 -0.024805
v -0.036931 0.000198 -0.024790
v -0.036931 0.000295 -0.024767
v -0.036931 0.000684 -0.024554
v -0.036931 0.000949 -0.024199
v -0.036931 -0.000000 -0.024767
v -0.036931 0.010000 -0.023767
v -0.041377 0.010000 -0.023767
v -0.014976 0.010000 0.014368
v -0.014976 0.016000 0.014368
v -0.041465 0.016000 -0.023894
v -0.041762 0.016000 -0.024552
v -0.041806 0.016000 -0.025272
v -0.041592 0.016000 -0.025961
v -0.041592 -0.000000 -0.025961
v -0.041740 -0.000000 -0.025594
v -0.041813 -0.000000 -0.025205
v -0.033831 0.010150 -0.027800
v -0.034746 0.009955 -0.027800
v -0.035503 0.009406 -0.027800
v -0.035970 0.008595 -0.027800
v -0.036068 0.007665 -0.027800
v -0.035779 0.006775 -0.027800
v -0.035153 0.006080 -0.027800
v -0.034298 0.005699 -0.027800
v -0.033363 0.005699 -0.027800
v -0.032508 0.006080 -0.027800
v -0.031882 0.006775 -0.027800
v -0.031593 0.007665 -0.027800
v -0.031691 0.008595 -0.027800
v -0.032159 0.009406 -0.027800
v -0.032915 0.009955 -0.027800
v -0.033831 0.010150 -0.029000
v -0.032915 0.009955 -0.029000
v -0.032159 0.009406 -0.029000
v -0.031691 0.008595 -0.029000
v -0.031593 0.007665 -0.029000
v -0.031882 0.006775 -0.029000
v -0.032508 0.006080 -0.029000
v -0.033363 0.005699 -0.029000
v -0.034298 0.005699 -0.029000
v -0.035153 0.006080 -0.029000
v -0.035779 0.006775 -0.029000
v -0.036068 0.007665 -0.029000
v -0.035970 0.008595 -0.029000
v -0.035503 0.009406 -0.029000
v -0.034746 0.009955 -0.029000
v -0.033831 0.009050 -0.027800
v -0.034406 0.008896 -0.027800
v -0.034827 0.008475 -0.027800
v -0.034981 0.007900 -0.027800
v -0.034827 0.007325 -0.027800
v -0.034406 0.006904 -0.027800
v -0.033831 0.006750 -0.027800
v -0.033256 0.006904 -0.027800
v -0.032835 0.007325 -0.027800
v -0.032681 0.007900 -0.027800
v -0.032835 0.008475 -0.027800
v -0.033256 0.008896 -0.027800
v 0.035394 0.008981 -0.027800
v 0.034479 0.008786 -0.027800
v 0.033722 0.008237 -0.027800
v 0.033254 0.007426 -0.027800
v 0.033156 0.006496 -0.027800
v 0.033445 0.005606 -0.027800
v 0.034071 0.004911 -0.027800
v 0.034926 0.004530 -0.027800
v 0.035862 0.004530 -0.027800
v 0.036716 0.004911 -0.027800
v 0.037343 0.005606 -0.027800
v 0.037632 0.006496 -0.027800
v 0.037534 0.007426 -0.027800
v 0.037066 0.008237 -0.027800
v 0.036309 0.008786 -0.027800
v 0.035394 0.008981 -0.029000
v 0.036309 0.008786 -0.029000
v 0.037066 0.008237 -0.029000
v 0.037534 0.007426 -0.029000
v 0.037632 0.006496 -0.029000
v 0.037343 0.005606 -0.029000
v 0.036716 0.004911 -0.029000
v 0.035862 0.004530 -0.029000
v 0.034926 0.004530 -0.029000
v 0.034071 0.004911 -0.029000
v 0.033445 0.005606 -0.029000
v 0.033156 0.006496 -0.029000
v 0.033254 0.007426 -0.029000
v 0.033722 0.008237 -0.029000
v 0.034479 0.008786 -0.029000
v 0.035394 0.007881 -0.027800
v 0.034819 0.007727 -0.027800
v 0.034398 0.007306 -0.027800
v 0.034244 0.006731 -0.027800
v 0.034398 0.006156 -0.027800
v 0.034819 0.005735 -0.027800
v 0.035394 0.005581 -0.027800
v 0.035969 0.005735 -0.027800
v 0.036390 0.006156 -0.027800
v 0.036544 0.006731 -0.027800
v 0.036390 0.007306 -0.027800
v 0.035969 0.007727 -0.027800
v 0.041969 0.010150 -0.027800
v 0.041054 0.009955 -0.027800
v 0.040297 0.009406 -0.027800
v 0.039830 0.008595 -0.027800
v 0.039732 0.007665 -0.027800
v 0.040021 0.006775 -0.027800
v 0.040647 0.006080 -0.027800
v 0.041502 0.005699 -0.027800
v 0.042437 0.005699 -0.027800
v 0.043292 0.006080 -0.027800
v 0.043918 0.006775 -0.027800
v 0.044207 0.007665 -0.027800
v 0.044109 0.008595 -0.027800
v 0.043641 0.009406 -0.027800
v 0.042885 0.009955 -0.027800
v 0.041969 0.010150 -0.029000
v 0.042885 0.009955 -0.029000
v 0.043641 0.009406 -0.029000
v 0.044109 0.008595 -0.029000
v 0.044207 0.007665 -0.029000
v 0.043918 0.006775 -0.029000
v 0.043292 0.006080 -0.029000
v 0.042437 0.005699 -0.029000
v 0.041502 0.005699 -0.029000
v 0.040647 0.006080 -0.029000
v 0.040021 0.006775 -0.029000
v 0.039732 0.007665 -0.029000
v 0.039830 0.008595 -0.029000
v 0.040297 0.009406 -0.029000
v 0.041054 0.009955 -0.029000
v 0.041969 0.009050 -0.027800
v 0.041394 0.008896 -0.027800
v 0.040973 0.008475 -0.027800
v 0.040819 0.007900 -0.027800
v 0.040973 0.007325 -0.027800
v 0.041394 0.006904 -0.027800
v 0.041969 0.006750 -0.027800
v 0.042544 0.006904 -0.027800
v 0.042965 0.007325 -0.027800
v 0.043119 0.007900 -0.027800
v 0.042965 0.008475 -0.027800
v 0.042544 0.008896 -0.027800
v 0.054007 0.001500 -0.005765
v 0.053884 0.001430 -0.007233
v 0.053717 0.001218 -0.008741
v 0.053520 0.000844 -0.010156
v 0.053414 0.000543 -0.010825
v 0.053366 0.000321 -0.011111
v 0.053347 0.000174 -0.011220
v 0.053339 0.000000 -0.011265
v 0.055391 0.000000 -0.006342
v 0.055206 0.000750 -0.006265
v 0.054699 0.001299 -0.006053
v 0.065284 0.000000 -0.019450
v 0.066059 0.000000 -0.019658
v 0.066626 0.000000 -0.020225
v 0.066834 0.000000 -0.021000
v 0.066626 0.000000 -0.021775
v 0.066059 0.000000 -0.022342
v 0.065284 0.000000 -0.022550
v 0.064509 0.000000 -0.022342
v 0.063942 0.000000 -0.021775
v 0.063734 0.000000 -0.021000
v 0.063942 0.000000 -0.020225
v 0.064509 0.000000 -0.019658
v 0.052420 0.000000 -0.015529
v 0.051161 0.000000 -0.019705
v 0.049569 0.000000 -0.023767
v 0.045069 0.000000 -0.023767
v 0.045069 0.000000 -0.024767
v 0.015983 0.000000 -0.024767
v 0.014849 0.000000 -0.029000
v 0.080000 0.000000 -0.029000
v 0.081098 0.000000 -0.028877
v 0.082140 0.000000 -0.028562
v 0.083000 0.000000 -0.027895
v 0.083567 0.000000 -0.026966
v 0.083764 0.000000 -0.025896
v 0.083764 0.000000 -0.020168
v 0.083635 0.000000 -0.019299
v 0.083260 0.000000 -0.018504
v 0.082671 0.000000 -0.017852
v 0.081918 0.000000 -0.017399
v 0.035394 0.005581 -0.023767
v 0.035969 0.005735 -0.023767
v 0.036390 0.006156 -0.023767
v 0.036544 0.006731 -0.023767
v 0.036390 0.007306 -0.023767
v 0.035969 0.007727 -0.023767
v 0.035394 0.007881 -0.023767
v 0.034819 0.007727 -0.023767
v 0.034398 0.007306 -0.023767
v 0.034244 0.006731 -0.023767
v 0.034398 0.006156 -0.023767
v 0.034819 0.005735 -0.023767
v 0.037528 0.008831 -0.024767
v 0.033328 0.008831 -0.024767
v 0.033328 0.008831 -0.023767
v 0.037528 0.008831 -0.023767
v 0.033328 0.004631 -0.024767
v 0.033328 0.004631 -0.023767
v 0.037528 0.004631 -0.024767
v 0.037528 0.004631 -0.023767
v 0.039869 0.005800 -0.024767
v 0.039869 0.010000 -0.024767
v 0.044069 0.010000 -0.024767
v 0.044069 0.005800 -0.024767
v 0.015983 0.004196 -0.024767
v 0.045069 0.011000 -0.024767
v -0.036931 0.011000 -0.024767
v 0.011768 0.000000 -0.024767
v 0.011768 0.004196 -0.024767
v -0.035931 0.010000 -0.024767
v -0.031731 0.010000 -0.024767
v -0.031731 0.005800 -0.024767
v -0.035931 0.005800 -0.024767
v 0.041969 0.006750 -0.023767
v 0.042544 0.006904 -0.023767
v 0.042965 0.007325 -0.023767
v 0.043119 0.007900 -0.023767
v 0.042965 0.008475 -0.023767
v 0.042544 0.008896 -0.023767
v 0.041969 0.009050 -0.023767
v 0.041394 0.008896 -0.023767
v 0.040973 0.008475 -0.023767
v 0.040819 0.007900 -0.023767
v 0.040973 0.007325 -0.023767
v 0.041394 0.006904 -0.023767
v 0.039869 0.005800 -0.023767
v 0.039869 0.010000 -0.023767
v 0.044069 0.005800 -0.023767
v 0.044069 0.010000 -0.023767
v -0.033831 0.006750 -0.023767
v -0.033256 0.006904 -0.023767
v -0.032835 0.007325 -0.023767
v -0.032681 0.007900 -0.023767
v -0.032835 0.008475 -0.023767
v -0.033256 0.008896 -0.023767
v -0.033831 0.009050 -0.023767
v -0.034406 0.008896 -0.023767
v -0.034827 0.008475 -0.023767
v -0.034981 0.007900 -0.023767
v -0.034827 0.007325 -0.023767
v -0.034406 0.006904 -0.023767
v -0.035931 0.010000 -0.023767
v -0.031731 0.010000 -0.023767
v -0.035931 0.005800 -0.023767
v -0.031731 0.005800 -0.023767
v 0.045069 0.010000 -0.020928
v -0.036931 0.010000 -0.020928
v -0.036931 0.011000 -0.021767
v 0.045069 0.011000 -0.021767
v 0.045069 0.010000 -0.023767
v 0.049569 0.010000 -0.023767
v -0.040562 -0.000000 -0.027928
v -0.040117 -0.000000 -0.028496
v -0.039500 -0.000000 -0.028870
v -0.038790 -0.000000 -0.029000
v -0.007702 -0.000000 -0.029000
v -0.007702 -0.000000 -0.028800
v 0.012849 0.000000 -0.028800
v 0.065284 0.013000 -0.019450
v 0.064509 0.013000 -0.019658
v 0.063942 0.013000 -0.020225
v 0.063734 0.013000 -0.021000
v 0.063942 0.013000 -0.021775
v 0.064509 0.013000 -0.022342
v 0.065284 0.013000 -0.022550
v 0.066059 0.013000 -0.022342
v 0.066626 0.013000 -0.021775
v 0.066834 0.013000 -0.021000
v 0.066626 0.013000 -0.020225
v 0.066059 0.013000 -0.019658
v -0.024716 0.013000 -0.016450
v -0.025491 0.013000 -0.016658
v -0.026058 0.013000 -0.017225
v -0.026266 0.013000 -0.018000
v -0.026058 0.013000 -0.018775
v -0.025491 0.013000 -0.019342
v -0.024716 0.013000 -0.019550
v -0.023941 0.013000 -0.019342
v -0.023374 0.013000 -0.018775
v -0.023166 0.013000 -0.018000
v -0.023374 0.013000 -0.017225
v -0.023941 0.013000 -0.016658
v -0.024716 0.010000 -0.016450
v -0.025491 0.010000 -0.016658
v -0.026058 0.010000 -0.017225
v -0.026266 0.010000 -0.018000
v -0.026058 0.010000 -0.018775
v -0.025491 0.010000 -0.019342
v -0.024716 0.010000 -0.019550
v -0.023941 0.010000 -0.019342
v -0.023374 0.010000 -0.018775
v -0.023166 0.010000 -0.018000
v -0.023374 0.010000 -0.017225
v -0.023941 0.010000 -0.016658
v -0.013332 0.018000 0.013229
v -0.039821 0.018000 -0.025033
v -0.012933 0.016000 0.015630
v -0.012651 0.018000 0.013650
v -0.012914 0.018000 0.013575
v -0.013147 0.018000 0.013431
v -0.014421 0.016000 0.014972
v -0.013722 0.016000 0.015404
v 0.018105 0.016000 0.020050
v 0.018387 0.018000 0.018070
v 0.020420 0.016000 0.019409
v 0.019159 0.018000 0.017856
v 0.018925 0.018000 0.017998
v 0.018661 0.018000 0.018072
v 0.018926 0.016000 0.020054
v 0.019718 0.016000 0.019834
v 0.048659 0.016000 -0.003536
v 0.047623 0.018000 -0.005270
v 0.081149 0.018000 -0.019245
v 0.081918 0.016000 -0.017399
v 0.083764 0.016000 -0.020168
v 0.081764 0.018000 -0.020168
v 0.081688 0.018000 -0.019786
v 0.081472 0.018000 -0.019462
v 0.082671 0.016000 -0.017852
v 0.083260 0.016000 -0.018504
v 0.083635 0.016000 -0.019299
v 0.083764 0.016000 -0.025896
v 0.081764 0.018000 -0.025896
v 0.081098 0.016000 -0.028877
v 0.080875 0.018000 -0.026889
v 0.081327 0.018000 -0.026722
v 0.081648 0.018000 -0.026363
v 0.083567 0.016000 -0.026966
v 0.083000 0.016000 -0.027895
v 0.082140 0.016000 -0.028562
v 0.080000 0.016000 -0.029000
v 0.079888 0.018000 -0.027000
v -0.038790 0.018000 -0.027000
v -0.038790 0.016000 -0.029000
v -0.040562 0.016000 -0.027928
v -0.039500 0.016000 -0.028870
v -0.040117 0.016000 -0.028496
v 0.014849 0.004196 -0.029000
v 0.010849 0.004196 -0.029000
v 0.009796 0.005919 -0.029000
v 0.008411 0.007388 -0.029000
v 0.006753 0.008540 -0.029000
v 0.004893 0.009326 -0.029000
v 0.002911 0.009712 -0.029000
v 0.000893 0.009681 -0.029000
v -0.001076 0.009236 -0.029000
v -0.002912 0.008395 -0.029000
v -0.004534 0.007193 -0.029000
v -0.005875 0.005683 -0.029000
v -0.006875 0.003930 -0.029000
v -0.007493 0.002008 -0.029000
v 0.048659 0.010000 -0.003536
v 0.054007 0.010000 -0.005765
v -0.014421 0.010000 0.014972
v -0.013722 0.010000 0.015404
v -0.012933 0.010000 0.015630
v 0.051257 0.010000 -0.019426
v 0.052565 0.010000 -0.014957
v 0.053484 0.010000 -0.010392
v 0.020420 0.010000 0.019409
v 0.019718 0.010000 0.019834
v 0.018926 0.010000 0.020054
v 0.018105 0.010000 0.020050
v 0.015000 0.010000 -0.000000
v 0.014795 0.010000 -0.002469
v 0.014187 0.010000 -0.004870
v 0.013192 0.010000 -0.007139
v 0.011837 0.010000 -0.009213
v 0.010159 0.010000 -0.011036
v 0.008204 0.010000 -0.012557
v 0.006025 0.010000 -0.013737
v 0.003682 0.010000 -0.014541
v 0.001239 0.010000 -0.014949
v -0.001239 0.010000 -0.014949
v -0.003682 0.010000 -0.014541
v -0.006025 0.010000 -0.013737
v -0.008204 0.010000 -0.012557
v -0.010159 0.010000 -0.011036
v -0.011837 0.010000 -0.009213
v -0.013192 0.010000 -0.007139
v -0.014187 0.010000 -0.004870
v -0.014795 0.010000 -0.002469
v -0.015000 0.010000 0.000000
v -0.014795 0.010000 0.002469
v -0.014187 0.010000 0.004870
v -0.013192 0.010000 0.007139
v -0.011837 0.010000 0.009213
v -0.010159 0.010000 0.011036
v -0.008204 0.010000 0.012557
v -0.006025 0.010000 0.013737
v -0.003682 0.010000 0.014541
v -0.001239 0.010000 0.014949
v 0.001239 0.010000 0.014949
v 0.003682 0.010000 0.014541
v 0.006025 0.010000 0.013737
v 0.008204 0.010000 0.012557
v 0.010159 0.010000 0.011036
v 0.011837 0.010000 0.009213
v 0.013192 0.010000 0.007139
v 0.014187 0.010000 0.004870
v 0.014795 0.010000 0.002469
v 0.012849 0.004196 -0.028800
v 0.010849 0.004196 -0.028800
v 0.009796 0.005919 -0.028800
v 0.008411 0.007388 -0.028800
v 0.006753 0.008540 -0.028800
v 0.004893 0.009326 -0.028800
v 0.002911 0.009712 -0.028800
v 0.000893 0.009681 -0.028800
v -0.001076 0.009236 -0.028800
v -0.002912 0.008395 -0.028800
v -0.004534 0.007193 -0.028800
v -0.005875 0.005683 -0.028800
v -0.006875 0.003930 -0.028800
v -0.007493 0.002008 -0.028800
v 0.005975 0.007000 -0.000000
v 0.005771 0.007000 -0.001546
v 0.005175 0.007000 -0.002987
v 0.004225 0.007000 -0.004225
v 0.002988 0.007000 -0.005175
v 0.001546 0.007000 -0.005771
v -0.000000 0.007000 -0.005975
v -0.001546 0.007000 -0.005771
v -0.002987 0.007000 -0.005175
v -0.004225 0.007000 -0.004225
v -0.005175 0.007000 -0.002987
v -0.005771 0.007000 -0.001546
v -0.005975 0.007000 0.000000
v -0.005771 0.007000 0.001546
v -0.005175 0.007000 0.002988
v -0.004225 0.007000 0.004225
v -0.002988 0.007000 0.005175
v -0.001546 0.007000 0.005771
v -0.000000 0.007000 0.005975
v 0.001546 0.007000 0.005771
v 0.002987 0.007000 0.005175
v 0.004225 0.007000 0.004225
v 0.005175 0.007000 0.002988
v 0.005771 0.007000 0.001546
v 0.005975 0.011000 -0.000000
v 0.005771 0.011000 0.001546
v 0.005175 0.011000 0.002988
v 0.004225 0.011000 0.004225
v 0.002988 0.011000 0.005175
v 0.001546 0.011000 0.005771
v -0.000000 0.011000 0.005975
v -0.001546 0.011000 0.005771
v -0.002987 0.011000 0.005175
v -0.004225 0.011000 0.004225
v -0.005175 0.011000 0.002988
v -0.005771 0.011000 0.001546
v -0.005975 0.011000 0.000000
v -0.005771 0.011000 -0.001546
v -0.005175 0.011000 -0.002987
v -0.004225 0.011000 -0.004225
v -0.002988 0.011000 -0.005175
v -0.001546 0.011000 -0.005771
v -0.000000 0.011000 -0.005975
v 0.001546 0.011000 -0.005771
v 0.002987 0.011000 -0.005175
v 0.004225 0.011000 -0.004225
v 0.005175 0.011000 -0.002987
v 0.005771 0.011000 -0.001546
v 0.008000 0.011000 -0.000000
v 0.007799 0.011000 -0.001780
v 0.007208 0.011000 -0.003471
v 0.006255 0.011000 -0.004988
v 0.004988 0.011000 -0.006255
v 0.003471 0.011000 -0.007208
v 0.001780 0.011000 -0.007799
v -0.000000 0.011000 -0.008000
v -0.001780 0.011000 -0.007799
v -0.003471 0.011000 -0.007208
v -0.004988 0.011000 -0.006255
v -0.006255 0.011000 -0.004988
v -0.007208 0.011000 -0.003471
v -0.007799 0.011000 -0.001780
v -0.008000 0.011000 0.000000
v -0.007799 0.011000 0.001780
v -0.007208 0.011000 0.003471
v -0.006255 0.011000 0.004988
v -0.004988 0.011000 0.006255
v -0.003471 0.011000 0.007208
v -0.001780 0.011000 0.007799
v -0.000000 0.011000 0.008000
v 0.001780 0.011000 0.007799
v 0.003471 0.011000 0.007208
v 0.004988 0.011000 0.006255
v 0.006255 0.011000 0.004988
v 0.007208 0.011000 0.003471
v 0.007799 0.011000 0.001780
v 0.008000 0.012000 -0.000000
v 0.007799 0.012000 0.001780
v 0.007208 0.012000 0.003471
v 0.006255 0.012000 0.004988
v 0.004988 0.012000 0.006255
v 0.003471 0.012000 0.007208
v 0.001780 0.012000 0.007799
v -0.000000 0.012000 0.008000
v -0.001780 0.012000 0.007799
v -0.003471 0.012000 0.007208
v -0.004988 0.012000 0.006255
v -0.006255 0.012000 0.004988
v -0.007208 0.012000 0.003471
v -0.007799 0.012000 0.001780
v -0.008000 0.012000 0.000000
v -0.007799 0.012000 -0.001780
v -0.007208 0.012000 -0.003471
v -0.006255 0.012000 -0.004988
v -0.004988 0.012000 -0.006255
v -0.003471 0.012000 -0.007208
v -0.001780 0.012000 -0.007799
v -0.000000 0.012000 -0.008000
v 0.001780 0.012000 -0.007799
v 0.003471 0.012000 -0.007208
v 0.004988 0.012000 -0.006255
v 0.006255 0.012000 -0.004988
v 0.007208 0.012000 -0.003471
v 0.007799 0.012000 -0.001780
v 0.015000 0.012000 -0.000000
v 0.014795 0.012000 -0.002469
v 0.014187 0.012000 -0.004870
v 0.013192 0.012000 -0.007139
v 0.011837 0.012000 -0.009213
v 0.010159 0.012000 -0.011036
v 0.008204 0.012000 -0.012557
v 0.006025 0.012000 -0.013737
v 0.003682 0.012000 -0.014541
v 0.001239 0.012000 -0.014949
v -0.001239 0.012000 -0.014949
v -0.003682 0.012000 -0.014541
v -0.006025 0.012000 -0.013737
v -0.008204 0.012000 -0.012557
v -0.010159 0.012000 -0.011036
v -0.011837 0.012000 -0.009213
v -0.013192 0.012000 -0.007139
v -0.014187 0.012000 -0.004870
v -0.014795 0.012000 -0.002469
v -0.015000 0.012000 0.000000
v -0.014795 0.012000 0.002469
v -0.014187 0.012000 0.004870
v -0.013192 0.012000 0.007139
v -0.011837 0.012000 0.009213
v -0.010159 0.012000 0.011036
v -0.008204 0.012000 0.012557
v -0.006025 0.012000 0.013737
v -0.003682 0.012000 0.014541
v -0.001239 0.012000 0.014949
v 0.001239 0.012000 0.014949
v 0.003682 0.012000 0.014541
v 0.006025 0.012000 0.013737
v 0.008204 0.012000 0.012557
v 0.010159 0.012000 0.011036
v 0.011837 0.012000 0.009213
v 0.013192 0.012000 0.007139
v 0.014187 0.012000 0.004870
v 0.014795 0.012000 0.002469
v 0.080000 0.000000 -0.040000
v -0.038790 -0.000000 -0.040000
v -0.038790 0.001827 -0.039908
v -0.038790 0.003615 -0.039520
v -0.038790 0.005315 -0.038846
v -0.038790 0.006884 -0.037905
v -0.038790 0.008279 -0.036721
v 0.080000 0.008279 -0.036721
v 0.080000 0.006884 -0.037905
v 0.080000 0.005315 -0.038846
v 0.080000 0.003615 -0.039520
v 0.080000 0.001827 -0.039908
v 0.000807 0.001827 -0.039908
v 0.040403 0.001827 -0.039908
v 0.000807 0.003615 -0.039520
v 0.040403 0.003615 -0.039520
v 0.000807 0.005315 -0.038846
v 0.040403 0.005315 -0.038846
v 0.000807 0.006884 -0.037905
v 0.040403 0.006884 -0.037905
v -0.038790 0.016000 -0.029000
v 0.080000 0.016000 -0.029000
v -0.038790 -0.008279 -0.036721
v -0.038790 -0.016000 -0.029000
v -0.038790 -0.001827 -0.039908
v -0.038790 -0.003615 -0.039520
v -0.038790 -0.005315 -0.038846
v -0.038790 -0.006884 -0.037905
v 0.080000 -0.016000 -0.029000
v 0.080000 -0.001827 -0.039908
v 0.080000 -0.003615 -0.039520
v 0.080000 -0.005315 -0.038846
v 0.080000 -0.006884 -0.037905
v 0.080000 -0.008279 -0.036721
v 0.040403 -0.001827 -0.039908
v 0.000807 -0.001827 -0.039908
v 0.040403 -0.003615 -0.039520
v 0.000807 -0.003615 -0.039520
v 0.040403 -0.005315 -0.038846
v 0.000807 -0.005315 -0.038846
v 0.040403 -0.006884 -0.037905
v 0.000807 -0.006884 -0.037905
vn 0.9010 -0.0000 0.4339
vn 1.0000 -0.0000 0.0001
vn 1.0000 -0.0000 -0.0001
vn 0.9010 -0.0000 -0.4339
vn 0.9009 -0.0000 -0.4339
vn 0.6235 -0.0000 -0.7818
vn 0.6235 -0.0000 -0.7819
vn 0.2226 -0.0000 -0.9749
vn 0.2225 -0.0000 -0.9749
vn -0.2225 -0.0000 -0.9749
vn -0.2226 -0.0000 -0.9749
vn -0.6235 -0.0000 -0.7818
vn -0.6235 -0.0000 -0.7819
vn -0.9009 -0.0000 -0.4339
vn -0.9010 -0.0000 -0.4339
vn -1.0000 -0.0000 -0.0001
vn -1.0000 -0.0000 0.0001
vn -0.9010 -0.0000 0.4339
vn -0.9009 -0.0000 0.4339
vn -0.6235 -0.0000 0.7818
vn -0.6235 -0.0000 0.7819
vn -0.2226 -0.0000 0.9749
vn -0.2225 -0.0000 0.9749
vn 0.2225 -0.0000 0.9749
vn 0.2226 -0.0000 0.9749
vn 0.6235 -0.0000 0.7819
vn 0.6235 -0.0000 0.7818
vn 0.9009 -0.0000 0.4339
vn -0.0000 1.0000 -0.0000
vn -0.0000 0.9925 0.1222
vn -0.0000 1.0000 0.0001
vn -0.0000 0.9099 0.4149
vn -0.0000 0.8995 0.4370
vn -0.0000 0.8994 0.4371
vn -0.0010 0.9098 0.4150
vn -0.0000 0.6557 0.7550
vn -0.0000 0.6824 0.7310
vn -0.0000 0.6556 0.7551
vn -0.0000 0.3709 0.9287
vn -0.0000 0.2833 0.9590
vn -0.0000 0.3708 0.9287
vn -0.0000 0.2832 0.9591
vn -0.0000 0.1903 0.9817
vn -0.0000 -0.0000 1.0000
vn -0.0000 0.1902 0.9817
vn -0.0000 0.0956 0.9954
vn -0.0000 0.0955 0.9954
vn -1.0000 -0.0000 -0.0000
vn -1.0000 -0.0001 -0.0000
vn -0.8223 -0.0000 0.5691
vn -0.8221 -0.0000 0.5693
vn -0.8222 -0.0000 0.5692
vn -0.9143 -0.0000 0.4051
vn -0.9707 -0.0000 0.2405
vn -0.9678 -0.0000 0.2519
vn -0.9707 -0.0000 0.2404
vn -0.9889 -0.0000 0.1488
vn -0.9938 -0.0000 0.1116
vn -0.9928 -0.0000 -0.1196
vn -0.9963 -0.0000 -0.0862
vn -0.9963 -0.0000 -0.0863
vn -0.9598 -0.0000 -0.2806
vn -0.8858 -0.0000 -0.4641
vn -0.9598 -0.0000 -0.2807
vn -0.9928 -0.0000 -0.1197
vn -0.4067 0.9136 -0.0000
vn 0.0001 1.0000 -0.0000
vn 0.4067 0.9136 -0.0000
vn 0.4068 0.9135 -0.0000
vn 0.7431 0.6692 -0.0000
vn 0.7432 0.6691 -0.0000
vn 0.9510 0.3091 -0.0000
vn 0.9511 0.3090 -0.0000
vn 0.9945 -0.1045 -0.0000
vn 0.9945 -0.1046 -0.0000
vn 0.8660 -0.5000 -0.0000
vn 0.5878 -0.8090 -0.0000
vn 0.5877 -0.8091 -0.0000
vn 0.2079 -0.9781 -0.0000
vn 0.2079 -0.9782 -0.0000
vn -0.2079 -0.9782 -0.0000
vn -0.2079 -0.9781 -0.0000
vn -0.5877 -0.8091 -0.0000
vn -0.5878 -0.8090 -0.0000
vn -0.8660 -0.5000 -0.0000
vn -0.9945 -0.1046 -0.0000
vn -0.9945 -0.1045 -0.0000
vn -0.9511 0.3090 -0.0000
vn -0.9510 0.3090 -0.0000
vn -0.7432 0.6691 -0.0000
vn -0.7431 0.6692 -0.0000
vn -0.4068 0.9135 -0.0000
vn -0.0000 -0.0000 -1.0000
vn -0.0001 1.0000 -0.0000
vn -0.5877 -0.8090 -0.0000
vn 0.5877 -0.8090 -0.0000
vn -0.9230 -0.0000 0.3847
vn -0.9168 0.1158 0.3822
vn -0.9230 -0.0000 0.3848
vn -0.9016 0.2141 0.3758
vn -0.8606 0.3616 0.3587
vn -0.9230 0.0001 0.3848
vn -0.7994 0.4999 0.3332
vn -0.7994 0.5000 0.3332
vn -0.8605 0.3617 0.3587
vn -0.7631 0.5626 0.3181
vn -0.7630 0.5627 0.3181
vn -0.5392 0.8116 0.2248
vn -0.7993 0.5001 0.3332
vn -0.5392 0.8116 0.2247
vn -0.4616 0.8660 0.1924
vn -0.4615 0.8660 0.1924
vn -0.2780 0.9536 0.1159
vn -0.4615 0.8661 0.1924
vn 0.5000 0.8660 -0.0000
vn -0.5000 0.8660 -0.0000
vn -0.8660 0.5001 -0.0000
vn -0.8660 0.5000 -0.0000
vn -0.5001 0.8660 -0.0000
vn -0.8661 0.4999 -0.0000
vn -0.8661 -0.4999 -0.0000
vn -0.5000 -0.8660 -0.0000
vn -0.8660 -0.5001 -0.0000
vn -0.0000 -1.0000 -0.0000
vn 0.5000 -0.8660 -0.0000
vn 0.5001 -0.8660 -0.0000
vn 1.0000 -0.0000 -0.0000
vn 0.8661 -0.4999 -0.0000
vn 0.8661 0.4999 -0.0000
vn 0.8660 0.5000 -0.0000
vn 0.8660 -0.5001 -0.0000
vn 0.5001 0.8660 -0.0000
vn 0.8660 0.5001 -0.0000
vn -0.0000 0.6427 -0.7661
vn -0.3612 -0.0000 0.9325
vn -0.0001 -0.0000 1.0000
vn 0.3612 -0.0000 0.9325
vn 0.3613 -0.0000 0.9325
vn 0.6737 -0.0000 0.7390
vn -0.3613 -0.0000 0.9325
vn -0.6737 -0.0000 0.7390
vn -0.8951 -0.0000 0.4458
vn -0.8952 -0.0000 0.4457
vn -0.9957 -0.0000 0.0923
vn -0.9957 -0.0000 0.0922
vn -0.9618 -0.0000 -0.2736
vn -0.9618 -0.0000 -0.2737
vn -0.7980 -0.0000 -0.6026
vn -0.7980 -0.0000 -0.6027
vn -0.5264 -0.0000 -0.8502
vn -0.1838 -0.0000 -0.9830
vn -0.1837 -0.0000 -0.9830
vn 0.1837 -0.0000 -0.9830
vn 0.1838 -0.0000 -0.9830
vn 0.5264 -0.0000 -0.8502
vn 0.5265 -0.0000 -0.8502
vn 0.7980 -0.0000 -0.6027
vn 0.7980 -0.0000 -0.6026
vn 0.9618 -0.0000 -0.2737
vn 0.9618 -0.0000 -0.2736
vn 0.9957 -0.0000 0.0922
vn 0.9957 -0.0000 0.0923
vn 0.8952 -0.0000 0.4457
vn 0.8952 -0.0000 0.4458
vn 0.5000 -0.0000 -0.8660
vn -0.5000 -0.0000 -0.8660
vn -0.5001 -0.0000 -0.8660
vn -0.8660 -0.0000 -0.5000
vn -0.8660 -0.0000 0.5000
vn -0.5001 -0.0000 0.8660
vn -0.5000 -0.0000 0.8660
vn 0.5000 -0.0000 0.8660
vn 0.5001 -0.0000 0.8660
vn 0.8660 -0.0000 0.5000
vn 0.8660 -0.0000 -0.5000
vn 0.5001 -0.0000 -0.8660
vn 0.8951 -0.0000 0.4458
vn -0.8660 -0.0000 -0.5001
vn 0.8660 -0.0000 -0.5001
vn -0.5814 -0.7071 0.4025
vn -0.0997 -0.7071 0.7000
vn -0.2858 -0.7071 0.6468
vn -0.4504 -0.7071 0.5451
vn -0.4505 -0.7071 0.5450
vn -0.4505 -0.7071 0.5451
vn 0.4459 -0.7071 0.5488
vn 0.2804 -0.7071 0.6491
vn 0.2803 -0.7071 0.6492
vn 0.0939 -0.7071 0.7009
vn 0.0939 -0.7071 0.7008
vn 0.2804 -0.7071 0.6492
vn 0.0938 -0.7071 0.7008
vn 0.0938 -0.7071 0.7009
vn 0.4458 -0.7073 0.5487
vn 0.4458 -0.7072 0.5487
vn 0.2721 -0.7071 0.6527
vn 0.2721 -0.7070 0.6528
vn 0.7071 -0.7071 -0.0000
vn 0.6768 -0.7071 0.2049
vn 0.6535 -0.7071 0.2701
vn 0.5884 -0.7071 0.3922
vn 0.6535 -0.7071 0.2702
vn 0.5007 -0.7071 0.4992
vn 0.5007 -0.7071 0.4993
vn 0.4495 -0.7071 0.5459
vn 0.0787 -0.7071 -0.7027
vn 0.3242 -0.7071 -0.6284
vn 0.3980 -0.7071 -0.5844
vn 0.3981 -0.7071 -0.5844
vn 0.3243 -0.7071 -0.6284
vn 0.5271 -0.7071 -0.4714
vn 0.6251 -0.7071 -0.3306
vn 0.6251 -0.7071 -0.3305
vn 0.5271 -0.7071 -0.4713
vn 0.6606 -0.7071 -0.2523
vn 0.0787 -0.7072 -0.7026
vn 0.0785 -0.7071 -0.7027
vn -0.0000 -0.7071 -0.7071
vn -0.6264 -0.7070 -0.3283
vn -0.6263 -0.7071 -0.3283
vn -0.6263 -0.7071 -0.3282
vn -0.4692 -0.7071 -0.5290
vn -0.4691 -0.7071 -0.5290
vn -0.4691 -0.7071 -0.5291
vn -0.2509 -0.7071 -0.6611
vn -0.6864 -0.7071 0.1700
vn -0.7020 -0.7071 -0.0845
vn -0.7020 -0.7071 -0.0846
vn -0.6264 -0.7071 -0.3281
vn 0.3848 -0.0000 0.9230
vn 0.6357 -0.0000 0.7720
vn 0.6357 -0.0000 0.7719
vn 0.8321 -0.0000 0.5547
vn 0.8321 -0.0000 0.5546
vn 0.9571 -0.0001 0.2898
vn 0.9571 -0.0000 0.2898
vn 0.9571 -0.0000 0.2897
vn 0.9342 -0.0000 -0.3567
vn 1.0000 0.0001 -0.0001
vn 0.9342 -0.0000 -0.3568
vn 0.7455 -0.0000 -0.6666
vn 0.7454 -0.0000 -0.6666
vn 0.4586 -0.0000 -0.8886
vn 0.4585 -0.0000 -0.8887
vn 0.1114 -0.0000 -0.9938
vn 0.1113 -0.0000 -0.9938
vn -0.3548 -0.0001 -0.9349
vn -0.3548 -0.0000 -0.9350
vn -0.3549 -0.0000 -0.9349
vn -0.6635 -0.0000 -0.7482
vn -0.8857 -0.0000 -0.4642
vn -0.8857 -0.0000 -0.4643
vn 0.3847 -0.0001 0.9230
vn 0.3847 -0.0000 0.9230
vn 0.3849 -0.0000 0.9230
vn -0.6371 -0.0000 0.7708
vn -0.6370 -0.0000 0.7708
vn -0.4042 -0.0000 0.9147
vn -0.4041 -0.0000 0.9147
vn -0.1410 -0.0000 0.9900
vn 0.1327 -0.0000 0.9912
vn 0.1328 -0.0000 0.9911
vn 0.3965 -0.0000 0.9180
vn 0.3966 -0.0000 0.9180
vn 0.6306 -0.0000 0.7761
vn 0.6305 -0.0000 0.7761
vn 0.3966 0.0001 0.9180
vn -0.9659 -0.0000 0.2588
vn 0.9659 -0.0000 0.2589
vn -0.9026 0.4304 -0.0000
vn -0.7947 0.6070 -0.0000
vn -0.6526 0.7577 -0.0000
vn -0.7946 0.6071 -0.0000
vn -0.4826 0.8759 -0.0000
vn -0.4825 0.8759 -0.0000
vn -0.2919 0.9565 -0.0000
vn -0.2918 0.9565 -0.0000
vn -0.0886 0.9961 -0.0000
vn 0.1184 0.9930 -0.0000
vn 0.1185 0.9930 -0.0000
vn 0.3204 0.9473 -0.0000
vn 0.5086 0.8610 -0.0000
vn 0.5087 0.8610 -0.0000
vn 0.6750 0.7378 -0.0000
vn 0.6751 0.7378 -0.0000
vn 0.8125 0.5829 -0.0000
vn 0.8125 0.5830 -0.0000
vn 0.9152 0.4031 -0.0000
vn 0.9152 0.4030 -0.0000
vn 0.9786 0.2060 -0.0000
vn 0.9786 0.2059 -0.0000
vn -0.9976 -0.0000 0.0695
vn -0.9953 -0.0000 0.0967
vn -0.9976 -0.0000 0.0696
vn -0.9922 -0.0000 0.1245
vn -0.9879 -0.0000 0.1550
vn -0.9886 -0.0000 0.1506
vn -0.9866 -0.0000 0.1630
vn -0.9857 -0.0000 0.1684
vn -0.9857 -0.0000 0.1683
vn -0.9854 -0.0000 0.1703
vn -0.9852 -0.0000 0.1712
vn -0.9852 -0.0000 0.1711
vn -0.9709 -0.0000 0.2393
vn -0.9683 -0.0000 0.2499
vn -0.9468 -0.0000 0.3219
vn -0.9450 -0.0000 0.3270
vn -0.9450 -0.0000 0.3271
vn -0.9156 -0.0000 0.4020
vn 0.9659 -0.0000 0.2588
vn 0.9659 -0.0000 -0.2588
vn 0.7071 -0.0000 -0.7071
vn 0.2589 -0.0000 -0.9659
vn 0.2588 -0.0000 -0.9659
vn 0.2588 0.0001 -0.9659
vn -0.2588 -0.0000 -0.9659
vn -0.7071 -0.0000 -0.7071
vn -0.9659 -0.0000 -0.2588
vn -0.8660 -0.0001 0.5000
vn -0.7071 -0.0000 0.7071
vn -0.2588 -0.0000 0.9659
vn -0.2588 0.0001 0.9659
vn 0.2588 -0.0000 0.9659
vn 0.2589 -0.0000 0.9659
vn 0.5000 -0.0001 0.8660
vn 0.7071 -0.0000 0.7071
vn 0.9749 -0.0000 0.2225
vn 0.9749 -0.0000 -0.2225
vn 0.9749 -0.0000 -0.2226
vn 0.7818 -0.0000 -0.6235
vn 0.4339 -0.0000 -0.9010
vn -0.4339 -0.0000 -0.9010
vn -0.7818 -0.0000 -0.6235
vn -0.9749 -0.0000 -0.2226
vn -0.9749 -0.0000 -0.2225
vn -0.9749 -0.0000 0.2225
vn -0.9749 -0.0000 0.2226
vn -0.7818 -0.0000 0.6235
vn -0.4339 -0.0000 0.9010
vn 0.4339 -0.0000 0.9010
vn 0.7818 -0.0000 0.6235
vn 0.9749 -0.0000 0.2226
vn -0.9864 -0.0000 -0.1646
vn -0.9864 -0.0000 0.1646
vn -0.9458 -0.0000 0.3247
vn -0.8795 -0.0000 0.4759
vn -0.8795 -0.0000 0.4760
vn -0.7892 -0.0000 0.6142
vn -0.7891 -0.0000 0.6142
vn -0.6773 -0.0000 0.7357
vn -0.6773 -0.0000 0.7358
vn -0.5470 -0.0000 0.8372
vn -0.5469 -0.0000 0.8372
vn -0.4017 -0.0000 0.9158
vn -0.2455 -0.0000 0.9694
vn -0.2454 -0.0000 0.9694
vn -0.0826 -0.0000 0.9966
vn 0.0826 -0.0000 0.9966
vn 0.2454 -0.0000 0.9694
vn 0.2455 -0.0000 0.9694
vn 0.4017 -0.0000 0.9158
vn 0.5469 -0.0000 0.8372
vn 0.5470 -0.0000 0.8372
vn 0.6773 -0.0000 0.7358
vn 0.6773 -0.0000 0.7357
vn 0.7891 -0.0000 0.6142
vn 0.7892 -0.0000 0.6142
vn 0.8795 -0.0000 0.4760
vn 0.8795 -0.0000 0.4759
vn 0.9458 -0.0000 0.3247
vn 0.9864 -0.0000 0.1646
vn 0.9864 -0.0000 -0.1646
vn 0.9458 -0.0000 -0.3247
vn 0.8795 -0.0000 -0.4759
vn 0.8795 -0.0000 -0.4760
vn 0.7892 -0.0000 -0.6142
vn 0.7891 -0.0000 -0.6142
vn 0.6773 -0.0000 -0.7357
vn 0.6773 -0.0000 -0.7358
vn 0.5470 -0.0000 -0.8372
vn 0.5469 -0.0000 -0.8372
vn 0.4017 -0.0000 -0.9158
vn 0.2455 -0.0000 -0.9694
vn 0.2454 -0.0000 -0.9694
vn 0.0826 -0.0000 -0.9966
vn -0.0826 -0.0000 -0.9966
vn -0.2454 -0.0000 -0.9694
vn -0.2455 -0.0000 -0.9694
vn -0.4017 -0.0000 -0.9158
vn -0.5469 -0.0000 -0.8372
vn -0.5470 -0.0000 -0.8372
vn -0.6773 -0.0000 -0.7358
vn -0.6773 -0.0000 -0.7357
vn -0.7891 -0.0000 -0.6142
vn -0.7892 -0.0000 -0.6142
vn -0.8795 -0.0000 -0.4760
vn -0.8795 -0.0000 -0.4759
vn -0.9458 -0.0000 -0.3247
vn -0.9511 -0.0000 -0.3090
vn -0.9511 -0.0000 0.3090
vn -0.9510 -0.0000 0.3090
vn -0.8090 -0.0000 0.5878
vn -0.5878 -0.0000 0.8090
vn -0.3090 -0.0000 0.9510
vn -0.3090 -0.0000 0.9511
vn 0.3090 -0.0000 0.9511
vn 0.3090 -0.0000 0.9510
vn 0.5878 -0.0000 0.8090
vn 0.8090 -0.0000 0.5878
vn 0.9510 -0.0000 0.3090
vn 0.9511 -0.0000 0.3090
vn 0.9511 -0.0000 -0.3090
vn 0.9510 -0.0000 -0.3090
vn 0.8090 -0.0000 -0.5878
vn 0.5878 -0.0000 -0.8090
vn 0.3090 -0.0000 -0.9510
vn 0.3090 -0.0000 -0.9511
vn -0.3090 -0.0000 -0.9511
vn -0.3090 -0.0000 -0.9510
vn -0.5878 -0.0000 -0.8090
vn -0.8090 -0.0000 -0.5878
vn -0.9510 -0.0000 -0.3090
vn -0.0000 -0.9925 0.1222
vn -0.0000 -1.0000 0.0001
vn -0.0000 -0.9099 0.4149
vn -0.0000 -0.8995 0.4370
vn -0.0000 -0.9098 0.4150
vn -0.0000 -0.8994 0.4371
vn -0.0000 -0.6824 0.7310
vn -0.0014 -0.6557 0.7550
vn -0.0000 -0.6556 0.7551
vn -0.0000 -0.3709 0.9287
vn -0.0000 -0.2833 0.9590
vn -0.0000 -0.2832 0.9591
vn -0.0000 -0.3708 0.9287
vn -0.0000 -0.1903 0.9817
vn -0.0006 -0.3708 0.9287
vn -0.0000 -0.1902 0.9817
vn -0.0000 -0.0956 0.9954
vn -0.0000 -0.0955 0.9954
vn -0.8222 -0.0000 0.5693
vn 0.4067 -0.9136 -0.0000
vn 0.0001 -1.0000 -0.0000
vn -0.4067 -0.9136 -0.0000
vn -0.4068 -0.9135 -0.0000
vn -0.7431 -0.6692 -0.0000
vn -0.7432 -0.6691 -0.0000
vn -0.9511 -0.3090 -0.0000
vn -0.9510 -0.3090 -0.0000
vn -0.9945 0.1045 -0.0000
vn -0.9945 0.1046 -0.0000
vn -0.5878 0.8090 -0.0000
vn -0.5877 0.8090 -0.0000
vn -0.2079 0.9781 -0.0000
vn -0.5877 0.8091 -0.0000
vn -0.2079 0.9782 -0.0000
vn 0.2079 0.9782 -0.0000
vn 0.2079 0.9781 -0.0000
vn 0.5877 0.8091 -0.0000
vn 0.5878 0.8090 -0.0000
vn 0.9945 0.1046 -0.0000
vn 0.9945 0.1045 -0.0000
vn 0.9511 -0.3090 -0.0000
vn 0.9510 -0.3091 -0.0000
vn 0.7432 -0.6691 -0.0000
vn 0.7431 -0.6692 -0.0000
vn 0.4068 -0.9135 -0.0000
vn -0.0001 -1.0000 -0.0000
vn 0.9510 -0.3090 -0.0000
vn -0.2780 -0.9536 0.1159
vn -0.4615 -0.8661 0.1923
vn -0.4615 -0.8660 0.1924
vn -0.5392 -0.8116 0.2247
vn -0.4616 -0.8660 0.1924
vn -0.5392 -0.8116 0.2248
vn -0.7993 -0.5001 0.3332
vn -0.7994 -0.5000 0.3332
vn -0.7630 -0.5627 0.3181
vn -0.7631 -0.5626 0.3181
vn -0.8606 -0.3617 0.3587
vn -0.7994 -0.4999 0.3332
vn -0.8606 -0.3616 0.3587
vn -0.9230 -0.0001 0.3847
vn -0.9016 -0.2141 0.3758
vn -0.9168 -0.1158 0.3822
vn -0.0000 -0.6427 -0.7661
vn -0.5814 0.7071 0.4025
vn -0.0997 0.7071 0.7000
vn -0.2858 0.7071 0.6468
vn -0.4504 0.7071 0.5451
vn -0.4505 0.7071 0.5450
vn -0.4505 0.7071 0.5451
vn 0.4459 0.7071 0.5488
vn 0.2804 0.7071 0.6491
vn 0.2803 0.7071 0.6492
vn 0.0939 0.7071 0.7009
vn 0.0939 0.7071 0.7008
vn 0.0938 0.7071 0.7009
vn 0.4458 0.7073 0.5487
vn 0.4458 0.7072 0.5487
vn 0.2721 0.7071 0.6527
vn 0.2720 0.7072 0.6526
vn 0.7071 0.7071 -0.0000
vn 0.6768 0.7071 0.2049
vn 0.6535 0.7071 0.2701
vn 0.5884 0.7071 0.3922
vn 0.6535 0.7071 0.2702
vn 0.5007 0.7071 0.4992
vn 0.5007 0.7071 0.4993
vn 0.4495 0.7071 0.5459
vn 0.0787 0.7071 -0.7027
vn 0.3242 0.7071 -0.6284
vn 0.3980 0.7071 -0.5844
vn 0.3243 0.7071 -0.6284
vn 0.3981 0.7071 -0.5844
vn 0.5271 0.7071 -0.4714
vn 0.5271 0.7071 -0.4713
vn 0.6251 0.7071 -0.3306
vn 0.6251 0.7071 -0.3305
vn 0.6606 0.7071 -0.2523
vn 0.0787 0.7072 -0.7026
vn 0.0790 0.7071 -0.7027
vn -0.0000 0.7071 -0.7071
vn -0.6264 0.7070 -0.3283
vn -0.6264 0.7072 -0.3280
vn -0.6263 0.7071 -0.3282
vn -0.4692 0.7071 -0.5290
vn -0.2509 0.7071 -0.6611
vn -0.4691 0.7071 -0.5291
vn -0.6864 0.7071 0.1700
vn -0.6264 0.7071 -0.3281
vn -0.7020 0.7071 -0.0846
vn -0.7020 0.7071 -0.0845
vn 0.3847 0.0001 0.9230
vn 0.9786 -0.2059 -0.0000
vn 0.9786 -0.2060 -0.0000
vn 0.9152 -0.4030 -0.0000
vn 0.9152 -0.4031 -0.0000
vn 0.8125 -0.5829 -0.0000
vn 0.8125 -0.5830 -0.0000
vn 0.6751 -0.7378 -0.0000
vn 0.6751 -0.7377 -0.0000
vn 0.6750 -0.7378 -0.0000
vn 0.5087 -0.8610 -0.0000
vn 0.5086 -0.8610 -0.0000
vn 0.3204 -0.9473 -0.0000
vn 0.1185 -0.9930 -0.0000
vn 0.1184 -0.9930 -0.0000
vn -0.0885 -0.9961 -0.0000
vn -0.0886 -0.9961 -0.0000
vn -0.2918 -0.9565 -0.0000
vn -0.2919 -0.9565 -0.0000
vn -0.4825 -0.8759 -0.0000
vn -0.4826 -0.8759 -0.0000
vn -0.6526 -0.7577 -0.0000
vn -0.7947 -0.6070 -0.0000
vn -0.7946 -0.6071 -0.0000
vn -0.9026 -0.4304 -0.0000
vn 0.8660 0.0001 0.5000
vn 0.2588 -0.0001 0.9659
vn -0.2589 -0.0000 0.9659
vn -0.9659 -0.0000 -0.2589
vn -0.2589 -0.0000 -0.9659
vn -0.2588 -0.0001 -0.9659
vn 0.8660 0.0001 -0.5000
vn 0.9659 -0.0000 -0.2589
vn -0.0000 0.1317 -0.9913
vn -0.0000 -0.0312 -0.9995
vn -0.0000 0.1318 -0.9913
vn -0.0000 0.2911 -0.9567
vn -0.0000 0.2912 -0.9567
vn -0.0000 0.4428 -0.8966
vn -0.0000 0.4429 -0.8966
vn -0.0000 0.5827 -0.8127
vn -0.0000 -0.1317 -0.9913
vn -0.0000 0.0312 -0.9995
vn -0.0000 -0.1318 -0.9913
vn -0.0000 -0.2911 -0.9567
vn -0.0000 -0.2912 -0.9567
vn -0.0000 -0.4428 -0.8966
vn -0.0000 -0.4429 -0.8966
vn -0.0000 -0.5827 -0.8127
vt -1.000000 0.538559
vt -0.000000 0.538559
vt -1.000000 0.628319
vt -0.000000 0.628319
vt -1.000000 -0.628319
vt -0.000000 -0.628319
vt -1.000000 -0.538559
vt -0.000000 -0.538559
vt -1.000000 -0.448799
vt -0.000000 -0.448799
vt -1.000000 -0.359039
vt -0.000000 -0.359039
vt -1.000000 -0.269279
vt -0.000000 -0.269279
vt -1.000000 -0.179520
vt -0.000000 -0.179520
vt -1.000000 -0.089760
vt -0.000000 -0.089760
vt -1.000000 0.000000
vt -0.000000 0.000000
vt -1.000000 0.089760
vt -0.000000 0.089760
vt -1.000000 0.179520
vt -0.000000 0.179520
vt -1.000000 0.269279
vt -0.000000 0.269279
vt -1.000000 0.359039
vt -0.000000 0.359039
vt -1.000000 0.448799
vt -0.000000 0.448799
vt -0.180194 -0.086777
vt 0.180194 -0.086777
vt -0.200000 0.000000
vt 0.200000 0.000000
vt -0.180194 0.086777
vt 0.180194 0.086777
vt -0.124698 0.156366
vt 0.124698 0.156366
vt -0.044504 0.194986
vt 0.044504 0.194986
vt 0.124698 -0.156366
vt -0.124698 -0.156366
vt 0.044504 -0.194986
vt -0.044504 -0.194986
vt 0.444638 -0.327570
vt 0.000000 -0.327570
vt 0.453460 -0.340345
vt 0.000000 -0.372185
vt 0.471870 -0.374729
vt -0.000000 -0.416801
vt 0.482571 -0.413047
vt 0.486794 -0.451740
vt 0.000000 -0.461416
vt 0.000000 -0.471396
vt 0.487773 -0.491355
vt 0.000000 -0.481375
vt 0.000000 -0.491355
vt 0.029529 -0.100000
vt -0.000000 -0.100000
vt 0.019838 -0.102364
vt 0.009964 -0.103792
vt -0.000000 -0.104269
vt 0.444638 0.895731
vt 0.000000 0.895731
vt 0.444638 0.000000
vt 0.636498 1.695731
vt 0.620999 1.696513
vt 0.636498 0.800000
vt 0.620999 0.200000
vt 5.274629 0.200000
vt 5.274629 0.800000
vt -1.696513 0.108817
vt -1.706222 0.071128
vt -0.200000 0.108817
vt -0.200000 0.036272
vt -1.728862 0.038637
vt -1.761335 0.017580
vt -1.800000 0.010070
vt -0.200000 -0.036272
vt -1.800000 -0.029559
vt -1.800000 -0.069188
vt -1.800000 -0.108817
vt -0.200000 -0.108817
vt 0.120000 -0.612611
vt -0.000000 -0.612611
vt 0.120000 -0.706858
vt 0.000000 -0.706858
vt 0.120000 0.706858
vt 0.000000 0.706858
vt 0.120000 0.612611
vt -0.000000 0.612611
vt 0.120000 0.518363
vt -0.000000 0.518363
vt 0.120000 0.424115
vt -0.000000 0.424115
vt 0.120000 0.329867
vt -0.000000 0.329867
vt 0.120000 0.235619
vt -0.000000 0.235619
vt 0.120000 0.141372
vt -0.000000 0.141372
vt 0.120000 0.047124
vt -0.000000 0.047124
vt 0.120000 -0.047124
vt -0.000000 -0.047124
vt 0.120000 -0.141372
vt -0.000000 -0.141372
vt 0.120000 -0.235619
vt -0.000000 -0.235619
vt 0.120000 -0.329867
vt -0.000000 -0.329867
vt 0.120000 -0.424115
vt -0.000000 -0.424115
vt 0.120000 -0.518363
vt -0.000000 -0.518363
vt -0.099593 0.057500
vt -0.205548 0.091516
vt -0.115000 0.000000
vt -0.225000 0.000000
vt -0.205548 -0.091516
vt -0.150554 0.167208
vt -0.057500 0.099593
vt -0.069529 0.213988
vt 0.000000 0.115000
vt 0.023519 0.223767
vt 0.057500 0.099593
vt 0.112500 0.194856
vt 0.182029 0.132252
vt 0.099593 0.057500
vt 0.220083 0.046780
vt 0.115000 0.000000
vt 0.220083 -0.046780
vt 0.099593 -0.057500
vt 0.182029 -0.132252
vt 0.057500 -0.099593
vt 0.112500 -0.194856
vt 0.023519 -0.223767
vt 0.000000 -0.115000
vt -0.069529 -0.213988
vt -0.057500 -0.099593
vt -0.150554 -0.167208
vt -0.099593 -0.057500
vt 0.533396 0.235619
vt 0.528951 0.253033
vt 0.518158 0.267983
vt 0.489854 0.291123
vt 0.000000 0.314159
vt 0.424051 0.325258
vt 0.285853 0.377660
vt 0.000000 0.392699
vt 0.140258 0.425346
vt -0.000000 0.471239
vt -4.512697 -0.227529
vt -3.303820 0.185310
vt -4.590197 -0.206763
vt -6.253621 -0.001658
vt -4.667697 -0.227529
vt -6.328903 -0.046980
vt -6.387824 -0.112172
vt -3.177887 -0.232312
vt -4.455963 -0.284263
vt -4.435197 -0.361763
vt -4.455963 -0.439263
vt -3.018741 -0.638440
vt -4.512697 -0.495997
vt -4.590197 -0.516763
vt -4.667697 -0.495997
vt -6.438198 -0.851331
vt -6.418455 -0.958364
vt -6.061802 -1.161763
vt -6.361824 -1.051310
vt -6.275759 -1.117934
vt -4.724431 -0.439263
vt -6.438198 -0.278565
vt -4.745197 -0.361763
vt -4.724431 -0.284263
vt -6.425328 -0.191640
vt -3.600944 1.104052
vt -3.395724 0.611714
vt -6.171589 -1.149467
vt 0.453341 -1.161763
vt -2.568741 -0.738440
vt 0.339912 -0.738440
vt -2.568741 -0.638440
vt -0.303323 -0.060214
vt 0.100000 -0.060214
vt -0.303323 0.000000
vt 0.100000 0.000000
vt -0.303323 0.060214
vt 0.100000 0.060214
vt -0.303323 0.120428
vt 0.100000 0.120428
vt -0.303323 0.180642
vt 0.100000 0.180642
vt -0.303323 0.240855
vt 0.100000 0.240855
vt -0.303323 0.301069
vt 0.100000 0.301069
vt -0.303323 0.361283
vt 0.100000 0.361283
vt -0.303323 -0.361283
vt 0.100000 -0.361283
vt -0.303323 -0.301069
vt 0.100000 -0.301069
vt -0.303323 -0.240855
vt 0.100000 -0.240855
vt -0.303323 -0.180642
vt 0.100000 -0.180642
vt -0.303323 -0.120428
vt 0.100000 -0.120428
vt 0.420000 0.000000
vt 0.000000 0.100000
vt 0.420000 0.100000
vt -0.099593 0.054140
vt -0.210000 0.210000
vt -0.115000 -0.003360
vt -0.210000 -0.210000
vt -0.099593 -0.060860
vt -0.057500 -0.102953
vt 0.000000 -0.118360
vt 0.210000 -0.210000
vt 0.057500 -0.102953
vt 0.099593 -0.060860
vt 0.115000 -0.003360
vt 0.210000 0.210000
vt 0.099593 0.054140
vt 0.057500 0.096233
vt 0.000000 0.111640
vt -0.057500 0.096233
vt 3.580000 -0.030000
vt 3.345819 -0.333099
vt 3.580000 -0.450000
vt 2.925819 -0.333099
vt -3.580000 -0.450000
vt -3.580000 -0.030000
vt 0.769848 0.130397
vt -4.100000 0.520471
vt 0.769848 0.550000
vt -4.100000 0.550000
vt 3.345819 0.086901
vt 4.000000 -0.030000
vt 4.100000 0.550000
vt 4.100000 -0.550000
vt 4.000000 -0.450000
vt 1.191347 0.550000
vt 2.925819 0.086901
vt 1.191347 0.130397
vt -4.000000 -0.030000
vt -4.100000 -0.550000
vt -4.000000 -0.450000
vt 4.100000 -0.419459
vt -4.100000 -0.419459
vt -8.200000 0.100000
vt -0.000000 -0.200000
vt -8.200000 -0.200000
vt -1.100000 0.100000
vt -1.100000 -0.200000
vt -1.000000 -0.283910
vt -1.070471 0.100000
vt -1.031638 0.078731
vt -0.100000 0.000000
vt -0.100000 -0.283910
vt -1.005132 0.043266
vt -0.995731 0.000000
vt 8.644638 0.000000
vt 9.094638 0.000000
vt 8.644638 1.000000
vt 9.094638 1.000000
vt 5.631259 -0.738440
vt 0.761411 -0.738440
vt 5.631259 -0.742709
vt 6.097436 -0.857846
vt 6.112242 -0.821156
vt 0.653341 -1.141763
vt 2.708431 -1.141763
vt 2.708431 -1.161763
vt 5.817199 -1.161763
vt 5.949893 -1.111404
vt 5.994354 -1.054585
vt 5.888163 -1.148750
vt 6.119536 -0.782270
vt 6.119032 -0.742709
vt -0.261092 0.101148
vt -0.280000 0.000000
vt -0.155000 0.000000
vt -0.261092 -0.101148
vt -0.134234 -0.077500
vt -0.206922 -0.188635
vt -0.077500 -0.134234
vt -0.124807 -0.250646
vt -0.025835 -0.278806
vt -0.000000 -0.155000
vt 0.076626 -0.269311
vt 0.077500 -0.134234
vt 0.168738 -0.223445
vt 0.134234 -0.077500
vt 0.238061 -0.147401
vt 0.275232 -0.051450
vt 0.155000 0.000000
vt 0.275232 0.051450
vt 0.134234 0.077500
vt 0.238061 0.147401
vt 0.168738 0.223445
vt 0.077500 0.134234
vt 0.076626 0.269311
vt -0.000000 0.155000
vt -0.025835 0.278806
vt -0.077500 0.134234
vt -0.124807 0.250646
vt -0.206922 0.188635
vt -0.134234 0.077500
vt -0.250000 -0.103488
vt 0.250000 -0.103488
vt -0.250000 -0.000000
vt 0.250000 0.000000
vt -0.250000 0.103488
vt 0.250000 0.103488
vt 0.250000 0.206976
vt -0.250000 -0.206976
vt 0.250000 -0.206976
vt -0.250000 -0.310463
vt 0.250000 -0.310463
vt -0.250000 -0.413951
vt 0.250000 -0.413951
vt -0.250000 -0.517439
vt 0.250000 -0.517439
vt -0.250000 -0.620927
vt 0.250000 -0.620927
vt -0.250000 -0.724414
vt 0.250000 -0.724414
vt -0.250000 -0.827902
vt 0.250000 -0.827902
vt -0.250000 -0.931390
vt 0.250000 -0.931390
vt 0.250000 0.827902
vt -0.250000 0.827902
vt -0.250000 0.724414
vt 0.250000 0.724414
vt -0.250000 0.620927
vt 0.250000 0.620927
vt -0.250000 0.517439
vt 0.250000 0.517439
vt -0.250000 0.413951
vt 0.250000 0.413951
vt -0.250000 0.310463
vt 0.250000 0.310463
vt -0.250000 0.206976
vt -0.490000 0.405789
vt 0.810000 0.405789
vt -0.490000 0.486947
vt 0.810000 0.486947
vt -0.490000 -0.486947
vt 0.810000 -0.486947
vt -0.490000 -0.405789
vt 0.810000 -0.405789
vt -0.490000 -0.324631
vt 0.810000 -0.324631
vt -0.490000 -0.243473
vt 0.810000 -0.243473
vt -0.490000 -0.162316
vt 0.810000 -0.162316
vt -0.490000 -0.081158
vt 0.810000 -0.081158
vt -0.490000 -0.000000
vt 0.810000 0.000000
vt -0.490000 0.081158
vt 0.810000 0.081158
vt -0.490000 0.162316
vt 0.810000 0.162316
vt -0.490000 0.243473
vt 0.810000 0.243473
vt -0.490000 0.324631
vt 0.810000 0.324631
vt -0.190000 0.405789
vt -0.190000 0.486947
vt -0.190000 -0.486947
vt -0.190000 -0.405789
vt -0.190000 -0.324631
vt -0.190000 -0.243473
vt -0.190000 -0.162316
vt -0.190000 -0.081158
vt -0.190000 -0.000000
vt -0.190000 0.081158
vt -0.190000 0.162316
vt -0.190000 0.243473
vt -0.190000 0.324631
vt 1.053080 1.829536
vt 0.799044 1.953896
vt -0.993022 -2.350146
vt -1.247059 -2.225786
vt 0.141421 0.082378
vt -0.141421 0.082378
vt 0.141421 0.027459
vt -0.141421 0.027459
vt 0.141421 -0.027459
vt -0.141421 -0.027459
vt 0.141421 -0.082378
vt -0.141421 -0.082378
vt 0.792855 0.303951
vt -2.280545 -0.315065
vt 0.848701 0.026676
vt -2.224699 -0.592340
vt 3.056131 -3.296222
vt 0.667465 -0.551528
vt 2.861770 -3.503734
vt 0.454106 -0.737211
vt 4.312843 -2.706515
vt 4.456476 -2.462856
vt 1.183851 -0.862025
vt 1.352413 -0.633061
vt -0.141421 0.117587
vt -0.141421 0.058793
vt 0.141421 0.117587
vt 0.141421 0.039196
vt -0.141421 -0.000000
vt 0.141421 -0.039196
vt -0.141421 -0.058793
vt 0.141421 -0.117587
vt -0.141421 -0.117587
vt -0.141421 -1.856152
vt 0.141421 -1.856152
vt -0.141421 -1.283386
vt 0.141421 -1.283386
vt -0.141421 0.145926
vt -0.141421 0.072963
vt 0.141421 0.145926
vt 0.141421 0.048642
vt 0.141421 -0.048642
vt -0.141421 -0.072963
vt 0.141421 -0.145926
vt -0.141421 -0.145926
vt 2.740537 0.290888
vt 2.696289 0.570248
vt 2.631424 0.273606
vt 2.598204 0.554713
vt -8.848100 0.141421
vt -8.848100 -0.141421
vt 3.019736 0.141421
vt 3.030901 -0.141421
vt 0.075057 0.204481
vt -0.190168 0.106217
vt 0.152221 -0.003793
vt -0.113004 -0.102056
vt 0.000000 0.054409
vt 0.000000 0.018136
vt 0.282843 0.018136
vt -0.000000 -0.018136
vt 0.282843 -0.018136
vt -0.000000 -0.054409
vt 0.282843 -0.054409
vt -1.800000 -0.176380
vt -0.200000 -0.176380
vt -1.800000 -0.088190
vt -0.200000 -0.088190
vt -1.800000 -0.000000
vt -1.800000 0.088190
vt -0.200000 0.088190
vt -1.800000 0.176380
vt -0.200000 0.176380
vt 0.199970 0.200000
vt 0.772737 0.200000
vt 0.199970 1.800000
vt 0.772737 1.800000
vt -1.800000 -0.218889
vt -0.200000 -0.218889
vt -1.800000 -0.109445
vt -0.200000 -0.109445
vt -1.800000 0.109445
vt -0.200000 0.109445
vt -1.800000 0.218889
vt -0.200000 0.218889
vt 0.268276 0.200000
vt 0.378749 0.200000
vt 0.268276 1.800000
vt 0.378749 1.800000
vt 11.291545 0.804452
vt 7.910721 0.831864
vt 11.383061 0.785000
vt 11.879001 0.200000
vt 11.474577 0.804452
vt 11.550269 0.859446
vt 11.597049 0.940471
vt 11.606829 1.033519
vt 11.879001 1.800000
vt 11.577917 1.122500
vt 11.515313 1.192029
vt 11.429841 1.230083
vt 11.336281 1.230083
vt 8.749331 1.599195
vt 8.687520 1.407000
vt 8.107637 0.876404
vt 11.215854 0.859446
vt 8.291157 0.960545
vt 11.169073 0.940471
vt 11.159294 1.033519
vt 8.453414 1.080679
vt 11.188205 1.122500
vt 8.587451 1.231655
vt 11.250809 1.192029
vt 4.369087 0.921353
vt 3.970269 0.859446
vt 4.460602 0.901901
vt 3.894577 0.804452
vt 7.708854 0.828834
vt 3.803061 0.785000
vt 0.000000 0.200000
vt 3.711545 0.804452
vt 3.635854 0.859446
vt 4.017049 0.940471
vt 4.293395 0.976346
vt 4.026829 1.033519
vt 4.246615 1.057372
vt 3.997917 1.122500
vt 4.236835 1.150420
vt 3.935313 1.192029
vt 4.265747 1.239401
vt 3.849841 1.230083
vt 4.328351 1.308930
vt 3.756281 1.230083
vt 4.413822 1.346984
vt 0.000000 1.800000
vt 6.515143 1.800000
vt 4.507383 1.346984
vt 6.515143 1.380397
vt 4.592854 1.308930
vt 4.655458 1.239401
vt 7.020430 1.208134
vt 4.684370 1.150420
vt 7.158937 1.061249
vt 4.674590 1.057372
vt 4.627810 0.976346
vt 7.324727 0.946039
vt 4.552118 0.921353
vt 7.510690 0.867444
vt 3.589073 0.940471
vt 3.579294 1.033519
vt 3.608205 1.122500
vt 3.670809 1.192029
vt 8.770233 1.800000
vt 6.915143 1.380397
vt 1.800000 0.108817
vt 0.200000 0.108817
vt 1.800000 0.036272
vt 0.200000 0.036272
vt 1.800000 -0.036272
vt 0.200000 -0.036272
vt 1.800000 -0.108817
vt 0.200000 -0.108817
vt -0.200000 0.111054
vt -1.800000 0.111054
vt -0.200000 -0.111054
vt -1.800000 -0.111054
vt 4.489049 -2.711092
vt -5.817199 -3.050000
vt 4.590197 -2.730000
vt 6.050637 -3.050000
vt 4.691344 -2.711092
vt 4.778832 -2.656922
vt 6.238198 -2.939568
vt 4.840842 -2.574807
vt 6.238198 -2.366802
vt 4.869002 -2.475835
vt 4.859508 -2.373374
vt 6.176672 -2.274499
vt 4.813642 -2.281262
vt 4.737598 -2.211939
vt 4.641647 -2.174768
vt 2.824081 -0.877046
vt 4.538747 -2.174768
vt 4.442796 -2.211939
vt 4.366752 -2.281262
vt 4.320886 -2.373374
vt -4.130998 -2.175835
vt 4.311391 -2.475835
vt -4.159158 -2.274807
vt 4.339551 -2.574807
vt -4.221168 -2.356922
vt 4.401562 -2.656922
vt -4.308656 -2.411092
vt -4.510951 -2.411092
vt -5.920280 -2.853261
vt -4.409803 -2.430000
vt -4.598438 -2.356922
vt -4.660449 -2.274807
vt -4.688609 -2.175835
vt -4.679114 -2.073374
vt -4.633248 -1.981262
vt -4.557204 -1.911939
vt -3.271388 0.972917
vt -4.461253 -1.874768
vt -4.358353 -1.874768
vt -4.262402 -1.911939
vt -4.186358 -1.981262
vt -4.140492 -2.073374
vt 6.149328 -3.038947
vt 6.194493 -3.022217
vt 6.226599 -2.986315
vt 6.230614 -2.328602
vt 6.209014 -2.296196
vt -0.022310 1.435647
vt -3.203268 1.014997
vt -3.252873 0.993079
vt -3.229585 1.007465
vt -0.099469 1.457037
vt -0.045718 1.449838
vt -0.072096 1.457151
vt 0.729345 1.800000
vt 0.709249 1.725000
vt 3.603243 1.800000
vt 0.654345 1.670096
vt 0.579345 0.800000
vt 0.579345 1.650000
vt 0.000000 0.800000
vt 3.603243 0.200000
vt 0.800000 0.123568
vt 0.200000 0.123568
vt 0.800000 0.041189
vt 0.200000 0.041189
vt 0.800000 -0.041189
vt 0.200000 -0.041189
vt 0.800000 -0.123568
vt 0.200000 -0.123568
vt -2.841996 -1.563223
vt -3.410158 -1.389198
vt -2.861802 -1.650000
vt -3.318255 -1.845713
vt -2.841996 -1.736777
vt -2.786500 -1.806366
vt -2.706306 -1.844986
vt -3.187460 -2.292642
vt -2.617298 -1.844986
vt -2.568741 -2.442767
vt -2.537104 -1.806366
vt 1.117776 -1.605750
vt -2.481608 -1.736777
vt 0.922276 -1.453586
vt -2.461802 -1.650000
vt 0.754487 -1.271319
vt -2.481608 -1.563223
vt 0.618987 -1.063921
vt -2.537104 -1.493634
vt 0.519472 -0.837049
vt -2.927741 -0.703575
vt 0.458656 -0.596892
vt 0.438198 -0.350000
vt -2.786500 -1.493634
vt -2.706306 -1.455014
vt -3.462490 -0.926474
vt -2.617298 -1.455014
vt 5.631259 -2.726677
vt 6.075897 -2.726677
vt 5.631259 -2.442767
vt 3.435826 1.086759
vt 3.417740 -0.103108
vt 3.356924 0.137049
vt 3.257409 0.363921
vt 3.121909 0.571319
vt 2.954120 0.753586
vt 2.758620 0.905750
vt 3.380282 1.147244
vt 3.231467 1.212999
vt 3.310417 1.190402
vt 0.127668 1.655039
vt 2.062067 1.144877
vt 2.306426 1.104100
vt 2.540741 1.023660
vt 0.045549 1.655381
vt -0.033586 1.633444
vt -0.103808 1.590870
vt 1.117776 0.905750
vt 0.922276 0.753586
vt 0.754487 0.571319
vt 0.618987 0.363921
vt 0.519472 0.137049
vt 0.458656 -0.103108
vt -3.018741 -2.726677
vt -2.568741 -2.726677
vt 4.409803 -2.305000
vt 4.332303 -2.284234
vt 1.814329 -1.844877
vt 2.062067 -1.844877
vt 4.275569 -2.227500
vt 2.306426 -1.804100
vt 4.254803 -2.150000
vt 2.540741 -1.723660
vt 4.275569 -2.072500
vt 2.758620 -1.605750
vt 4.332303 -2.015766
vt 2.954120 -1.453586
vt 4.409803 -1.995000
vt 3.121909 -1.271319
vt 3.257409 -1.063921
vt 3.356924 -0.837049
vt 4.487303 -2.015766
vt 3.417740 -0.596892
vt 3.438198 -0.350000
vt 4.544037 -2.072500
vt 4.564803 -2.150000
vt 4.544037 -2.227500
vt 4.487303 -2.284234
vt 1.335655 1.023660
vt 1.569970 1.104100
vt 1.814329 1.144877
vt 1.569970 -1.804100
vt 1.335655 -1.723660
vt -0.800000 -0.123568
vt -0.200000 -0.123568
vt -0.800000 -0.041189
vt -0.200000 -0.041189
vt -0.800000 0.041189
vt -0.200000 0.041189
vt -0.800000 0.123568
vt -0.200000 0.123568
vt 2.631065 0.200000
vt 6.269618 0.200000
vt 2.631065 0.800000
vt 6.269618 0.800000
vt -1.567559 0.200000
vt 1.567559 0.200000
vt -1.567559 0.800000
vt 1.567559 0.800000
vt -0.000000 0.438257
vt -0.419603 0.438257
vt -0.419603 0.000000
vt 0.000000 0.437551
vt -0.419603 0.437551
vt 0.000000 0.020000
vt -0.419603 0.020000
vt -0.091930 0.423323
vt -0.513429 0.423323
vt -0.200000 0.020000
vt -0.400000 -0.000000
vt 0.020000 -1.965298
vt -0.000000 -1.965298
vt 0.020000 -2.167551
vt -0.000000 -2.167551
vt 0.020000 -2.369803
vt -0.000000 -2.369803
vt 0.020000 -2.572055
vt -0.000000 -2.572055
vt 0.020000 -2.774308
vt -0.000000 -2.774308
vt 0.020000 -2.976560
vt -0.000000 -2.976560
vt 0.020000 -3.178813
vt -0.000000 -3.178813
vt 0.020000 -3.381065
vt -0.000000 -3.381065
vt 0.020000 -3.583317
vt -0.000000 -3.583317
vt 0.020000 -3.785570
vt -0.000000 -3.785570
vt 0.020000 -3.987822
vt -0.000000 -3.987822
vt 0.020000 -4.190074
vt -0.000000 -4.190074
vt 0.020000 -4.392327
vt -0.000000 -4.392327
vt 0.020000 -4.594579
vt 0.000000 -4.594579
vt 0.067897 1.027545
vt 0.067897 0.827545
vt 0.487500 1.027545
vt 0.286695 -1.006643
vt 0.487500 -1.027545
vt -0.104366 0.722258
vt -0.080845 -0.844763
vt 0.094500 -0.944832
vt -0.231821 -0.710726
vt -0.251251 0.583751
vt -0.351955 -0.548469
vt -0.366461 0.417961
vt -0.436096 -0.364948
vt -0.445056 0.231998
vt -0.480636 -0.168033
vt -0.483666 0.033834
vt 0.850000 -16.631157
vt 0.856978 -16.483799
vt 0.000000 -16.631157
vt 0.878160 -16.332117
vt 0.000000 -16.165340
vt 0.915596 -16.189222
vt 0.945725 -16.121523
vt 0.967887 -16.092459
vt 0.982625 -16.081387
vt 1.000000 -16.076830
vt 0.000000 -15.699522
vt 1.000000 -15.640515
vt 0.000000 -15.233704
vt 1.000000 -15.204200
vt -0.000000 -14.767886
vt 1.000000 -14.767886
vt -0.400000 1.720676
vt -0.000000 1.720676
vt -0.400000 1.877102
vt -0.000000 1.877102
vt -0.400000 -1.877102
vt -0.000000 -1.877102
vt -0.400000 -1.720676
vt -0.000000 -1.720676
vt -0.400000 -1.564251
vt -0.000000 -1.564251
vt -0.400000 -1.407826
vt -0.000000 -1.407826
vt -0.400000 -1.251401
vt -0.000000 -1.251401
vt -0.400000 -1.094976
vt -0.000000 -1.094976
vt -0.400000 -0.938551
vt -0.000000 -0.938551
vt -0.400000 -0.782126
vt -0.000000 -0.782126
vt -0.400000 -0.625701
vt -0.000000 -0.625701
vt -0.400000 -0.469275
vt -0.000000 -0.469275
vt -0.400000 -0.312850
vt -0.000000 -0.312850
vt -0.400000 -0.156425
vt -0.000000 -0.156425
vt -0.400000 0.156425
vt -0.000000 0.156425
vt -0.400000 0.312850
vt -0.000000 0.312850
vt -0.400000 0.469275
vt -0.000000 0.469275
vt -0.400000 0.625701
vt -0.000000 0.625701
vt -0.400000 0.782126
vt -0.000000 0.782126
vt -0.400000 0.938551
vt -0.000000 0.938551
vt -0.400000 1.094976
vt -0.000000 1.094976
vt -0.400000 1.251401
vt -0.000000 1.251401
vt -0.400000 1.407826
vt -0.000000 1.407826
vt -0.400000 1.564251
vt -0.000000 1.564251
vt -0.577141 -0.154644
vt 0.577141 -0.154644
vt -0.597500 0.000000
vt 0.597500 0.000000
vt -0.577141 0.154644
vt 0.577141 0.154644
vt -0.517450 0.298750
vt 0.517450 0.298750
vt -0.422496 0.422496
vt 0.422496 0.422496
vt -0.298750 0.517450
vt 0.298750 0.517450
vt -0.154644 0.577141
vt 0.154644 0.577141
vt 0.000000 0.597500
vt 0.517450 -0.298750
vt -0.517450 -0.298750
vt 0.422496 -0.422496
vt -0.422496 -0.422496
vt 0.298750 -0.517450
vt -0.298750 -0.517450
vt 0.154644 -0.577141
vt -0.154644 -0.577141
vt 0.000000 -0.597500
vt -0.100000 2.333755
vt -0.000000 2.333755
vt -0.100000 2.513274
vt -0.000000 2.513274
vt -0.100000 -2.513274
vt -0.000000 -2.513274
vt -0.100000 -2.333755
vt -0.000000 -2.333755
vt -0.100000 -2.154235
vt -0.000000 -2.154235
vt -0.100000 -1.974715
vt -0.000000 -1.974715
vt -0.100000 -1.795196
vt -0.000000 -1.795196
vt -0.100000 -1.615676
vt -0.000000 -1.615676
vt -0.100000 -1.436157
vt -0.000000 -1.436157
vt -0.100000 -1.256637
vt -0.000000 -1.256637
vt -0.100000 -1.077117
vt -0.000000 -1.077117
vt -0.100000 -0.897598
vt -0.000000 -0.897598
vt -0.100000 -0.718078
vt -0.000000 -0.718078
vt -0.100000 -0.538559
vt -0.100000 -0.359039
vt -0.100000 -0.179520
vt -0.100000 0.179520
vt -0.100000 0.359039
vt -0.100000 0.538559
vt -0.100000 0.718078
vt -0.000000 0.718078
vt -0.100000 0.897598
vt -0.000000 0.897598
vt -0.100000 1.077117
vt -0.000000 1.077117
vt -0.100000 1.256637
vt -0.000000 1.256637
vt -0.100000 1.436157
vt -0.000000 1.436157
vt -0.100000 1.615676
vt -0.000000 1.615676
vt -0.100000 1.795196
vt -0.000000 1.795196
vt -0.100000 1.974715
vt -0.000000 1.974715
vt -0.100000 2.154235
vt -0.000000 2.154235
vt -0.779942 0.178017
vt -0.800000 0.000000
vt -0.779942 -0.178017
vt -0.720775 0.347107
vt -0.625465 0.498792
vt -0.498792 0.625465
vt -0.347107 0.720775
vt -0.178017 0.779942
vt 0.178017 0.779942
vt 0.347107 0.720775
vt 0.498792 0.625465
vt 0.625465 0.498792
vt 0.720775 0.347107
vt 0.779942 0.178017
vt 0.800000 0.000000
vt 0.779942 -0.178017
vt 0.720775 -0.347107
vt 0.625465 -0.498792
vt 0.498792 -0.625465
vt 0.347107 -0.720775
vt 0.178017 -0.779942
vt 0.000000 -0.800000
vt -0.178017 -0.779942
vt -0.347107 -0.720775
vt -0.498792 -0.625465
vt -0.625465 -0.498792
vt -0.720775 -0.347107
vt 0.200000 -4.464369
vt 0.000000 -4.464369
vt 0.200000 -4.712389
vt 0.000000 -4.712389
vt 0.200000 4.712389
vt 0.000000 4.712389
vt 0.200000 4.464369
vt 0.000000 4.464369
vt 0.200000 4.216348
vt 0.000000 4.216348
vt 0.200000 3.968328
vt 0.000000 3.968328
vt 0.200000 3.720307
vt 0.000000 3.720307
vt 0.200000 3.472287
vt 0.000000 3.472287
vt 0.200000 3.224266
vt 0.000000 3.224266
vt 0.200000 2.976246
vt 0.000000 2.976246
vt 0.200000 2.728225
vt 0.000000 2.728225
vt 0.200000 2.480205
vt 0.000000 2.480205
vt 0.200000 2.232184
vt 0.000000 2.232184
vt 0.200000 1.984164
vt 0.000000 1.984164
vt 0.200000 1.736143
vt -0.000000 1.736143
vt 0.200000 1.488123
vt 0.000000 1.488123
vt 0.200000 1.240102
vt -0.000000 1.240102
vt 0.200000 0.992082
vt -0.000000 0.992082
vt 0.200000 0.744061
vt 0.000000 0.744061
vt 0.200000 0.496041
vt -0.000000 0.496041
vt 0.200000 0.248020
vt 0.000000 0.248020
vt 0.200000 -0.248020
vt 0.000000 -0.248020
vt 0.200000 -0.496041
vt 0.000000 -0.496041
vt 0.200000 -0.744061
vt 0.000000 -0.744061
vt 0.200000 -0.992082
vt 0.000000 -0.992082
vt 0.200000 -1.240102
vt 0.000000 -1.240102
vt 0.200000 -1.488123
vt 0.000000 -1.488123
vt 0.200000 -1.736143
vt 0.000000 -1.736143
vt 0.200000 -1.984164
vt 0.000000 -1.984164
vt 0.200000 -2.232184
vt 0.000000 -2.232184
vt 0.200000 -2.480205
vt 0.000000 -2.480205
vt 0.200000 -2.728225
vt 0.000000 -2.728225
vt 0.200000 -2.976246
vt 0.000000 -2.976246
vt 0.200000 -3.224266
vt 0.000000 -3.224266
vt 0.200000 -3.472287
vt 0.000000 -3.472287
vt 0.200000 -3.720307
vt 0.000000 -3.720307
vt 0.200000 -3.968328
vt 0.000000 -3.968328
vt 0.200000 -4.216348
vt 0.000000 -4.216348
vt -1.479542 0.246892
vt -1.500000 0.000000
vt -1.479542 -0.246892
vt -1.418726 0.487049
vt -1.319211 0.713921
vt -1.183711 0.921319
vt -1.015922 1.103586
vt -0.820422 1.255750
vt -0.602543 1.373660
vt -0.368228 1.454100
vt -0.123869 1.494877
vt 0.123869 1.494877
vt 0.368228 1.454100
vt 0.602543 1.373660
vt 0.820422 1.255750
vt 1.015922 1.103586
vt 1.183711 0.921319
vt 1.319211 0.713921
vt 1.418726 0.487049
vt 1.479542 0.246892
vt 1.500000 0.000000
vt 1.479542 -0.246892
vt 1.418726 -0.487049
vt 1.319211 -0.713921
vt 1.183711 -0.921319
vt 1.015922 -1.103586
vt 0.820422 -1.255750
vt 0.602543 -1.373660
vt 0.368228 -1.454100
vt 0.123869 -1.494877
vt -0.123869 -1.494877
vt -0.368228 -1.454100
vt -0.602543 -1.373660
vt -0.820422 -1.255750
vt -1.015922 -1.103586
vt -1.183711 -0.921319
vt -1.319211 -0.713921
vt -1.418726 -0.487049
vt 0.500000 -1.201659
vt 0.000000 -1.201659
vt 0.500000 -1.335177
vt 0.000000 -1.335177
vt 0.500000 1.335177
vt 0.000000 1.335177
vt 0.500000 1.201659
vt 0.000000 1.201659
vt 0.500000 1.068142
vt 0.000000 1.068142
vt 0.500000 0.934624
vt 0.000000 0.934624
vt 0.500000 0.801106
vt 0.000000 0.801106
vt 0.500000 0.667588
vt 0.000000 0.667588
vt 0.500000 0.534071
vt 0.000000 0.534071
vt 0.500000 0.400553
vt 0.000000 0.400553
vt 0.500000 0.267035
vt 0.000000 0.267035
vt 0.500000 0.133518
vt 0.000000 0.133518
vt 0.500000 0.000000
vt 0.500000 -0.133518
vt 0.000000 -0.133518
vt 0.500000 -0.267035
vt 0.000000 -0.267035
vt 0.500000 -0.400553
vt 0.000000 -0.400553
vt 0.500000 -0.534071
vt 0.000000 -0.534071
vt 0.500000 -0.667588
vt 0.000000 -0.667588
vt 0.500000 -0.801106
vt 0.000000 -0.801106
vt 0.500000 -0.934624
vt 0.000000 -0.934624
vt 0.500000 -1.068142
vt 0.000000 -1.068142
vt 1.000000 -0.538559
vt 1.000000 -0.628319
vt 1.000000 0.628319
vt 1.000000 0.538559
vt 1.000000 0.448799
vt 1.000000 0.359039
vt 1.000000 0.269279
vt 1.000000 0.179520
vt 1.000000 0.089760
vt 1.000000 0.000000
vt 1.000000 -0.089760
vt 1.000000 -0.179520
vt 1.000000 -0.269279
vt 1.000000 -0.359039
vt 1.000000 -0.448799
vt -0.444638 -0.327570
vt -0.453460 -0.340345
vt -0.471870 -0.374729
vt -0.482571 -0.413047
vt -0.486794 -0.451740
vt -0.487773 -0.491355
vt -0.029529 -0.100000
vt -0.019838 -0.102364
vt -0.009964 -0.103792
vt -0.444638 0.895731
vt -0.444638 0.000000
vt -0.636498 1.695731
vt -0.636498 0.800000
vt -0.620999 1.696513
vt -0.620999 0.200000
vt -5.274629 0.200000
vt -5.274629 0.800000
vt 1.761335 0.017580
vt 1.800000 0.010070
vt 1.800000 -0.029559
vt 1.800000 -0.069188
vt 1.728862 0.038637
vt 1.706222 0.071128
vt 1.696513 0.108817
vt -0.120000 0.612611
vt -0.120000 0.706858
vt -0.120000 -0.706858
vt -0.120000 -0.612611
vt -0.120000 -0.518363
vt -0.120000 -0.424115
vt -0.120000 -0.329867
vt -0.120000 -0.235619
vt -0.120000 -0.141372
vt -0.120000 -0.047124
vt -0.120000 0.047124
vt -0.120000 0.141372
vt -0.120000 0.235619
vt -0.120000 0.329867
vt -0.120000 0.424115
vt -0.120000 0.518363
vt 0.205548 -0.091516
vt 0.225000 0.000000
vt 0.205548 0.091516
vt 0.150554 -0.167208
vt 0.069529 -0.213988
vt -0.023519 -0.223767
vt -0.112500 -0.194856
vt -0.182029 -0.132252
vt -0.220083 -0.046780
vt -0.220083 0.046780
vt -0.182029 0.132252
vt -0.112500 0.194856
vt -0.023519 0.223767
vt 0.069529 0.213988
vt 0.150554 0.167208
vt 0.000000 -0.471239
vt -0.140258 -0.517132
vt -0.000000 -0.549779
vt -0.285853 -0.564817
vt -0.424051 -0.617220
vt -0.489854 -0.651355
vt -0.518158 -0.674495
vt -0.528951 -0.689445
vt -0.533396 -0.706858
vt 4.667697 -0.227529
vt 6.253621 -0.001658
vt 4.590197 -0.206763
vt 3.303820 0.185310
vt 4.512697 -0.227529
vt 3.177887 -0.232312
vt 4.455963 -0.284263
vt 4.435197 -0.361763
vt 4.455963 -0.439263
vt 3.018741 -0.638440
vt 4.512697 -0.495997
vt 4.590197 -0.516763
vt 6.061802 -1.161763
vt 6.418455 -0.958364
vt 6.361824 -1.051310
vt 6.275759 -1.117934
vt 6.171589 -1.149467
vt 4.724431 -0.284263
vt 6.387824 -0.112172
vt 6.328903 -0.046980
vt 4.745197 -0.361763
vt 6.438198 -0.278565
vt 6.425328 -0.191640
vt 4.724431 -0.439263
vt 6.438198 -0.851331
vt 4.667697 -0.495997
vt 3.600944 1.104052
vt 3.395724 0.611714
vt 2.568741 -0.638440
vt 2.568741 -0.738440
vt -0.339912 -0.738440
vt -0.453341 -1.161763
vt 0.303323 0.060214
vt -0.100000 0.060214
vt 0.303323 0.000000
vt 0.303323 -0.060214
vt -0.100000 -0.060214
vt 0.303323 -0.120428
vt -0.100000 -0.120428
vt 0.303323 -0.180642
vt -0.100000 -0.180642
vt 0.303323 -0.240855
vt -0.100000 -0.240855
vt 0.303323 -0.301069
vt -0.100000 -0.301069
vt 0.303323 -0.361283
vt -0.100000 -0.361283
vt 0.303323 0.361283
vt -0.100000 0.361283
vt 0.303323 0.301069
vt -0.100000 0.301069
vt 0.303323 0.240855
vt -0.100000 0.240855
vt 0.303323 0.180642
vt -0.100000 0.180642
vt 0.303323 0.120428
vt -0.100000 0.120428
vt -0.420000 0.000000
vt -0.420000 0.100000
vt -3.345819 -0.333099
vt -3.345819 0.086901
vt 4.100000 0.520471
vt -0.769848 0.130397
vt -2.925819 -0.333099
vt -1.191347 0.130397
vt -2.925819 0.086901
vt -1.191347 0.550000
vt -0.769848 0.550000
vt 8.200000 -0.200000
vt 8.200000 0.100000
vt 1.100000 0.100000
vt 1.100000 -0.200000
vt 1.000000 -0.283910
vt 0.995731 0.000000
vt 1.005132 0.043266
vt 1.031638 0.078731
vt 1.070471 0.100000
vt 0.100000 -0.283910
vt -8.644638 1.000000
vt -9.094638 1.000000
vt -8.644638 0.000000
vt -9.094638 0.000000
vt -5.631259 -0.738440
vt -5.631259 -0.742709
vt -0.761411 -0.738440
vt -6.097436 -0.857846
vt -2.708431 -1.141763
vt -5.994354 -1.054585
vt -5.949893 -1.111404
vt -6.119032 -0.742709
vt -6.119536 -0.782270
vt -6.112242 -0.821156
vt -5.888163 -1.148750
vt -5.817199 -1.161763
vt -2.708431 -1.161763
vt -0.653341 -1.141763
vt -0.131332 -0.404199
vt 0.000000 -0.425000
vt 0.131332 -0.404199
vt 0.249809 -0.343832
vt 0.343832 -0.249809
vt 0.404199 -0.131332
vt 0.425000 0.000000
vt 0.404199 0.131332
vt 0.343832 0.249809
vt 0.249809 0.343832
vt 0.131332 0.404199
vt 0.000000 0.425000
vt -0.131332 0.404199
vt -0.249809 0.343832
vt -0.343832 0.249809
vt -0.404199 0.131332
vt -0.425000 0.000000
vt -0.404199 -0.131332
vt -0.343832 -0.249809
vt -0.249809 -0.343832
vt 0.490000 -0.405789
vt -0.810000 -0.405789
vt 0.490000 -0.486947
vt -0.810000 -0.486947
vt 0.490000 0.486947
vt -0.810000 0.486947
vt 0.490000 0.405789
vt -0.810000 0.405789
vt 0.490000 0.324631
vt -0.810000 0.324631
vt 0.490000 0.243473
vt -0.810000 0.243473
vt 0.490000 0.162316
vt -0.810000 0.162316
vt 0.490000 0.081158
vt -0.810000 0.081158
vt 0.490000 0.000000
vt -0.810000 0.000000
vt 0.490000 -0.081158
vt -0.810000 -0.081158
vt 0.490000 -0.162316
vt -0.810000 -0.162316
vt 0.490000 -0.243473
vt -0.810000 -0.243473
vt 0.490000 -0.324631
vt -0.810000 -0.324631
vt 0.190000 -0.405789
vt 0.190000 -0.486947
vt 0.190000 0.486947
vt 0.190000 0.405789
vt 0.190000 0.324631
vt 0.190000 0.243473
vt 0.190000 0.162316
vt 0.190000 0.081158
vt 0.190000 0.000000
vt 0.190000 -0.081158
vt 0.190000 -0.162316
vt 0.190000 -0.243473
vt 0.190000 -0.324631
vt -1.053080 1.829536
vt 0.993022 -2.350146
vt -0.799044 1.953896
vt 1.247059 -2.225786
vt -0.792855 0.303951
vt -0.848701 0.026676
vt 2.280545 -0.315065
vt 2.224699 -0.592340
vt -3.056131 -3.296222
vt -2.861770 -3.503734
vt -0.667465 -0.551528
vt -0.454106 -0.737211
vt -4.312843 -2.706515
vt -1.183851 -0.862025
vt -4.456476 -2.462856
vt -1.352413 -0.633061
vt 0.141421 0.058793
vt -0.141421 0.039196
vt 0.141421 -0.000000
vt -0.141421 -0.039196
vt 0.141421 -0.058793
vt 0.141421 0.072963
vt -0.141421 0.048642
vt -0.141421 -0.048642
vt 0.141421 -0.072963
vt -2.740537 0.290888
vt -2.631424 0.273606
vt -2.696289 0.570248
vt -2.598204 0.554713
vt 8.848100 0.141421
vt -3.019736 0.141421
vt 8.848100 -0.141421
vt -3.030901 -0.141421
vt -0.075057 0.204481
vt -0.152221 -0.003793
vt 0.190168 0.106217
vt 0.113004 -0.102056
vt -0.282843 0.054409
vt -0.282843 -0.018136
vt -0.282843 0.018136
vt 1.800000 0.176380
vt 0.200000 0.176380
vt 1.800000 0.088190
vt 0.200000 0.088190
vt 1.800000 -0.000000
vt 1.800000 -0.088190
vt 0.200000 -0.088190
vt 1.800000 -0.176380
vt 0.200000 -0.176380
vt -0.772737 0.200000
vt -0.199970 0.200000
vt -0.772737 1.800000
vt -0.199970 1.800000
vt 1.800000 0.218889
vt 0.200000 0.218889
vt 1.800000 0.109445
vt 0.200000 0.109445
vt 1.800000 0.000000
vt 1.800000 -0.109445
vt 0.200000 -0.109445
vt 1.800000 -0.218889
vt 0.200000 -0.218889
vt -0.378749 0.200000
vt -0.268276 0.200000
vt -0.378749 1.800000
vt -0.268276 1.800000
vt -11.474577 0.804452
vt -11.879001 0.200000
vt -11.383061 0.785000
vt -7.910721 0.831864
vt -11.291545 0.804452
vt -8.107637 0.876404
vt -11.215854 0.859446
vt -8.291157 0.960545
vt -11.169073 0.940471
vt -11.159294 1.033519
vt -8.453414 1.080679
vt -11.188205 1.122500
vt -8.587451 1.231655
vt -11.250809 1.192029
vt -11.336281 1.230083
vt -8.687520 1.407000
vt -8.749331 1.599195
vt -11.550269 0.859446
vt -11.597049 0.940471
vt -11.606829 1.033519
vt -11.879001 1.800000
vt -11.577917 1.122500
vt -11.515313 1.192029
vt -11.429841 1.230083
vt -4.552118 0.921353
vt -7.510690 0.867444
vt -4.460602 0.901901
vt -7.708854 0.828834
vt -3.894577 0.804452
vt -3.803061 0.785000
vt -0.000000 0.200000
vt -7.324727 0.946039
vt -4.627810 0.976346
vt -7.158937 1.061249
vt -4.674590 1.057372
vt -4.684370 1.150420
vt -7.020430 1.208134
vt -4.655458 1.239401
vt -6.515143 1.380397
vt -4.592854 1.308930
vt -4.507383 1.346984
vt -6.515143 1.800000
vt -4.413822 1.346984
vt -3.756281 1.230083
vt -3.670809 1.192029
vt -4.328351 1.308930
vt -3.849841 1.230083
vt -4.265747 1.239401
vt -3.935313 1.192029
vt -4.236835 1.150420
vt -3.997917 1.122500
vt -4.246615 1.057372
vt -4.026829 1.033519
vt -4.293395 0.976346
vt -4.017049 0.940471
vt -4.369087 0.921353
vt -3.970269 0.859446
vt -3.608205 1.122500
vt -3.579294 1.033519
vt -3.589073 0.940471
vt -3.635854 0.859446
vt -3.711545 0.804452
vt -6.915143 1.380397
vt -8.770233 1.800000
vt -1.800000 -0.036272
vt -1.800000 0.036272
vt -1.800000 0.108817
vt 0.200000 -0.111054
vt 1.800000 -0.111054
vt 0.200000 0.111054
vt 1.800000 0.111054
vt -4.994396 -2.318668
vt -6.176672 -2.274499
vt -5.015197 -2.450000
vt -6.238198 -2.366802
vt -4.994396 -2.581332
vt -6.238198 -2.939568
vt -4.934029 -2.699809
vt -4.840005 -2.793832
vt -6.050637 -3.050000
vt -4.721529 -2.854199
vt -4.590197 -2.875000
vt 5.817199 -3.050000
vt -4.458865 -2.854199
vt 4.278471 -2.554199
vt -4.340388 -2.793832
vt 4.159995 -2.493832
vt -4.246365 -2.699809
vt 4.065971 -2.399809
vt -4.185998 -2.581332
vt 4.005604 -2.281332
vt -4.165197 -2.450000
vt 3.984803 -2.150000
vt -4.185998 -2.318668
vt -2.824081 -0.877046
vt -4.246365 -2.200191
vt -4.340388 -2.106168
vt -4.458865 -2.045801
vt -4.590197 -2.025000
vt -4.721529 -2.045801
vt -4.840005 -2.106168
vt -4.934029 -2.200191
vt 4.005604 -2.018668
vt 4.065971 -1.900191
vt 4.159995 -1.806168
vt 4.278471 -1.745801
vt 3.271388 0.972917
vt 0.022310 1.435647
vt 3.203268 1.014997
vt 0.099469 1.457037
vt 4.409803 -1.725000
vt 4.541135 -1.745801
vt 4.659612 -1.806168
vt 5.920280 -2.853261
vt 4.753635 -1.900191
vt 4.814002 -2.018668
vt 4.834803 -2.150000
vt 4.814002 -2.281332
vt 4.753635 -2.399809
vt 4.659612 -2.493832
vt 4.541135 -2.554199
vt 4.409803 -2.575000
vt 3.252873 0.993079
vt 3.229585 1.007465
vt 0.072096 1.457151
vt 0.045718 1.449838
vt -6.209014 -2.296196
vt -6.230614 -2.328602
vt -6.226599 -2.986315
vt -6.194493 -3.022217
vt -6.149328 -3.038947
vt -0.579345 1.650000
vt -0.654345 1.670096
vt -0.579345 0.800000
vt -3.603243 1.800000
vt -3.603243 0.200000
vt -0.709249 1.725000
vt -0.729345 1.800000
vt 2.841996 -1.736777
vt 3.318255 -1.845713
vt 2.861802 -1.650000
vt 3.410158 -1.389198
vt 2.841996 -1.563223
vt 2.786500 -1.493634
vt 2.706306 -1.455014
vt 3.462490 -0.926474
vt 2.927741 -0.703575
vt 2.786500 -1.806366
vt 2.706306 -1.844986
vt 3.187460 -2.292642
vt 2.617298 -1.844986
vt 2.568741 -2.442767
vt 2.537104 -1.806366
vt -1.117776 -1.605750
vt 2.481608 -1.736777
vt -0.922276 -1.453586
vt 2.461802 -1.650000
vt -0.754487 -1.271319
vt 2.481608 -1.563223
vt -0.618987 -1.063921
vt 2.537104 -1.493634
vt -0.519472 -0.837049
vt -0.458656 -0.596892
vt -0.438198 -0.350000
vt -0.458656 -0.103108
vt -0.519472 0.137049
vt -0.618987 0.363921
vt 0.103808 1.590870
vt -0.754487 0.571319
vt -0.922276 0.753586
vt -1.117776 0.905750
vt -0.127668 1.655039
vt -1.335655 1.023660
vt -1.569970 1.104100
vt -1.814329 1.144877
vt -2.062067 1.144877
vt -3.231467 1.212999
vt -2.306426 1.104100
vt -2.540741 1.023660
vt -2.758620 0.905750
vt -3.380282 1.147244
vt -3.435826 1.086759
vt 2.617298 -1.455014
vt -5.631259 -2.726677
vt -5.631259 -2.442767
vt -6.075897 -2.726677
vt -3.417740 -0.103108
vt -3.356924 0.137049
vt -4.409803 -2.305000
vt -4.487303 -2.284234
vt -4.544037 -2.227500
vt 2.568741 -2.726677
vt 3.018741 -2.726677
vt 0.033586 1.633444
vt -0.045549 1.655381
vt -3.310417 1.190402
vt -4.332303 -2.015766
vt -2.954120 -1.453586
vt -4.409803 -1.995000
vt -3.121909 -1.271319
vt -3.257409 -1.063921
vt -2.758620 -1.605750
vt -4.275569 -2.072500
vt -2.540741 -1.723660
vt -4.254803 -2.150000
vt -2.306426 -1.804100
vt -4.275569 -2.227500
vt -2.062067 -1.844877
vt -4.332303 -2.284234
vt -1.814329 -1.844877
vt -1.569970 -1.804100
vt -1.335655 -1.723660
vt -4.564803 -2.150000
vt -4.544037 -2.072500
vt -4.487303 -2.015766
vt -3.356924 -0.837049
vt -3.417740 -0.596892
vt -3.438198 -0.350000
vt -3.257409 0.363921
vt -3.121909 0.571319
vt -2.954120 0.753586
vt -6.269618 0.200000
vt -2.631065 0.200000
vt -6.269618 0.800000
vt -2.631065 0.800000
vt 0.419603 0.438257
vt 0.419603 0.000000
vt 0.419603 0.437551
vt 0.419603 0.020000
vt 0.091930 0.423323
vt 0.200000 0.020000
vt 0.513429 0.423323
vt 0.400000 -0.000000
vt -0.020000 1.531526
vt -0.000000 1.531526
vt -0.020000 1.733779
vt 0.000000 1.733779
vt -0.020000 1.936031
vt 0.000000 1.936031
vt -0.020000 2.138284
vt 0.000000 2.138284
vt -0.020000 2.340536
vt 0.000000 2.340536
vt -0.020000 2.542788
vt 0.000000 2.542788
vt -0.020000 2.745041
vt 0.000000 2.745041
vt -0.020000 2.947293
vt 0.000000 2.947293
vt -0.020000 3.149545
vt 0.000000 3.149545
vt -0.020000 3.351798
vt 0.000000 3.351798
vt -0.020000 3.554050
vt 0.000000 3.554050
vt -0.020000 3.756303
vt 0.000000 3.756303
vt -0.020000 3.958555
vt 0.000000 3.958555
vt -0.020000 4.160807
vt 0.000000 4.160807
vt -0.067897 1.027545
vt -0.487500 1.027545
vt -0.067897 0.827545
vt -0.286695 -1.006643
vt -0.094500 -0.944832
vt -0.487500 -1.027545
vt 0.080845 -0.844763
vt 0.104366 0.722258
vt 0.231821 -0.710726
vt 0.251251 0.583751
vt 0.351955 -0.548469
vt 0.366461 0.417961
vt 0.436096 -0.364948
vt 0.445056 0.231998
vt 0.480636 -0.168033
vt 0.483666 0.033834
vt -0.982625 -16.081387
vt -1.000000 -16.076830
vt -1.000000 -15.640515
vt -1.000000 -15.204200
vt -1.000000 -14.767886
vt -0.967887 -16.092459
vt -0.945725 -16.121523
vt -0.915596 -16.189222
vt -0.878160 -16.332117
vt -0.856978 -16.483799
vt -0.850000 -16.631157
vt 0.400000 -1.720676
vt 0.400000 -1.877102
vt 0.400000 1.877102
vt 0.400000 1.720676
vt 0.400000 1.564251
vt 0.400000 1.407826
vt 0.400000 1.251401
vt 0.400000 1.094976
vt 0.400000 0.938551
vt 0.400000 0.782126
vt 0.400000 0.625701
vt 0.400000 0.469275
vt 0.400000 0.312850
vt 0.400000 0.156425
vt 0.400000 0.000000
vt 0.400000 -0.156425
vt 0.400000 -0.312850
vt 0.400000 -0.469275
vt 0.400000 -0.625701
vt 0.400000 -0.782126
vt 0.400000 -0.938551
vt 0.400000 -1.094976
vt 0.400000 -1.251401
vt 0.400000 -1.407826
vt 0.400000 -1.564251
vt 0.100000 -2.333755
vt 0.100000 -2.513274
vt 0.100000 2.513274
vt 0.100000 2.333755
vt 0.100000 2.154235
vt 0.100000 1.974715
vt 0.100000 1.795196
vt 0.000000 1.795196
vt 0.100000 1.615676
vt 0.100000 1.436157
vt 0.100000 1.256637
vt 0.100000 1.077117
vt 0.100000 0.897598
vt 0.100000 0.718078
vt 0.100000 0.538559
vt 0.100000 0.359039
vt 0.100000 0.179520
vt 0.100000 -0.179520
vt 0.100000 -0.359039
vt 0.100000 -0.538559
vt 0.100000 -0.718078
vt 0.100000 -0.897598
vt 0.100000 -1.077117
vt 0.100000 -1.256637
vt 0.100000 -1.436157
vt 0.100000 -1.615676
vt 0.100000 -1.795196
vt 0.100000 -1.974715
vt 0.100000 -2.154235
vt -0.000000 -0.800000
vt -0.200000 4.464369
vt -0.200000 4.712389
vt -0.200000 -4.712389
vt -0.200000 -4.464369
vt -0.200000 -4.216348
vt -0.200000 -3.968328
vt -0.200000 -3.720307
vt -0.200000 -3.472287
vt -0.200000 -3.224266
vt -0.200000 -2.976246
vt -0.200000 -2.728225
vt -0.200000 -2.480205
vt -0.200000 -2.232184
vt -0.200000 -1.984164
vt -0.200000 -1.736143
vt -0.200000 -1.488123
vt -0.200000 -1.240102
vt -0.200000 -0.992082
vt -0.200000 -0.744061
vt -0.200000 -0.496041
vt -0.200000 -0.248020
vt -0.200000 0.248020
vt -0.200000 0.496041
vt -0.200000 0.744061
vt -0.200000 0.992082
vt -0.200000 1.240102
vt 0.000000 1.240102
vt -0.200000 1.488123
vt -0.200000 1.736143
vt -0.200000 1.984164
vt -0.200000 2.232184
vt -0.200000 2.480205
vt -0.200000 2.728225
vt -0.200000 2.976246
vt -0.200000 3.224266
vt -0.200000 3.472287
vt -0.200000 3.720307
vt -0.200000 3.968328
vt -0.200000 4.216348
vt 8.000000 0.732530
vt 8.000000 0.915662
vt 4.040333 0.732530
vt -3.879000 0.915662
vt 0.080667 0.732530
vt -3.879000 0.732530
vt 0.080667 0.549397
vt -3.879000 0.549397
vt 0.080667 0.366265
vt -3.879000 0.366265
vt 0.080667 0.183132
vt -3.879000 0.183132
vt -3.879000 0.000000
vt 8.000000 0.000000
vt 4.040333 0.183132
vt 4.040333 0.366265
vt 4.040333 0.549397
vt 8.000000 0.183132
vt 8.000000 0.366265
vt 8.000000 0.549397
vt -1.091957 -3.879000
vt 0.000000 -3.879000
vt -1.091957 8.000000
vt -0.000000 8.000000
vt 0.800000 0.550273
vt -2.400000 0.550273
vt 0.027870 -0.221857
vt -1.627870 -0.221857
vt -0.111601 -0.340225
vt -1.488399 -0.340225
vt -0.268462 -0.434340
vt -1.331538 -0.434340
vt -0.438538 -0.501697
vt -1.161462 -0.501697
vt -0.617304 -0.540504
vt -0.800000 -0.549727
vt -0.982696 -0.540504
vt 1.600000 8.000000
vt -1.600000 8.000000
vt 1.600000 -3.879000
vt -1.600000 -3.879000
vt 3.879000 0.732530
vt 3.879000 0.915662
vt -0.080667 0.732530
vt -8.000000 0.915662
vt -4.040333 0.732530
vt -8.000000 0.732530
vt -4.040333 0.549397
vt -8.000000 0.549397
vt -4.040333 0.366265
vt -8.000000 0.366265
vt -4.040333 0.183132
vt -8.000000 0.183132
vt -8.000000 0.000000
vt 3.879000 0.000000
vt -0.080667 0.183132
vt -0.080667 0.366265
vt -0.080667 0.549397
vt 3.879000 0.183132
vt 3.879000 0.366265
vt 3.879000 0.549397
vt 1.091957 8.000000
vt 0.000000 8.000000
vt 1.091957 -3.879000
vt 2.400000 0.550273
vt -0.800000 0.550273
vt 1.627870 -0.221857
vt -0.027870 -0.221857
vt 1.488399 -0.340225
vt 0.111601 -0.340225
vt 1.331538 -0.434340
vt 0.268462 -0.434340
vt 1.161462 -0.501697
vt 0.438538 -0.501697
vt 0.982696 -0.540504
vt 0.800000 -0.549727
vt 0.617304 -0.540504
s 0
f 2/1/1 28/2/1 1/3/2
f 1/3/2 28/2/1 15/4/2
f 1/5/3 15/6/3 14/7/4
f 14/7/4 15/6/3 16/8/4
f 14/7/5 16/8/5 13/9/6
f 13/9/6 16/8/5 17/10/6
f 13/9/7 17/10/7 12/11/8
f 12/11/8 17/10/7 18/12/8
f 12/11/9 18/12/9 11/13/10
f 11/13/10 18/12/9 19/14/10
f 11/13/11 19/14/11 10/15/12
f 10/15/13 19/14/11 20/16/13
f 10/15/12 20/16/12 9/17/14
f 9/17/14 20/16/12 21/18/14
f 9/17/15 21/18/15 8/19/16
f 8/19/16 21/18/15 22/20/16
f 8/19/17 22/20/17 7/21/18
f 7/21/18 22/20/17 23/22/18
f 7/21/19 23/22/19 6/23/20
f 6/23/20 23/22/19 24/24/20
f 6/23/21 24/24/21 5/25/22
f 5/25/22 24/24/21 25/26/22
f 5/25/23 25/26/23 4/27/24
f 4/27/24 25/26/23 26/28/24
f 4/27/25 26/28/25 3/29/26
f 3/29/26 26/28/25 27/30/26
f 3/29/27 27/30/27 2/1/28
f 2/1/28 27/30/27 28/2/28
f 14/31/29 9/32/29 1/33/29
f 1/33/29 9/32/29 8/34/29
f 1/33/29 8/34/29 2/35/29
f 2/35/29 8/34/29 7/36/29
f 2/35/29 7/36/29 3/37/29
f 3/37/29 7/36/29 6/38/29
f 3/37/29 6/38/29 4/39/29
f 4/39/29 6/38/29 5/40/29
f 9/32/29 14/31/29 10/41/29
f 10/41/29 14/31/29 13/42/29
f 10/41/29 13/42/29 11/43/29
f 11/43/29 13/42/29 12/44/29
f 29/45/29 30/46/29 41/47/30
f 41/47/30 30/46/31 31/48/32
f 41/47/30 31/48/32 40/49/33
f 40/49/34 31/48/35 32/50/36
f 40/49/34 32/50/36 39/51/37
f 39/51/37 32/50/38 38/52/39
f 38/52/39 32/50/38 33/53/40
f 38/52/41 33/53/42 34/54/43
f 38/52/41 34/54/43 37/55/44
f 37/55/44 34/54/45 35/56/46
f 37/55/44 35/56/47 36/57/44
f 33/58/48 42/59/48 34/60/48
f 34/60/48 42/59/48 35/61/48
f 35/61/49 42/59/49 36/62/49
f 30/63/44 29/64/44 44/65/44
f 44/65/44 29/64/44 43/20/44
f 29/66/50 41/67/50 43/68/50
f 43/68/51 41/67/51 45/69/51
f 43/68/52 45/69/52 46/70/52
f 46/70/52 47/71/52 43/68/52
f 41/72/52 40/73/53 45/74/52
f 45/74/52 40/73/53 53/75/54
f 53/75/54 40/73/53 39/76/55
f 53/75/56 39/76/55 38/77/57
f 38/77/57 37/78/58 53/75/56
f 53/75/56 37/78/58 52/79/59
f 52/79/59 37/78/58 48/80/60
f 52/79/59 48/80/61 49/81/62
f 50/82/63 51/83/63 49/81/64
f 49/81/64 51/83/63 52/79/65
f 55/84/66 83/85/66 54/86/29
f 54/86/29 83/85/66 69/87/29
f 54/88/67 69/89/67 68/90/68
f 68/90/68 69/89/67 70/91/68
f 68/90/69 70/91/69 67/92/70
f 67/92/70 70/91/69 71/93/70
f 67/92/71 71/93/71 66/94/72
f 66/94/72 71/93/71 72/95/72
f 66/94/73 72/95/73 65/96/74
f 65/96/74 72/95/73 73/97/74
f 65/96/75 73/97/75 64/98/76
f 64/98/76 73/97/75 74/99/76
f 64/98/76 74/99/76 63/100/77
f 63/100/77 74/99/76 75/101/77
f 63/100/78 75/101/78 62/102/79
f 62/102/79 75/101/78 76/103/79
f 62/102/80 76/103/80 61/104/81
f 61/104/81 76/103/80 77/105/81
f 61/104/82 77/105/82 60/106/83
f 60/106/83 77/105/82 78/107/83
f 60/106/84 78/107/84 59/108/85
f 59/108/85 78/107/84 79/109/85
f 59/108/85 79/109/85 58/110/86
f 58/110/86 79/109/85 80/111/86
f 58/110/87 80/111/87 57/112/88
f 57/112/88 80/111/87 81/113/88
f 57/112/89 81/113/89 56/114/90
f 56/114/90 81/113/89 82/115/90
f 56/114/91 82/115/91 55/84/92
f 55/84/92 82/115/91 83/85/92
f 85/116/93 55/117/93 84/118/93
f 84/118/93 55/117/93 54/119/93
f 84/118/93 54/119/93 68/120/93
f 55/117/93 85/116/93 56/121/93
f 56/121/93 85/116/93 86/122/93
f 56/121/93 86/122/93 57/123/93
f 57/123/93 86/122/93 87/124/93
f 57/123/93 87/124/93 58/125/93
f 58/125/93 87/124/93 88/126/93
f 58/125/93 88/126/93 59/127/93
f 59/127/93 88/126/93 60/128/93
f 60/128/93 88/126/93 89/129/93
f 60/128/93 89/129/93 61/130/93
f 61/130/93 89/129/93 90/131/93
f 61/130/93 90/131/93 62/132/93
f 62/132/93 90/131/93 91/133/93
f 62/132/93 91/133/93 63/134/93
f 63/134/93 91/133/93 92/135/93
f 63/134/93 92/135/93 64/136/93
f 64/136/93 92/135/93 65/137/93
f 65/137/93 92/135/93 93/138/93
f 65/137/93 93/138/93 66/139/93
f 66/139/93 93/138/93 94/140/93
f 66/139/93 94/140/93 67/141/93
f 67/141/93 94/140/93 95/142/93
f 67/141/93 95/142/93 68/120/93
f 68/120/93 95/142/93 84/118/93
f 97/84/66 125/85/66 96/86/94
f 96/86/94 125/85/66 111/87/94
f 96/88/67 111/89/67 110/90/68
f 110/90/68 111/89/67 112/91/68
f 110/90/69 112/91/69 109/92/70
f 109/92/70 112/91/69 113/93/70
f 109/92/71 113/93/71 108/94/73
f 108/94/72 113/93/71 114/95/72
f 108/94/73 114/95/73 107/96/74
f 107/96/74 114/95/73 115/97/74
f 107/96/75 115/97/75 106/98/76
f 106/98/76 115/97/75 116/99/76
f 106/98/76 116/99/76 105/100/77
f 105/100/77 116/99/76 117/101/77
f 105/100/78 117/101/78 104/102/79
f 104/102/79 117/101/78 118/103/79
f 104/102/80 118/103/80 103/104/81
f 103/104/81 118/103/80 119/105/81
f 103/104/82 119/105/82 102/106/95
f 102/106/95 119/105/82 120/107/95
f 102/106/84 120/107/84 101/108/85
f 101/108/85 120/107/84 121/109/85
f 101/108/85 121/109/85 100/110/86
f 100/110/86 121/109/85 122/111/86
f 100/110/87 122/111/87 99/112/88
f 99/112/88 122/111/87 123/113/88
f 99/112/88 123/113/88 98/114/90
f 98/114/90 123/113/89 124/115/90
f 98/114/91 124/115/91 97/84/92
f 97/84/92 124/115/91 125/85/92
f 127/116/93 97/117/93 126/118/93
f 126/118/93 97/117/93 96/119/93
f 126/118/93 96/119/93 110/120/93
f 97/117/93 127/116/93 98/121/93
f 98/121/93 127/116/93 128/122/93
f 98/121/93 128/122/93 99/123/93
f 99/123/93 128/122/93 129/124/93
f 99/123/93 129/124/93 100/125/93
f 100/125/93 129/124/93 130/126/93
f 100/125/93 130/126/93 101/127/93
f 101/127/93 130/126/93 102/128/93
f 102/128/93 130/126/93 131/129/93
f 102/128/93 131/129/93 103/130/93
f 103/130/93 131/129/93 132/131/93
f 103/130/93 132/131/93 104/132/93
f 104/132/93 132/131/93 133/133/93
f 104/132/93 133/133/93 105/134/93
f 105/134/93 133/133/93 134/135/93
f 105/134/93 134/135/93 106/136/93
f 106/136/93 134/135/93 107/137/93
f 107/137/93 134/135/93 135/138/93
f 107/137/93 135/138/93 108/139/93
f 108/139/93 135/138/93 136/140/93
f 108/139/93 136/140/93 109/141/93
f 109/141/93 136/140/93 137/142/93
f 109/141/93 137/142/93 110/120/93
f 110/120/93 137/142/93 126/118/93
f 139/84/66 167/85/66 138/86/29
f 138/86/29 167/85/66 153/87/29
f 138/88/67 153/89/67 152/90/68
f 152/90/68 153/89/67 154/91/68
f 152/90/69 154/91/69 151/92/70
f 151/92/70 154/91/69 155/93/70
f 151/92/71 155/93/71 150/94/72
f 150/94/72 155/93/71 156/95/72
f 150/94/73 156/95/73 149/96/74
f 149/96/74 156/95/73 157/97/74
f 149/96/75 157/97/75 148/98/76
f 148/98/76 157/97/75 158/99/76
f 148/98/76 158/99/76 147/100/77
f 147/100/77 158/99/76 159/101/77
f 147/100/96 159/101/96 146/102/79
f 146/102/79 159/101/78 160/103/79
f 146/102/80 160/103/80 145/104/81
f 145/104/81 160/103/80 161/105/81
f 145/104/82 161/105/82 144/106/83
f 144/106/83 161/105/82 162/107/83
f 144/106/84 162/107/84 143/108/85
f 143/108/85 162/107/84 163/109/85
f 143/108/85 163/109/85 142/110/86
f 142/110/86 163/109/85 164/111/86
f 142/110/87 164/111/87 141/112/88
f 141/112/88 164/111/87 165/113/88
f 141/112/89 165/113/89 140/114/90
f 140/114/90 165/113/88 166/115/90
f 140/114/91 166/115/91 139/84/92
f 139/84/92 166/115/91 167/85/92
f 169/116/93 139/117/93 168/118/93
f 168/118/93 139/117/93 138/119/93
f 168/118/93 138/119/93 152/120/93
f 139/117/93 169/116/93 140/121/93
f 140/121/93 169/116/93 170/122/93
f 140/121/93 170/122/93 141/123/93
f 141/123/93 170/122/93 171/124/93
f 141/123/93 171/124/93 142/125/93
f 142/125/93 171/124/93 172/126/93
f 142/125/93 172/126/93 143/127/93
f 143/127/93 172/126/93 144/128/93
f 144/128/93 172/126/93 173/129/93
f 144/128/93 173/129/93 145/130/93
f 145/130/93 173/129/93 174/131/93
f 145/130/93 174/131/93 146/132/93
f 146/132/93 174/131/93 175/133/93
f 146/132/93 175/133/93 147/134/93
f 147/134/93 175/133/93 176/135/93
f 147/134/93 176/135/93 148/136/93
f 148/136/93 176/135/93 149/137/93
f 149/137/93 176/135/93 177/138/93
f 149/137/93 177/138/93 150/139/93
f 150/139/93 177/138/93 178/140/93
f 150/139/93 178/140/93 151/141/93
f 151/141/93 178/140/93 179/142/93
f 151/141/93 179/142/93 152/120/93
f 152/120/93 179/142/93 168/118/93
f 180/143/97 181/144/98 190/99/97
f 190/99/99 181/144/98 182/145/100
f 190/99/97 182/145/100 183/146/101
f 190/99/102 183/146/101 189/147/103
f 189/147/104 183/146/105 184/148/106
f 189/147/104 184/148/107 185/149/108
f 189/147/109 185/149/110 188/150/111
f 188/150/112 185/149/108 186/151/113
f 188/150/114 186/151/113 187/152/29
f 192/153/29 220/154/29 191/155/29
f 191/155/29 220/154/29 203/156/29
f 191/155/29 203/156/29 202/157/29
f 202/157/29 203/156/29 204/158/29
f 202/157/29 204/158/29 205/159/29
f 220/154/29 192/153/29 219/160/29
f 219/160/29 192/153/29 193/161/29
f 219/160/29 193/161/29 194/162/29
f 194/162/29 195/163/29 219/160/29
f 219/160/29 195/163/29 218/164/29
f 218/164/29 195/163/29 196/165/29
f 218/164/29 196/165/29 197/166/29
f 198/167/29 208/168/29 197/166/29
f 197/166/29 208/168/29 209/169/29
f 197/166/29 209/169/29 213/170/29
f 213/170/29 209/169/29 210/171/29
f 213/170/29 210/171/29 211/172/29
f 198/167/29 199/173/29 208/168/29
f 208/168/29 199/173/29 207/174/29
f 207/174/29 199/173/29 200/175/29
f 207/174/29 200/175/29 201/176/29
f 202/157/29 205/159/29 201/176/29
f 201/176/29 205/159/29 206/177/29
f 201/176/29 206/177/29 207/174/29
f 190/178/29 203/156/29 180/179/29
f 180/179/29 203/156/29 220/154/29
f 211/172/29 212/180/29 213/170/29
f 214/181/29 216/182/29 213/170/29
f 213/170/29 216/182/29 218/164/29
f 213/170/29 218/164/29 197/166/29
f 214/181/29 215/183/29 216/182/29
f 216/182/29 217/184/29 218/164/29
f 137/185/115 226/186/115 126/187/29
f 126/187/29 226/186/115 227/188/29
f 126/187/29 227/188/29 127/189/116
f 127/189/116 227/188/29 228/190/116
f 127/189/116 228/190/116 128/191/117
f 128/191/118 228/190/119 229/192/118
f 128/191/120 229/192/120 129/193/48
f 129/193/48 229/192/118 230/194/48
f 129/193/48 230/194/48 130/195/85
f 130/195/121 230/194/48 231/196/121
f 130/195/85 231/196/85 131/197/122
f 131/197/122 231/196/123 232/198/122
f 131/197/122 232/198/122 132/199/124
f 132/199/124 232/198/122 221/200/124
f 132/201/124 221/202/124 133/203/125
f 133/203/125 221/202/124 222/204/125
f 133/203/126 222/204/126 134/205/76
f 134/205/76 222/204/126 223/206/76
f 134/205/76 223/206/76 135/207/127
f 135/207/127 223/206/128 224/208/127
f 135/207/127 224/208/127 136/209/129
f 136/209/130 224/208/127 225/210/130
f 136/209/130 225/210/130 137/185/115
f 137/185/115 225/210/130 226/186/115
f 233/20/124 234/211/124 236/212/124
f 236/212/124 234/211/124 235/213/124
f 237/20/48 233/211/48 238/212/48
f 238/212/48 233/211/48 236/213/48
f 239/20/29 237/211/29 240/212/29
f 240/212/29 237/211/29 238/213/29
f 234/20/127 239/211/127 235/212/127
f 235/212/127 239/211/127 240/213/127
f 232/214/44 240/215/44 221/216/44
f 221/216/44 240/215/44 238/217/44
f 221/216/44 238/217/44 222/218/44
f 222/218/44 238/217/44 223/219/44
f 223/219/44 238/217/44 224/220/44
f 224/220/44 238/217/44 236/221/44
f 224/220/44 236/221/44 225/222/44
f 225/222/44 236/221/44 226/223/44
f 226/223/44 236/221/44 227/224/44
f 227/224/44 236/221/44 235/225/44
f 227/224/44 235/225/44 228/226/44
f 228/226/44 235/225/44 229/227/44
f 229/227/44 235/225/44 230/228/44
f 230/228/44 235/225/44 240/215/44
f 230/228/44 240/215/44 231/229/44
f 231/229/44 240/215/44 232/214/44
f 242/230/44 234/231/44 241/232/44
f 241/232/44 234/231/44 233/233/44
f 241/232/44 233/233/44 250/234/44
f 250/234/44 233/233/44 253/235/44
f 253/235/44 233/233/44 246/236/44
f 253/235/44 246/236/44 33/237/44
f 33/237/44 246/236/44 247/238/44
f 33/237/44 247/238/44 42/239/44
f 234/231/44 242/230/44 239/240/44
f 239/240/44 242/230/44 243/241/44
f 239/240/44 243/241/44 216/242/44
f 216/242/44 243/241/44 249/243/44
f 249/243/44 243/241/44 244/244/44
f 249/243/44 244/244/44 241/232/44
f 216/242/44 215/245/44 237/246/44
f 237/246/44 215/245/44 245/247/44
f 237/246/44 245/247/44 233/233/44
f 233/233/44 245/247/44 246/236/44
f 253/235/44 33/237/44 252/248/44
f 252/248/44 33/237/44 248/249/44
f 252/248/44 248/249/44 251/250/44
f 251/250/44 248/249/44 250/234/44
f 250/234/44 248/249/44 249/243/44
f 250/234/44 249/243/44 241/232/44
f 239/240/44 216/242/44 237/246/44
f 179/185/115 259/186/115 168/187/29
f 168/187/29 259/186/115 260/188/29
f 168/187/29 260/188/29 169/189/116
f 169/189/116 260/188/29 261/190/116
f 169/189/116 261/190/116 170/191/118
f 170/191/118 261/190/116 262/192/118
f 170/191/118 262/192/118 171/193/48
f 171/193/48 262/192/120 263/194/48
f 171/193/48 263/194/48 172/195/121
f 172/195/85 263/194/48 264/196/85
f 172/195/85 264/196/85 173/197/122
f 173/197/122 264/196/85 265/198/122
f 173/197/122 265/198/122 174/199/124
f 174/199/124 265/198/122 254/200/124
f 174/201/124 254/202/124 175/203/125
f 175/203/125 254/202/124 255/204/125
f 175/203/125 255/204/125 176/205/131
f 176/205/76 255/204/126 256/206/76
f 176/205/128 256/206/128 177/207/127
f 177/207/127 256/206/76 257/208/127
f 177/207/127 257/208/127 178/209/130
f 178/209/129 257/208/127 258/210/129
f 178/209/130 258/210/130 179/185/132
f 179/185/115 258/210/133 259/186/115
f 242/20/48 241/211/48 267/212/48
f 267/212/48 241/211/48 266/213/48
f 243/20/29 242/211/29 268/212/29
f 268/212/29 242/211/29 267/213/29
f 244/20/127 243/211/127 269/212/127
f 269/212/127 243/211/127 268/213/127
f 241/20/124 244/211/124 266/212/124
f 266/212/124 244/211/124 269/213/124
f 265/116/44 268/215/44 254/118/44
f 254/118/44 268/215/44 267/217/44
f 254/118/44 267/217/44 255/142/44
f 255/142/44 267/217/44 256/140/44
f 256/140/44 267/217/44 257/138/44
f 257/138/44 267/217/44 266/221/44
f 257/138/44 266/221/44 258/135/44
f 258/135/44 266/221/44 259/133/44
f 259/133/44 266/221/44 260/131/44
f 260/131/44 266/221/44 269/225/44
f 260/131/44 269/225/44 261/129/44
f 261/129/44 269/225/44 262/126/44
f 262/126/44 269/225/44 263/124/44
f 263/124/44 269/225/44 268/215/44
f 263/124/44 268/215/44 264/122/44
f 264/122/44 268/215/44 265/116/44
f 95/185/115 275/186/115 84/187/29
f 84/187/29 275/186/115 276/188/29
f 84/187/29 276/188/29 85/189/116
f 85/189/116 276/188/29 277/190/116
f 85/189/116 277/190/116 86/191/117
f 86/191/118 277/190/116 278/192/118
f 86/191/120 278/192/120 87/193/48
f 87/193/48 278/192/118 279/194/48
f 87/193/48 279/194/48 88/195/85
f 88/195/121 279/194/48 280/196/121
f 88/195/85 280/196/85 89/197/122
f 89/197/122 280/196/123 281/198/122
f 89/197/122 281/198/122 90/199/124
f 90/199/124 281/198/122 270/200/124
f 90/201/124 270/202/124 91/203/125
f 91/203/125 270/202/124 271/204/125
f 91/203/125 271/204/125 92/205/131
f 92/205/76 271/204/125 272/206/76
f 92/205/128 272/206/128 93/207/127
f 93/207/127 272/206/76 273/208/127
f 93/207/127 273/208/127 94/209/130
f 94/209/129 273/208/127 274/210/129
f 94/209/130 274/210/130 95/185/115
f 95/185/115 274/210/133 275/186/115
f 251/20/124 250/211/124 283/212/124
f 283/212/124 250/211/124 282/213/124
f 252/20/48 251/211/48 284/212/48
f 284/212/48 251/211/48 283/213/48
f 253/20/29 252/211/29 285/212/29
f 285/212/29 252/211/29 284/213/29
f 250/20/127 253/211/127 282/212/127
f 282/212/127 253/211/127 285/213/127
f 281/116/44 285/215/44 270/118/44
f 270/118/44 285/215/44 284/217/44
f 270/118/44 284/217/44 271/142/44
f 271/142/44 284/217/44 272/140/44
f 272/140/44 284/217/44 273/138/44
f 273/138/44 284/217/44 283/221/44
f 273/138/44 283/221/44 274/135/44
f 274/135/44 283/221/44 275/133/44
f 275/133/44 283/221/44 276/131/44
f 276/131/44 283/221/44 282/225/44
f 276/131/44 282/225/44 277/129/44
f 277/129/44 282/225/44 278/126/44
f 278/126/44 282/225/44 279/124/44
f 279/124/44 282/225/44 285/215/44
f 279/124/44 285/215/44 280/122/44
f 280/122/44 285/215/44 281/116/44
f 286/251/134 287/252/134 289/243/134
f 289/243/134 287/252/134 288/249/134
f 249/212/29 248/253/29 288/254/29
f 288/254/29 248/253/29 289/255/29
f 217/20/48 216/212/48 290/19/48
f 290/19/48 216/212/48 249/256/48
f 290/19/48 249/256/48 288/257/48
f 288/257/48 287/258/48 290/19/48
f 33/259/127 32/260/127 248/212/127
f 248/212/127 32/260/127 44/261/127
f 248/212/127 44/261/127 289/254/127
f 289/254/127 44/261/127 286/262/127
f 32/260/127 31/263/127 44/261/127
f 44/261/127 31/263/127 30/264/127
f 290/265/44 291/266/44 217/267/44
f 217/267/44 291/266/44 218/268/44
f 42/269/29 247/270/29 36/271/29
f 36/271/29 247/270/29 50/272/29
f 36/271/29 50/272/29 49/273/29
f 292/274/29 293/275/29 247/270/29
f 247/270/29 293/275/29 50/272/29
f 294/276/29 295/277/29 293/275/29
f 293/275/29 295/277/29 297/278/29
f 293/275/29 297/278/29 298/279/29
f 295/277/29 296/280/29 297/278/29
f 298/279/29 50/272/29 293/275/29
f 49/273/29 48/281/29 36/271/29
f 36/271/29 48/281/29 37/282/29
f 315/283/124 299/284/124 322/285/124
f 322/285/124 299/284/124 300/286/124
f 322/285/124 300/286/124 321/287/124
f 321/287/124 300/286/124 301/288/124
f 321/287/124 301/288/124 320/289/124
f 320/289/124 301/288/124 302/290/124
f 320/289/124 302/290/124 303/291/124
f 320/289/124 303/291/124 319/292/124
f 319/292/124 303/291/124 304/293/124
f 319/292/124 304/293/124 318/294/124
f 318/294/124 304/293/124 305/295/124
f 318/294/124 305/295/124 317/296/124
f 317/296/124 305/295/124 306/297/124
f 317/296/124 306/297/124 307/298/124
f 317/296/124 307/298/124 316/299/124
f 316/299/124 307/298/124 308/300/124
f 316/299/124 308/300/124 327/301/124
f 327/301/124 308/300/124 309/302/124
f 327/301/124 309/302/124 310/303/124
f 327/301/124 310/303/124 326/304/124
f 326/304/124 310/303/124 311/305/124
f 326/304/124 311/305/124 325/306/124
f 325/306/124 311/305/124 312/307/124
f 325/306/124 312/307/124 324/308/124
f 324/308/124 312/307/124 313/309/124
f 324/308/124 313/309/124 314/310/124
f 324/308/124 314/310/124 323/311/124
f 323/311/124 314/310/124 315/283/124
f 323/311/124 315/283/124 322/285/124
f 329/312/135 300/313/135 328/314/136
f 328/314/136 300/313/135 299/315/136
f 328/314/44 299/315/44 344/316/137
f 344/316/137 299/315/44 315/317/137
f 344/316/138 315/317/138 314/318/139
f 329/312/140 330/319/141 300/313/140
f 300/313/140 330/319/141 301/320/141
f 301/320/141 330/319/141 331/321/142
f 301/320/141 331/321/142 302/322/142
f 302/322/143 331/321/143 332/323/144
f 302/322/143 332/323/144 303/324/144
f 303/324/145 332/323/145 333/325/146
f 303/324/145 333/325/146 304/326/146
f 304/326/147 333/325/147 334/327/148
f 304/326/147 334/327/148 305/328/148
f 305/328/149 334/327/149 335/329/150
f 305/328/149 335/329/150 306/330/150
f 306/330/150 335/329/150 336/331/151
f 306/330/150 336/331/151 307/332/151
f 307/332/152 336/331/152 337/333/153
f 307/332/152 337/333/153 308/334/153
f 308/335/154 337/336/154 338/337/155
f 308/335/154 338/337/155 309/338/155
f 309/338/156 338/337/156 339/339/157
f 309/338/156 339/339/157 310/340/157
f 310/340/158 339/339/158 340/341/159
f 310/340/158 340/341/159 311/342/159
f 311/342/160 340/341/160 341/343/161
f 311/342/160 341/343/161 312/344/161
f 312/344/162 341/343/162 342/345/163
f 312/344/162 342/345/163 313/346/163
f 313/346/164 342/345/164 343/347/139
f 313/346/164 343/347/139 314/318/139
f 314/318/139 343/347/139 344/316/138
f 327/348/165 192/349/165 316/350/93
f 316/350/93 192/349/165 191/351/93
f 316/352/93 191/353/93 317/354/166
f 317/354/166 191/353/93 202/355/166
f 317/354/167 202/355/167 318/356/168
f 318/356/168 202/355/167 201/357/168
f 318/356/168 201/357/168 319/358/48
f 319/358/48 201/357/168 200/359/48
f 319/358/48 200/359/48 320/360/169
f 320/360/169 200/359/48 199/361/169
f 320/360/169 199/361/169 321/362/170
f 321/362/170 199/361/169 198/363/170
f 321/362/171 198/363/171 322/364/44
f 322/364/44 198/363/171 197/365/44
f 322/364/44 197/365/44 323/366/172
f 323/366/172 197/365/44 196/367/172
f 323/366/173 196/367/173 324/368/174
f 324/368/174 196/367/173 195/369/174
f 324/368/174 195/369/174 325/370/127
f 325/370/127 195/369/174 194/371/127
f 325/370/127 194/371/127 326/372/175
f 326/372/175 194/371/127 193/373/175
f 326/372/175 193/373/175 327/348/176
f 327/348/176 193/373/175 192/349/176
f 361/283/124 345/284/124 368/285/124
f 368/285/124 345/284/124 346/286/124
f 368/285/124 346/286/124 367/287/124
f 367/287/124 346/286/124 347/288/124
f 367/287/124 347/288/124 366/289/124
f 366/289/124 347/288/124 348/290/124
f 366/289/124 348/290/124 349/291/124
f 366/289/124 349/291/124 365/292/124
f 365/292/124 349/291/124 350/293/124
f 365/292/124 350/293/124 364/294/124
f 364/294/124 350/293/124 351/295/124
f 364/294/124 351/295/124 363/296/124
f 363/296/124 351/295/124 352/297/124
f 363/296/124 352/297/124 353/298/124
f 363/296/124 353/298/124 362/299/124
f 362/299/124 353/298/124 354/300/124
f 362/299/124 354/300/124 373/301/124
f 373/301/124 354/300/124 355/302/124
f 373/301/124 355/302/124 356/303/124
f 373/301/124 356/303/124 372/304/124
f 372/304/124 356/303/124 357/305/124
f 372/304/124 357/305/124 371/306/124
f 371/306/124 357/305/124 358/307/124
f 371/306/124 358/307/124 370/308/124
f 370/308/124 358/307/124 359/309/124
f 370/308/124 359/309/124 360/310/124
f 370/308/124 360/310/124 369/311/124
f 369/311/124 360/310/124 361/283/124
f 369/311/124 361/283/124 368/285/124
f 375/312/135 346/313/135 374/314/136
f 374/314/136 346/313/135 345/315/136
f 374/314/44 345/315/44 390/316/137
f 390/316/137 345/315/44 361/317/137
f 390/316/138 361/317/138 360/318/139
f 375/312/140 376/319/141 346/313/140
f 346/313/140 376/319/141 347/320/141
f 347/320/141 376/319/141 377/321/142
f 347/320/141 377/321/142 348/322/142
f 348/322/143 377/321/143 378/323/144
f 348/322/143 378/323/144 349/324/144
f 349/324/145 378/323/145 379/325/146
f 349/324/145 379/325/146 350/326/146
f 350/326/147 379/325/147 380/327/148
f 350/326/147 380/327/148 351/328/148
f 351/328/149 380/327/149 381/329/150
f 351/328/149 381/329/150 352/330/150
f 352/330/150 381/329/150 382/331/151
f 352/330/150 382/331/151 353/332/151
f 353/332/152 382/331/152 383/333/153
f 353/332/152 383/333/153 354/334/153
f 354/335/154 383/336/154 384/337/155
f 354/335/154 384/337/155 355/338/155
f 355/338/156 384/337/156 385/339/157
f 355/338/156 385/339/157 356/340/157
f 356/340/158 385/339/158 386/341/159
f 356/340/158 386/341/159 357/342/159
f 357/342/160 386/341/160 387/343/161
f 357/342/160 387/343/161 358/344/161
f 358/344/162 387/343/162 388/345/163
f 358/344/162 388/345/163 359/346/163
f 359/346/177 388/345/177 389/347/139
f 359/346/177 389/347/139 360/318/139
f 360/318/139 389/347/139 390/316/138
f 373/348/165 402/374/165 362/350/93
f 362/350/93 402/374/165 391/375/93
f 362/352/93 391/376/93 363/354/166
f 363/354/166 391/376/93 392/377/166
f 363/354/166 392/377/166 364/356/168
f 364/356/178 392/377/166 393/378/178
f 364/356/168 393/378/168 365/358/48
f 365/358/48 393/378/168 394/379/48
f 365/358/48 394/379/48 366/360/169
f 366/360/169 394/379/48 395/380/169
f 366/360/169 395/380/169 367/362/171
f 367/362/171 395/380/169 396/381/171
f 367/362/171 396/381/171 368/364/44
f 368/364/44 396/381/171 397/382/44
f 368/364/44 397/382/44 369/366/172
f 369/366/172 397/382/44 398/383/172
f 369/366/172 398/383/172 370/368/174
f 370/368/174 398/383/172 399/384/174
f 370/368/174 399/384/174 371/370/127
f 371/370/127 399/384/174 400/385/127
f 371/370/127 400/385/127 372/372/175
f 372/372/175 400/385/127 401/386/175
f 372/372/179 401/386/179 373/348/165
f 373/348/165 401/386/175 402/374/165
f 403/387/180 46/388/180 404/389/180
f 404/389/180 46/388/180 45/390/180
f 405/391/181 406/392/181 410/393/182
f 410/393/182 406/392/181 407/394/182
f 410/393/182 407/394/182 409/395/183
f 409/395/183 407/394/182 408/396/183
f 409/395/184 408/396/184 403/397/180
f 403/397/180 408/396/185 46/398/180
f 412/399/181 406/400/181 411/401/181
f 411/401/181 406/400/181 405/402/181
f 413/391/186 414/392/186 418/393/187
f 418/393/187 414/392/186 415/394/187
f 418/393/188 415/394/188 417/395/189
f 417/395/190 415/394/191 416/396/189
f 417/395/192 416/396/192 411/397/181
f 411/397/181 416/396/193 412/398/181
f 419/403/194 414/404/194 420/405/194
f 420/405/195 414/404/195 413/406/195
f 421/407/196 422/408/196 420/409/196
f 420/409/197 422/408/197 419/410/197
f 424/411/198 425/412/199 423/413/198
f 423/413/198 425/412/199 429/414/200
f 429/414/200 425/412/199 426/415/201
f 429/414/202 426/415/201 428/416/203
f 428/416/204 426/415/201 427/417/205
f 428/416/204 427/417/205 421/418/196
f 421/418/196 427/417/205 422/419/196
f 430/420/198 431/421/198 423/422/198
f 423/422/198 431/421/198 424/423/198
f 433/424/206 434/425/207 432/426/206
f 432/426/206 434/425/207 438/427/208
f 438/427/209 434/425/210 435/415/211
f 438/427/209 435/415/211 437/428/212
f 437/428/213 435/415/214 436/429/215
f 437/428/213 436/429/215 430/430/198
f 430/430/198 436/429/215 431/431/198
f 433/432/216 432/433/216 439/434/216
f 439/434/217 432/433/217 440/435/217
f 441/436/218 442/437/218 440/438/218
f 440/438/218 442/437/218 439/439/218
f 404/440/219 51/441/219 441/442/219
f 441/442/220 51/441/220 443/443/220
f 443/444/221 444/445/222 441/446/223
f 444/445/224 445/447/225 441/448/225
f 445/447/225 442/449/218 441/450/218
f 45/444/180 53/445/226 404/446/226
f 53/445/226 52/447/227 404/448/227
f 52/447/228 51/449/229 404/450/229
f 203/451/230 422/452/230 204/453/231
f 204/453/231 422/452/230 427/454/231
f 204/453/232 427/454/232 205/455/233
f 205/455/233 427/454/232 426/33/233
f 205/455/234 426/33/234 206/456/235
f 206/456/236 426/33/234 425/457/236
f 206/456/237 425/457/237 207/458/2
f 207/458/2 425/457/237 424/459/2
f 424/460/127 431/461/127 207/462/127
f 207/462/127 431/461/127 208/463/127
f 208/464/3 431/465/3 209/466/238
f 209/466/238 431/465/239 436/467/238
f 209/466/240 436/467/240 210/455/241
f 210/455/241 436/467/240 435/33/241
f 210/455/242 435/33/242 211/468/243
f 211/468/243 435/33/242 434/469/243
f 211/468/244 434/469/244 212/470/245
f 212/470/245 434/469/244 433/471/245
f 433/472/246 439/473/246 212/474/246
f 212/474/246 439/473/246 213/475/246
f 83/476/93 452/477/93 69/478/93
f 69/478/93 452/477/93 442/479/93
f 69/478/93 442/479/93 70/480/93
f 70/480/93 442/479/93 71/481/93
f 71/481/93 442/479/93 72/482/93
f 72/482/93 442/479/93 73/483/93
f 73/483/93 442/479/93 295/484/93
f 73/483/93 295/484/93 74/485/93
f 74/485/93 295/484/93 75/486/93
f 75/486/93 295/484/93 76/487/93
f 76/487/93 295/484/93 77/488/93
f 77/488/93 295/484/93 446/489/93
f 77/488/93 446/489/93 447/490/93
f 452/477/93 83/476/93 451/491/93
f 451/491/93 83/476/93 82/492/93
f 451/491/93 82/492/93 450/493/93
f 450/493/93 82/492/93 81/494/93
f 450/493/93 81/494/93 80/495/93
f 450/493/93 80/495/93 449/496/93
f 449/496/93 80/495/93 79/497/93
f 449/496/93 79/497/93 448/498/93
f 448/498/93 79/497/93 78/499/93
f 448/498/93 78/499/93 77/488/93
f 125/500/93 155/501/93 111/502/93
f 111/502/93 155/501/93 154/503/93
f 111/502/93 154/503/93 453/504/93
f 453/504/93 154/503/93 153/505/93
f 453/504/93 153/505/93 442/479/93
f 442/479/93 153/505/93 439/506/93
f 439/506/93 153/505/93 167/507/93
f 439/506/93 167/507/93 166/508/93
f 155/501/93 125/500/93 156/509/93
f 156/509/93 125/500/93 124/510/93
f 156/509/93 124/510/93 157/511/93
f 157/511/93 124/510/93 123/512/93
f 157/511/93 123/512/93 158/513/93
f 158/513/93 123/512/93 122/514/93
f 158/513/93 122/514/93 159/515/93
f 159/515/93 122/514/93 121/516/93
f 159/515/93 121/516/93 160/517/93
f 160/517/93 121/516/93 120/518/93
f 160/517/93 120/518/93 161/519/93
f 161/519/93 120/518/93 119/520/93
f 161/519/93 119/520/93 213/521/93
f 213/521/93 119/520/93 214/522/93
f 214/522/93 119/520/93 118/523/93
f 214/522/93 118/523/93 459/524/93
f 459/524/93 118/523/93 117/525/93
f 459/524/93 117/525/93 116/526/93
f 459/524/93 116/526/93 457/527/93
f 457/527/93 116/526/93 115/528/93
f 457/527/93 115/528/93 456/529/93
f 456/529/93 115/528/93 114/530/93
f 456/529/93 114/530/93 113/531/93
f 456/529/93 113/531/93 455/532/93
f 455/532/93 113/531/93 112/533/93
f 455/532/93 112/533/93 454/534/93
f 454/534/93 112/533/93 111/502/93
f 454/534/93 111/502/93 453/504/93
f 166/508/93 165/535/93 439/506/93
f 439/506/93 165/535/93 164/536/93
f 439/506/93 164/536/93 213/521/93
f 213/521/93 164/536/93 163/537/93
f 213/521/93 163/537/93 162/538/93
f 162/538/93 161/519/93 213/521/93
f 295/484/93 294/539/93 446/489/93
f 447/490/93 448/498/93 77/488/93
f 452/477/93 453/504/93 442/479/93
f 457/527/93 458/540/93 459/524/93
f 295/541/93 442/542/93 296/543/247
f 296/543/248 442/542/93 445/544/248
f 296/543/249 445/544/249 297/545/250
f 297/545/250 445/544/249 444/546/250
f 297/545/250 444/546/250 298/547/63
f 298/547/63 444/546/250 443/548/63
f 51/549/251 50/550/251 443/551/251
f 443/551/252 50/550/252 298/552/252
f 344/553/124 441/554/124 328/555/124
f 328/555/124 441/554/124 440/556/124
f 328/555/124 440/556/124 329/557/124
f 329/557/124 440/556/124 330/558/124
f 330/558/124 440/556/124 430/559/124
f 330/558/124 430/559/124 331/560/124
f 331/560/124 430/559/124 423/561/124
f 331/560/124 423/561/124 332/562/124
f 332/562/124 423/561/124 333/563/124
f 333/563/124 423/561/124 421/564/124
f 333/563/124 421/564/124 334/565/124
f 334/565/124 421/564/124 335/566/124
f 335/566/124 421/564/124 336/567/124
f 336/567/124 421/564/124 420/568/124
f 336/567/124 420/568/124 337/569/124
f 337/569/124 420/568/124 338/570/124
f 338/570/124 420/568/124 339/571/124
f 339/571/124 420/568/124 340/572/124
f 340/572/124 420/568/124 378/573/124
f 340/572/124 378/573/124 341/574/124
f 341/574/124 378/573/124 377/575/124
f 341/574/124 377/575/124 342/576/124
f 342/576/124 377/575/124 376/577/124
f 342/576/124 376/577/124 343/578/124
f 343/578/124 376/577/124 375/579/124
f 343/578/124 375/579/124 344/553/124
f 344/553/124 375/579/124 441/554/124
f 390/580/124 404/581/124 374/582/124
f 374/582/124 404/581/124 441/554/124
f 374/582/124 441/554/124 375/579/124
f 390/580/124 389/583/124 404/581/124
f 404/581/124 389/583/124 388/584/124
f 404/581/124 388/584/124 387/585/124
f 387/585/124 386/586/124 404/581/124
f 404/581/124 386/586/124 385/587/124
f 404/581/124 385/587/124 384/588/124
f 404/581/124 384/588/124 403/589/124
f 403/589/124 384/588/124 383/590/124
f 403/589/124 383/590/124 382/591/124
f 403/589/124 382/591/124 420/568/124
f 420/568/124 382/591/124 381/592/124
f 420/568/124 381/592/124 380/593/124
f 380/593/124 379/594/124 420/568/124
f 420/568/124 379/594/124 378/573/124
f 432/595/124 438/596/124 440/556/124
f 440/556/124 438/596/124 437/597/124
f 440/556/124 437/597/124 430/559/124
f 423/561/124 429/598/124 421/564/124
f 421/564/124 429/598/124 428/599/124
f 420/568/124 413/600/124 403/589/124
f 403/589/124 413/600/124 405/601/124
f 403/589/124 405/601/124 409/602/124
f 409/602/124 405/601/124 410/603/124
f 405/601/124 413/600/124 411/604/124
f 411/604/124 413/600/124 418/605/124
f 411/604/124 418/605/124 417/606/124
f 190/607/253 189/608/253 203/609/253
f 203/609/254 189/608/254 188/610/254
f 203/609/230 188/610/230 460/611/230
f 460/611/255 188/610/255 187/612/255
f 461/613/254 419/506/254 460/611/254
f 460/611/254 419/506/254 422/614/254
f 460/611/254 422/614/254 203/609/254
f 47/615/52 46/616/52 464/617/256
f 464/617/256 46/616/52 408/618/256
f 464/617/257 408/618/257 463/619/258
f 463/619/258 408/618/257 407/620/258
f 463/619/259 407/620/259 462/621/260
f 462/621/260 407/620/259 406/622/260
f 28/623/29 469/624/29 15/625/29
f 15/625/29 469/624/29 470/626/29
f 15/625/29 470/626/29 16/627/29
f 16/627/29 470/626/29 17/628/29
f 17/628/29 470/626/29 18/629/29
f 18/629/29 470/626/29 471/630/29
f 18/629/29 471/630/29 19/631/29
f 19/631/29 471/630/29 287/632/29
f 19/631/29 287/632/29 20/633/29
f 20/633/29 287/632/29 504/634/29
f 20/633/29 504/634/29 21/635/29
f 21/635/29 504/634/29 505/636/29
f 21/635/29 505/636/29 22/637/29
f 22/637/29 505/636/29 506/638/29
f 22/637/29 506/638/29 23/639/29
f 23/639/29 506/638/29 507/640/29
f 23/639/29 507/640/29 24/641/29
f 24/641/29 507/640/29 508/642/29
f 24/641/29 508/642/29 461/643/29
f 461/643/29 508/642/29 509/644/29
f 461/643/29 509/644/29 472/645/29
f 28/623/29 27/646/29 469/624/29
f 469/624/29 27/646/29 26/647/29
f 469/624/29 26/647/29 460/648/29
f 460/648/29 26/647/29 461/643/29
f 461/643/29 26/647/29 25/649/29
f 461/643/29 25/649/29 24/641/29
f 44/650/29 43/651/29 286/652/29
f 286/652/29 43/651/29 47/653/29
f 286/652/29 47/653/29 490/654/29
f 490/654/29 47/653/29 489/655/29
f 489/655/29 47/653/29 488/656/29
f 488/656/29 47/653/29 487/657/29
f 487/657/29 47/653/29 486/658/29
f 486/658/29 47/653/29 485/659/29
f 485/659/29 47/653/29 464/660/29
f 485/659/29 464/660/29 462/661/29
f 462/661/29 464/660/29 463/662/29
f 465/663/29 482/664/29 462/661/29
f 462/661/29 482/664/29 483/665/29
f 462/661/29 483/665/29 484/666/29
f 466/667/29 467/668/29 465/663/29
f 465/663/29 467/668/29 468/669/29
f 465/663/29 468/669/29 478/670/29
f 478/670/29 468/669/29 477/671/29
f 477/671/29 468/669/29 476/672/29
f 476/672/29 468/669/29 475/673/29
f 475/673/29 468/669/29 461/643/29
f 475/673/29 461/643/29 474/674/29
f 474/674/29 461/643/29 473/675/29
f 473/675/29 461/643/29 472/645/29
f 471/630/29 291/676/29 287/632/29
f 287/632/29 291/676/29 290/677/29
f 286/652/29 397/678/29 287/632/29
f 287/632/29 397/678/29 396/679/29
f 287/632/29 396/679/29 501/680/29
f 501/680/29 396/679/29 500/681/29
f 500/681/29 396/679/29 395/682/29
f 500/681/29 395/682/29 499/683/29
f 499/683/29 395/682/29 394/684/29
f 499/683/29 394/684/29 498/685/29
f 498/685/29 394/684/29 393/686/29
f 498/685/29 393/686/29 497/687/29
f 497/687/29 393/686/29 392/688/29
f 497/687/29 392/688/29 496/689/29
f 496/689/29 392/688/29 391/690/29
f 496/689/29 391/690/29 495/691/29
f 495/691/29 391/690/29 494/692/29
f 494/692/29 391/690/29 493/693/29
f 493/693/29 391/690/29 402/694/29
f 493/693/29 402/694/29 492/695/29
f 492/695/29 402/694/29 286/652/29
f 492/695/29 286/652/29 491/696/29
f 491/696/29 286/652/29 490/654/29
f 402/694/29 401/697/29 286/652/29
f 286/652/29 401/697/29 400/698/29
f 286/652/29 400/698/29 399/699/29
f 399/699/29 398/700/29 286/652/29
f 286/652/29 398/700/29 397/678/29
f 478/670/29 479/701/29 465/663/29
f 465/663/29 479/701/29 480/702/29
f 465/663/29 480/702/29 481/703/29
f 481/703/29 482/664/29 465/663/29
f 484/666/29 485/659/29 462/661/29
f 501/680/29 502/704/29 287/632/29
f 287/632/29 502/704/29 503/705/29
f 287/632/29 503/705/29 504/634/29
f 465/706/260 412/707/260 466/708/261
f 466/708/261 412/707/260 416/709/261
f 466/708/262 416/709/262 467/710/263
f 467/710/263 416/709/262 415/711/263
f 467/710/264 415/711/264 468/712/265
f 468/712/266 415/711/267 414/713/266
f 414/714/265 419/715/265 468/716/265
f 468/716/265 419/715/265 461/717/265
f 406/718/260 412/719/260 462/720/260
f 462/720/260 412/719/260 465/721/260
f 245/722/268 215/723/268 459/20/268
f 459/20/268 215/723/268 214/724/268
f 247/725/269 246/726/269 292/727/269
f 292/727/269 246/726/269 510/728/269
f 246/729/29 245/730/29 510/731/29
f 510/731/29 245/730/29 459/732/29
f 510/731/29 459/732/29 458/20/29
f 458/20/29 511/727/29 510/731/29
f 511/733/270 458/734/270 523/735/271
f 523/735/271 458/734/270 457/736/271
f 523/735/271 457/736/271 522/737/272
f 522/737/272 457/736/273 456/738/272
f 522/737/272 456/738/272 521/739/274
f 521/739/274 456/738/272 455/740/274
f 521/739/275 455/740/275 520/741/276
f 520/741/276 455/740/275 454/742/276
f 520/741/277 454/742/277 519/743/278
f 519/743/278 454/742/277 453/744/278
f 519/743/278 453/744/278 518/745/279
f 518/745/279 453/744/278 452/746/279
f 518/745/280 452/746/280 517/747/281
f 517/747/281 452/746/280 451/748/281
f 517/747/281 451/748/281 516/749/282
f 516/749/282 451/748/281 450/750/282
f 516/749/283 450/750/283 515/751/284
f 515/751/284 450/750/283 449/752/284
f 515/751/285 449/752/285 514/753/286
f 514/753/287 449/752/285 448/754/287
f 514/753/286 448/754/286 513/755/288
f 513/755/288 448/754/286 447/756/288
f 513/755/289 447/756/289 512/757/290
f 512/757/290 447/756/289 446/758/290
f 512/757/291 446/758/291 293/759/127
f 293/759/127 446/758/291 294/760/127
f 510/761/93 511/762/93 292/763/93
f 292/763/93 511/762/93 512/764/93
f 292/763/93 512/764/93 293/765/93
f 523/766/93 514/767/93 511/762/93
f 511/762/93 514/767/93 513/768/93
f 511/762/93 513/768/93 512/764/93
f 514/767/93 523/766/93 515/769/93
f 515/769/93 523/766/93 522/770/93
f 515/769/93 522/770/93 516/771/93
f 516/771/93 522/770/93 521/772/93
f 516/771/93 521/772/93 517/773/93
f 517/773/93 521/772/93 520/774/93
f 517/773/93 520/774/93 518/775/93
f 518/775/93 520/774/93 519/776/93
f 187/777/292 186/778/293 460/779/292
f 460/779/294 186/778/293 185/780/295
f 460/779/292 185/780/295 469/781/296
f 469/781/296 185/780/295 184/782/297
f 469/781/296 184/782/297 183/783/298
f 183/783/298 182/784/299 469/781/296
f 469/781/296 182/784/300 181/785/301
f 469/781/296 181/785/301 180/786/302
f 469/781/296 180/786/303 470/787/304
f 470/787/304 180/786/302 220/788/305
f 470/787/304 220/788/305 471/789/306
f 471/789/306 220/788/305 219/790/307
f 471/789/306 219/790/308 291/791/309
f 291/791/309 219/790/307 218/792/309
f 525/793/310 571/794/310 524/795/127
f 524/795/127 571/794/310 548/796/127
f 524/797/127 548/798/127 547/799/311
f 547/799/311 548/798/127 549/800/311
f 547/799/311 549/800/311 546/801/175
f 546/801/175 549/800/311 550/802/175
f 546/801/175 550/802/175 545/803/312
f 545/803/312 550/802/175 551/804/312
f 545/803/312 551/804/312 544/805/165
f 544/805/165 551/804/312 552/806/165
f 544/805/165 552/806/165 543/807/313
f 543/807/313 552/806/165 553/808/313
f 543/807/314 553/808/314 542/809/93
f 542/809/93 553/808/315 554/810/93
f 542/809/93 554/810/93 541/811/316
f 541/811/316 554/810/93 555/812/316
f 541/811/316 555/812/316 540/813/166
f 540/813/166 555/812/316 556/814/166
f 540/813/166 556/814/166 539/815/317
f 539/815/317 556/814/166 557/816/317
f 539/815/317 557/816/317 538/817/168
f 538/817/168 557/816/317 558/818/168
f 538/817/168 558/818/168 537/819/318
f 537/819/318 558/818/168 559/820/318
f 537/819/318 559/820/318 536/732/48
f 536/732/48 559/820/318 560/20/48
f 536/732/48 560/20/48 535/821/268
f 535/821/268 560/20/48 561/822/268
f 535/821/268 561/822/268 534/823/319
f 534/823/169 561/822/268 562/824/169
f 534/823/169 562/824/169 533/825/320
f 533/825/320 562/824/169 563/826/320
f 533/825/320 563/826/320 532/827/171
f 532/827/171 563/826/320 564/828/171
f 532/827/171 564/828/171 531/829/321
f 531/829/321 564/828/171 565/830/321
f 531/829/321 565/830/321 530/831/44
f 530/831/44 565/830/322 566/832/44
f 530/831/44 566/832/44 529/833/323
f 529/833/323 566/832/44 567/834/323
f 529/833/324 567/834/324 528/835/325
f 528/835/172 567/834/324 568/836/172
f 528/835/172 568/836/172 527/837/326
f 527/837/326 568/836/172 569/838/326
f 527/837/326 569/838/326 526/839/174
f 526/839/174 569/838/326 570/840/174
f 526/839/174 570/840/174 525/793/310
f 525/793/310 570/840/174 571/794/310
f 547/841/29 537/842/29 524/843/29
f 524/843/29 537/842/29 536/844/29
f 524/843/29 536/844/29 525/845/29
f 525/845/29 536/844/29 535/846/29
f 525/845/29 535/846/29 526/847/29
f 526/847/29 535/846/29 534/848/29
f 526/847/29 534/848/29 527/849/29
f 527/849/29 534/848/29 533/850/29
f 527/849/29 533/850/29 528/851/29
f 528/851/29 533/850/29 532/852/29
f 528/851/29 532/852/29 529/853/29
f 529/853/29 532/852/29 531/854/29
f 529/853/29 531/854/29 530/855/29
f 537/842/29 547/841/29 538/856/29
f 538/856/29 547/841/29 546/857/29
f 538/856/29 546/857/29 539/858/29
f 539/858/29 546/857/29 545/859/29
f 539/858/29 545/859/29 540/860/29
f 540/860/29 545/859/29 544/861/29
f 540/860/29 544/861/29 541/862/29
f 541/862/29 544/861/29 543/863/29
f 541/862/29 543/863/29 542/864/29
f 573/865/327 627/866/327 572/867/127
f 572/867/127 627/866/327 600/868/127
f 572/869/127 600/870/127 599/871/328
f 599/871/328 600/870/127 601/872/328
f 599/871/329 601/872/329 598/873/4
f 598/873/4 601/872/329 602/874/4
f 598/873/4 602/874/4 597/875/330
f 597/875/330 602/874/4 603/876/330
f 597/875/330 603/876/330 596/877/6
f 596/877/6 603/876/330 604/878/6
f 596/877/6 604/878/6 595/879/331
f 595/879/331 604/878/6 605/880/331
f 595/879/331 605/880/331 594/881/8
f 594/881/8 605/880/331 606/882/8
f 594/881/9 606/882/9 593/883/93
f 593/883/93 606/882/9 607/884/93
f 593/883/93 607/884/93 592/885/10
f 592/885/10 607/884/93 608/886/10
f 592/885/11 608/886/11 591/887/332
f 591/887/332 608/886/11 609/888/332
f 591/887/332 609/888/332 590/889/12
f 590/889/12 609/888/332 610/890/12
f 590/889/12 610/890/12 589/891/333
f 589/891/333 610/890/12 611/8/333
f 589/891/333 611/8/333 588/892/15
f 588/892/15 611/8/333 612/12/15
f 588/892/15 612/12/15 587/893/334
f 587/893/334 612/12/15 613/16/334
f 587/893/335 613/16/335 586/261/48
f 586/261/48 613/16/335 614/20/48
f 586/261/48 614/20/48 585/894/336
f 585/894/336 614/20/48 615/24/336
f 585/894/337 615/24/337 584/895/18
f 584/895/18 615/24/337 616/28/18
f 584/895/18 616/28/18 583/896/338
f 583/896/338 616/28/18 617/2/338
f 583/896/338 617/2/338 582/897/20
f 582/897/20 617/2/338 618/898/20
f 582/897/20 618/898/20 581/899/339
f 581/899/339 618/898/20 619/900/339
f 581/899/339 619/900/339 580/901/22
f 580/901/22 619/900/339 620/902/22
f 580/901/23 620/902/23 579/903/44
f 579/903/44 620/902/23 621/904/44
f 579/903/44 621/904/44 578/905/24
f 578/905/24 621/904/44 622/906/24
f 578/905/25 622/906/25 577/907/340
f 577/907/340 622/906/25 623/908/340
f 577/907/340 623/908/340 576/909/27
f 576/909/27 623/908/340 624/910/27
f 576/909/27 624/910/27 575/911/341
f 575/911/341 624/910/27 625/912/341
f 575/911/341 625/912/341 574/913/1
f 574/913/1 625/912/341 626/914/1
f 574/913/1 626/914/1 573/865/342
f 573/865/342 626/914/1 627/866/342
f 571/845/29 573/915/29 548/843/29
f 548/843/29 573/915/29 572/916/29
f 548/843/29 572/916/29 599/917/29
f 573/915/29 571/845/29 574/918/29
f 574/918/29 571/845/29 570/847/29
f 574/918/29 570/847/29 575/919/29
f 575/919/29 570/847/29 569/849/29
f 575/919/29 569/849/29 576/920/29
f 576/920/29 569/849/29 568/851/29
f 576/920/29 568/851/29 577/921/29
f 577/921/29 568/851/29 567/853/29
f 577/921/29 567/853/29 578/922/29
f 578/922/29 567/853/29 566/855/29
f 578/922/29 566/855/29 579/613/29
f 579/613/29 566/855/29 580/923/29
f 580/923/29 566/855/29 565/854/29
f 580/923/29 565/854/29 581/924/29
f 581/924/29 565/854/29 564/852/29
f 581/924/29 564/852/29 582/925/29
f 582/925/29 564/852/29 563/850/29
f 582/925/29 563/850/29 583/926/29
f 583/926/29 563/850/29 562/848/29
f 583/926/29 562/848/29 584/927/29
f 584/927/29 562/848/29 561/846/29
f 584/927/29 561/846/29 585/928/29
f 585/928/29 561/846/29 560/844/29
f 585/928/29 560/844/29 586/929/29
f 586/929/29 560/844/29 587/930/29
f 587/930/29 560/844/29 559/842/29
f 587/930/29 559/842/29 588/931/29
f 588/931/29 559/842/29 558/856/29
f 588/931/29 558/856/29 589/932/29
f 589/932/29 558/856/29 557/858/29
f 589/932/29 557/858/29 590/933/29
f 590/933/29 557/858/29 556/860/29
f 590/933/29 556/860/29 591/934/29
f 591/934/29 556/860/29 555/862/29
f 591/934/29 555/862/29 592/935/29
f 592/935/29 555/862/29 554/864/29
f 592/935/29 554/864/29 593/936/29
f 593/936/29 554/864/29 594/937/29
f 594/937/29 554/864/29 553/863/29
f 594/937/29 553/863/29 595/938/29
f 595/938/29 553/863/29 552/861/29
f 595/938/29 552/861/29 596/939/29
f 596/939/29 552/861/29 551/859/29
f 596/939/29 551/859/29 597/940/29
f 597/940/29 551/859/29 550/857/29
f 597/940/29 550/857/29 598/941/29
f 598/941/29 550/857/29 549/841/29
f 598/941/29 549/841/29 599/917/29
f 599/917/29 549/841/29 548/843/29
f 629/942/343 473/943/343 628/944/48
f 628/944/48 473/943/343 472/945/48
f 628/946/48 472/947/48 665/948/344
f 665/948/344 472/947/48 509/949/344
f 665/948/344 509/949/344 664/950/345
f 664/950/345 509/949/344 508/951/345
f 664/950/345 508/951/345 663/952/346
f 663/952/346 508/951/345 507/953/346
f 663/952/347 507/953/347 662/954/348
f 662/954/348 507/953/347 506/955/348
f 662/954/349 506/955/349 661/956/350
f 661/956/350 506/955/349 505/957/350
f 661/956/351 505/957/351 660/958/352
f 660/958/352 505/957/351 504/959/352
f 660/958/353 504/959/353 659/960/354
f 659/960/354 504/959/353 503/961/354
f 659/960/354 503/961/354 658/962/355
f 658/962/355 503/961/354 502/963/355
f 658/962/356 502/963/356 657/964/357
f 657/964/357 502/963/356 501/965/357
f 657/964/357 501/965/357 656/966/358
f 656/966/358 501/965/357 500/967/358
f 656/966/358 500/967/358 655/968/359
f 655/968/359 500/967/358 499/969/359
f 655/968/360 499/969/360 654/970/361
f 654/970/361 499/969/360 498/971/361
f 654/970/361 498/971/361 653/972/362
f 653/972/362 498/971/361 497/973/362
f 653/972/363 497/973/363 652/974/364
f 652/974/364 497/973/363 496/975/364
f 652/974/365 496/975/365 651/976/366
f 651/976/366 496/975/365 495/977/366
f 651/976/367 495/977/367 650/978/368
f 650/978/368 495/977/367 494/979/368
f 650/978/369 494/979/369 649/980/370
f 649/980/370 494/979/369 493/981/370
f 649/980/370 493/981/370 648/982/371
f 648/982/371 493/981/370 492/983/371
f 648/982/371 492/983/371 647/34/127
f 647/34/127 492/983/371 491/20/127
f 647/34/127 491/20/127 646/984/372
f 646/984/372 491/20/127 490/985/372
f 646/984/372 490/985/372 645/986/373
f 645/986/373 490/985/372 489/987/373
f 645/986/373 489/987/373 644/988/374
f 644/988/374 489/987/373 488/989/374
f 644/988/375 488/989/375 643/990/376
f 643/990/376 488/989/375 487/991/376
f 643/990/377 487/991/377 642/992/378
f 642/992/378 487/991/377 486/993/378
f 642/992/379 486/993/379 641/994/380
f 641/994/380 486/993/379 485/995/380
f 641/994/381 485/995/381 640/996/382
f 640/996/382 485/995/381 484/997/382
f 640/996/382 484/997/382 639/998/383
f 639/998/383 484/997/382 483/999/383
f 639/998/384 483/999/384 638/1000/385
f 638/1000/385 483/999/384 482/1001/385
f 638/1000/385 482/1001/385 637/1002/386
f 637/1002/386 482/1001/385 481/1003/386
f 637/1002/386 481/1003/386 636/1004/387
f 636/1004/387 481/1003/386 480/1005/387
f 636/1004/388 480/1005/388 635/1006/389
f 635/1006/389 480/1005/388 479/1007/389
f 635/1006/389 479/1007/389 634/1008/390
f 634/1008/390 479/1007/389 478/1009/390
f 634/1008/391 478/1009/391 633/1010/392
f 633/1010/392 478/1009/391 477/1011/392
f 633/1010/393 477/1011/393 632/1012/394
f 632/1012/394 477/1011/393 476/1013/394
f 632/1012/395 476/1013/395 631/1014/396
f 631/1014/396 476/1013/395 475/1015/396
f 631/1014/397 475/1015/397 630/1016/398
f 630/1016/398 475/1015/397 474/1017/398
f 630/1016/398 474/1017/398 629/942/343
f 629/942/343 474/1017/398 473/943/343
f 627/915/29 629/1018/29 600/916/29
f 600/916/29 629/1018/29 628/1019/29
f 600/916/29 628/1019/29 665/1020/29
f 629/1018/29 627/915/29 630/1021/29
f 630/1021/29 627/915/29 626/918/29
f 630/1021/29 626/918/29 631/1022/29
f 631/1022/29 626/918/29 625/919/29
f 631/1022/29 625/919/29 632/1023/29
f 632/1023/29 625/919/29 633/1024/29
f 633/1024/29 625/919/29 624/920/29
f 633/1024/29 624/920/29 634/1025/29
f 634/1025/29 624/920/29 623/921/29
f 634/1025/29 623/921/29 635/1026/29
f 635/1026/29 623/921/29 622/922/29
f 635/1026/29 622/922/29 636/1027/29
f 636/1027/29 622/922/29 637/1028/29
f 637/1028/29 622/922/29 621/613/29
f 637/1028/29 621/613/29 638/1029/29
f 638/1029/29 621/613/29 620/923/29
f 638/1029/29 620/923/29 639/1030/29
f 639/1030/29 620/923/29 640/1031/29
f 640/1031/29 620/923/29 619/924/29
f 640/1031/29 619/924/29 641/1032/29
f 641/1032/29 619/924/29 618/925/29
f 641/1032/29 618/925/29 642/1033/29
f 642/1033/29 618/925/29 617/926/29
f 642/1033/29 617/926/29 643/1034/29
f 643/1034/29 617/926/29 644/1035/29
f 644/1035/29 617/926/29 616/927/29
f 644/1035/29 616/927/29 645/1036/29
f 645/1036/29 616/927/29 615/928/29
f 645/1036/29 615/928/29 646/1037/29
f 646/1037/29 615/928/29 614/929/29
f 646/1037/29 614/929/29 647/1038/29
f 647/1038/29 614/929/29 648/1039/29
f 648/1039/29 614/929/29 613/930/29
f 648/1039/29 613/930/29 649/1040/29
f 649/1040/29 613/930/29 612/931/29
f 649/1040/29 612/931/29 650/1041/29
f 650/1041/29 612/931/29 611/932/29
f 650/1041/29 611/932/29 651/1042/29
f 651/1042/29 611/932/29 652/1043/29
f 652/1043/29 611/932/29 610/933/29
f 652/1043/29 610/933/29 653/1044/29
f 653/1044/29 610/933/29 609/934/29
f 653/1044/29 609/934/29 654/1045/29
f 654/1045/29 609/934/29 608/935/29
f 654/1045/29 608/935/29 655/1046/29
f 655/1046/29 608/935/29 656/1047/29
f 656/1047/29 608/935/29 607/936/29
f 656/1047/29 607/936/29 657/1048/29
f 657/1048/29 607/936/29 606/937/29
f 657/1048/29 606/937/29 658/1049/29
f 658/1049/29 606/937/29 659/1050/29
f 659/1050/29 606/937/29 605/938/29
f 659/1050/29 605/938/29 660/1051/29
f 660/1051/29 605/938/29 604/939/29
f 660/1051/29 604/939/29 661/1052/29
f 661/1052/29 604/939/29 603/940/29
f 661/1052/29 603/940/29 662/1053/29
f 662/1053/29 603/940/29 663/1054/29
f 663/1054/29 603/940/29 602/941/29
f 663/1054/29 602/941/29 664/1055/29
f 664/1055/29 602/941/29 601/917/29
f 664/1055/29 601/917/29 665/1020/29
f 665/1020/29 601/917/29 600/916/29
f 667/1056/399 705/1057/399 666/1058/48
f 666/1058/48 705/1057/399 686/1059/48
f 666/1060/48 686/1061/48 685/1062/400
f 685/1062/400 686/1061/48 687/1063/400
f 685/1062/401 687/1063/401 684/1064/402
f 684/1064/402 687/1063/401 688/1065/402
f 684/1064/402 688/1065/402 683/1066/403
f 683/1066/403 688/1065/402 689/1067/403
f 683/1066/403 689/1067/403 682/1068/404
f 682/1068/404 689/1067/403 690/1069/404
f 682/1068/405 690/1069/405 681/1070/44
f 681/1070/44 690/1069/405 691/1071/44
f 681/1070/44 691/1071/44 680/1072/406
f 680/1072/406 691/1071/44 692/1073/406
f 680/1072/407 692/1073/407 679/1074/408
f 679/1074/408 692/1073/407 693/1075/408
f 679/1074/408 693/1075/408 678/1076/409
f 678/1076/409 693/1075/408 694/1077/409
f 678/1076/409 694/1077/409 677/1078/410
f 677/1078/410 694/1077/409 695/1079/410
f 677/1078/411 695/1079/411 676/1080/127
f 676/1080/127 695/1079/411 696/20/127
f 676/1080/127 696/20/127 675/1081/412
f 675/1081/412 696/20/127 697/1082/412
f 675/1081/413 697/1082/413 674/1083/414
f 674/1083/414 697/1082/413 698/1084/414
f 674/1083/414 698/1084/414 673/1085/415
f 673/1085/415 698/1084/414 699/1086/415
f 673/1085/415 699/1086/415 672/1087/416
f 672/1087/416 699/1086/415 700/1088/416
f 672/1087/417 700/1088/417 671/1089/93
f 671/1089/93 700/1088/417 701/1090/93
f 671/1089/93 701/1090/93 670/1091/418
f 670/1091/418 701/1090/93 702/1092/418
f 670/1091/419 702/1092/419 669/1093/420
f 669/1093/420 702/1092/419 703/1094/420
f 669/1093/420 703/1094/420 668/1095/421
f 668/1095/421 703/1094/420 704/1096/421
f 668/1095/421 704/1096/421 667/1056/422
f 667/1056/422 704/1096/421 705/1057/422
f 707/1056/399 745/1057/399 706/1058/48
f 706/1058/48 745/1057/399 726/1059/48
f 706/1060/48 726/1061/48 725/1062/400
f 725/1062/400 726/1061/48 727/1063/400
f 725/1062/401 727/1063/401 724/1064/402
f 724/1064/402 727/1063/401 728/1065/402
f 724/1064/402 728/1065/402 723/1066/403
f 723/1066/403 728/1065/402 729/1067/403
f 723/1066/403 729/1067/403 722/1068/404
f 722/1068/404 729/1067/403 730/1069/404
f 722/1068/405 730/1069/405 721/1070/44
f 721/1070/44 730/1069/405 731/1071/44
f 721/1070/44 731/1071/44 720/1072/406
f 720/1072/406 731/1071/44 732/1073/406
f 720/1072/407 732/1073/407 719/1074/408
f 719/1074/408 732/1073/407 733/1075/408
f 719/1074/408 733/1075/408 718/1076/409
f 718/1076/409 733/1075/408 734/1077/409
f 718/1076/409 734/1077/409 717/1078/410
f 717/1078/410 734/1077/409 735/1079/410
f 717/1078/411 735/1079/411 716/1080/127
f 716/1080/127 735/1079/411 736/20/127
f 716/1080/127 736/20/127 715/1081/412
f 715/1081/412 736/20/127 737/1082/412
f 715/1081/413 737/1082/413 714/1083/414
f 714/1083/414 737/1082/413 738/1084/414
f 714/1083/414 738/1084/414 713/1085/415
f 713/1085/415 738/1084/414 739/1086/415
f 713/1085/415 739/1086/415 712/1087/416
f 712/1087/416 739/1086/415 740/1088/416
f 712/1087/417 740/1088/417 711/1089/93
f 711/1089/93 740/1088/417 741/1090/93
f 711/1089/93 741/1090/93 710/1091/418
f 710/1091/418 741/1090/93 742/1092/418
f 710/1091/419 742/1092/419 709/1093/420
f 709/1093/420 742/1092/419 743/1094/420
f 709/1093/420 743/1094/420 708/1095/421
f 708/1095/421 743/1094/420 744/1096/421
f 708/1095/421 744/1096/421 707/1056/422
f 707/1056/422 744/1096/421 745/1057/422
f 747/1097/4 773/8/4 746/1098/3
f 746/1098/3 773/8/4 760/6/3
f 746/1099/2 760/4/2 759/1100/1
f 759/1100/1 760/4/2 761/2/1
f 759/1100/28 761/2/28 758/1101/27
f 758/1101/27 761/2/28 762/30/27
f 758/1101/26 762/30/26 757/1102/25
f 757/1102/25 762/30/26 763/28/25
f 757/1102/24 763/28/24 756/1103/23
f 756/1103/23 763/28/24 764/26/23
f 756/1103/22 764/26/22 755/1104/21
f 755/1104/21 764/26/22 765/24/21
f 755/1104/20 765/24/20 754/1105/19
f 754/1105/19 765/24/20 766/22/19
f 754/1105/18 766/22/18 753/1106/17
f 753/1106/17 766/22/18 767/20/17
f 753/1106/16 767/20/16 752/1107/15
f 752/1107/15 767/20/16 768/18/15
f 752/1107/14 768/18/14 751/1108/12
f 751/1108/12 768/18/14 769/16/12
f 751/1108/13 769/16/13 750/1109/11
f 750/1109/11 769/16/13 770/14/11
f 750/1109/10 770/14/10 749/1110/9
f 749/1110/9 770/14/10 771/12/9
f 749/1110/8 771/12/8 748/1111/7
f 748/1111/7 771/12/8 772/10/7
f 748/1111/6 772/10/6 747/1097/5
f 747/1097/5 772/10/6 773/8/5
f 759/36/124 754/35/124 746/34/124
f 746/34/124 754/35/124 753/33/124
f 746/34/124 753/33/124 747/32/124
f 747/32/124 753/33/124 752/31/124
f 747/32/124 752/31/124 748/41/124
f 748/41/124 752/31/124 751/42/124
f 748/41/124 751/42/124 749/43/124
f 749/43/124 751/42/124 750/44/124
f 754/35/124 759/36/124 755/37/124
f 755/37/124 759/36/124 758/38/124
f 755/37/124 758/38/124 756/39/124
f 756/39/124 758/38/124 757/40/124
f 775/1112/124 776/1113/423 774/46/124
f 774/46/424 776/1113/423 786/48/425
f 786/48/425 776/1113/423 777/1114/426
f 786/48/427 777/1114/428 778/1115/429
f 786/48/427 778/1115/429 785/50/430
f 785/50/431 778/1115/429 779/1116/432
f 785/50/431 779/1116/432 784/53/433
f 784/53/434 779/1116/435 783/54/436
f 783/54/436 779/1116/437 780/1117/44
f 783/54/438 780/1117/44 782/56/439
f 782/56/440 780/1117/44 781/57/44
f 784/1118/48 783/1119/48 787/59/48
f 787/59/48 783/1119/48 782/1120/48
f 787/59/48 782/1120/48 781/62/48
f 775/64/44 774/1121/44 789/20/44
f 789/20/44 774/1121/44 788/1122/44
f 775/1123/50 789/1124/50 776/1125/50
f 776/1125/441 789/1124/441 792/1126/441
f 792/1126/52 789/1124/52 791/1127/52
f 791/1127/52 789/1124/52 790/1128/52
f 779/1129/57 793/544/56 780/1130/58
f 780/1130/58 793/544/56 794/546/59
f 780/1130/58 794/546/59 798/1131/60
f 798/1131/61 794/546/59 797/1132/62
f 797/1132/64 794/546/65 795/548/63
f 797/1132/64 795/548/63 796/547/63
f 779/1129/57 778/1133/55 793/544/56
f 793/544/54 778/1133/55 777/1134/53
f 793/544/54 777/1134/53 792/542/52
f 792/542/52 777/1134/53 776/1135/52
f 800/1136/442 828/91/442 799/1137/443
f 799/1137/443 828/91/442 814/89/443
f 799/1138/124 814/87/124 813/1139/444
f 813/1139/444 814/87/124 815/85/444
f 813/1139/445 815/85/445 812/1140/446
f 812/1140/446 815/85/445 816/115/446
f 812/1140/447 816/115/447 811/1141/448
f 811/1141/449 816/115/447 817/113/449
f 811/1141/448 817/113/448 810/1142/450
f 810/1142/450 817/113/448 818/111/450
f 810/1142/451 818/111/451 809/1143/118
f 809/1143/118 818/111/451 819/109/118
f 809/1143/118 819/109/118 808/1144/452
f 808/1144/452 819/109/118 820/107/452
f 808/1144/453 820/107/453 807/1145/454
f 807/1145/454 820/107/455 821/105/454
f 807/1145/456 821/105/456 806/1146/457
f 806/1146/457 821/105/456 822/103/457
f 806/1146/458 822/103/458 805/1147/459
f 805/1147/459 822/103/458 823/101/459
f 805/1147/460 823/101/460 804/1148/130
f 804/1148/130 823/101/460 824/99/130
f 804/1148/130 824/99/130 803/1149/461
f 803/1149/461 824/99/130 825/97/461
f 803/1149/462 825/97/462 802/1150/463
f 802/1150/463 825/97/462 826/95/463
f 802/1150/464 826/95/464 801/1151/465
f 801/1151/465 826/95/464 827/93/465
f 801/1151/466 827/93/466 800/1136/467
f 800/1136/467 827/93/466 828/91/467
f 830/133/93 800/1152/93 829/131/93
f 829/131/93 800/1152/93 799/1153/93
f 829/131/93 799/1153/93 813/1154/93
f 800/1152/93 830/133/93 801/1155/93
f 801/1155/93 830/133/93 831/135/93
f 801/1155/93 831/135/93 802/1156/93
f 802/1156/93 831/135/93 832/138/93
f 802/1156/93 832/138/93 803/1157/93
f 803/1157/93 832/138/93 833/140/93
f 803/1157/93 833/140/93 804/1158/93
f 804/1158/93 833/140/93 805/1159/93
f 805/1159/93 833/140/93 834/142/93
f 805/1159/93 834/142/93 806/1160/93
f 806/1160/93 834/142/93 835/118/93
f 806/1160/93 835/118/93 807/1161/93
f 807/1161/93 835/118/93 836/116/93
f 807/1161/93 836/116/93 808/1162/93
f 808/1162/93 836/116/93 837/122/93
f 808/1162/93 837/122/93 809/1163/93
f 809/1163/93 837/122/93 810/1164/93
f 810/1164/93 837/122/93 838/124/93
f 810/1164/93 838/124/93 811/1165/93
f 811/1165/93 838/124/93 839/126/93
f 811/1165/93 839/126/93 812/1166/93
f 812/1166/93 839/126/93 840/129/93
f 812/1166/93 840/129/93 813/1154/93
f 813/1154/93 840/129/93 829/131/93
f 842/1136/442 870/91/442 841/1137/124
f 841/1137/443 870/91/442 856/89/443
f 841/1138/468 856/87/468 855/1139/444
f 855/1139/444 856/87/468 857/85/444
f 855/1139/445 857/85/445 854/1140/446
f 854/1140/446 857/85/445 858/115/446
f 854/1140/447 858/115/447 853/1141/448
f 853/1141/449 858/115/447 859/113/449
f 853/1141/448 859/113/448 852/1142/450
f 852/1142/450 859/113/448 860/111/450
f 852/1142/451 860/111/451 851/1143/118
f 851/1143/118 860/111/451 861/109/118
f 851/1143/117 861/109/117 850/1144/452
f 850/1144/452 861/109/118 862/107/452
f 850/1144/455 862/107/455 849/1145/454
f 849/1145/454 862/107/453 863/105/454
f 849/1145/456 863/105/456 848/1146/457
f 848/1146/457 863/105/456 864/103/457
f 848/1146/458 864/103/458 847/1147/459
f 847/1147/459 864/103/458 865/101/459
f 847/1147/460 865/101/460 846/1148/130
f 846/1148/130 865/101/460 866/99/130
f 846/1148/130 866/99/130 845/1149/461
f 845/1149/461 866/99/130 867/97/461
f 845/1149/462 867/97/462 844/1150/463
f 844/1150/463 867/97/462 868/95/463
f 844/1150/464 868/95/464 843/1151/465
f 843/1151/465 868/95/469 869/93/465
f 843/1151/466 869/93/466 842/1136/467
f 842/1136/467 869/93/466 870/91/467
f 872/133/93 842/1152/93 871/131/93
f 871/131/93 842/1152/93 841/1153/93
f 871/131/93 841/1153/93 855/1154/93
f 842/1152/93 872/133/93 843/1155/93
f 843/1155/93 872/133/93 873/135/93
f 843/1155/93 873/135/93 844/1156/93
f 844/1156/93 873/135/93 874/138/93
f 844/1156/93 874/138/93 845/1157/93
f 845/1157/93 874/138/93 875/140/93
f 845/1157/93 875/140/93 846/1158/93
f 846/1158/93 875/140/93 847/1159/93
f 847/1159/93 875/140/93 876/142/93
f 847/1159/93 876/142/93 848/1160/93
f 848/1160/93 876/142/93 877/118/93
f 848/1160/93 877/118/93 849/1161/93
f 849/1161/93 877/118/93 878/116/93
f 849/1161/93 878/116/93 850/1162/93
f 850/1162/93 878/116/93 879/122/93
f 850/1162/93 879/122/93 851/1163/93
f 851/1163/93 879/122/93 852/1164/93
f 852/1164/93 879/122/93 880/124/93
f 852/1164/93 880/124/93 853/1165/93
f 853/1165/93 880/124/93 881/126/93
f 853/1165/93 881/126/93 854/1166/93
f 854/1166/93 881/126/93 882/129/93
f 854/1166/93 882/129/93 855/1154/93
f 855/1154/93 882/129/93 871/131/93
f 884/1136/442 912/91/442 883/1137/443
f 883/1137/443 912/91/442 898/89/443
f 883/1138/124 898/87/124 897/1139/444
f 897/1139/444 898/87/124 899/85/444
f 897/1139/445 899/85/445 896/1140/446
f 896/1140/446 899/85/445 900/115/446
f 896/1140/447 900/115/447 895/1141/449
f 895/1141/449 900/115/447 901/113/449
f 895/1141/448 901/113/448 894/1142/450
f 894/1142/450 901/113/448 902/111/450
f 894/1142/451 902/111/451 893/1143/118
f 893/1143/118 902/111/451 903/109/118
f 893/1143/118 903/109/118 892/1144/452
f 892/1144/452 903/109/118 904/107/452
f 892/1144/455 904/107/455 891/1145/454
f 891/1145/454 904/107/455 905/105/454
f 891/1145/456 905/105/456 890/1146/457
f 890/1146/457 905/105/456 906/103/457
f 890/1146/458 906/103/458 889/1147/459
f 889/1147/459 906/103/458 907/101/459
f 889/1147/460 907/101/460 888/1148/130
f 888/1148/130 907/101/460 908/99/130
f 888/1148/130 908/99/130 887/1149/461
f 887/1149/461 908/99/130 909/97/461
f 887/1149/462 909/97/462 886/1150/463
f 886/1150/463 909/97/462 910/95/463
f 886/1150/464 910/95/464 885/1151/465
f 885/1151/465 910/95/464 911/93/465
f 885/1151/466 911/93/466 884/1136/467
f 884/1136/467 911/93/466 912/91/467
f 914/133/93 884/1152/93 913/131/93
f 913/131/93 884/1152/93 883/1153/93
f 913/131/93 883/1153/93 897/1154/93
f 884/1152/93 914/133/93 885/1155/93
f 885/1155/93 914/133/93 915/135/93
f 885/1155/93 915/135/93 886/1156/93
f 886/1156/93 915/135/93 916/138/93
f 886/1156/93 916/138/93 887/1157/93
f 887/1157/93 916/138/93 917/140/93
f 887/1157/93 917/140/93 888/1158/93
f 888/1158/93 917/140/93 889/1159/93
f 889/1159/93 917/140/93 918/142/93
f 889/1159/93 918/142/93 890/1160/93
f 890/1160/93 918/142/93 919/118/93
f 890/1160/93 919/118/93 891/1161/93
f 891/1161/93 919/118/93 920/116/93
f 891/1161/93 920/116/93 892/1162/93
f 892/1162/93 920/116/93 921/122/93
f 892/1162/93 921/122/93 893/1163/93
f 893/1163/93 921/122/93 894/1164/93
f 894/1164/93 921/122/93 922/124/93
f 894/1164/93 922/124/93 895/1165/93
f 895/1165/93 922/124/93 923/126/93
f 895/1165/93 923/126/93 896/1166/93
f 896/1166/93 923/126/93 924/129/93
f 896/1166/93 924/129/93 897/1154/93
f 897/1154/93 924/129/93 913/131/93
f 925/1167/124 926/1168/470 935/1169/471
f 935/1169/472 926/1168/470 927/1170/473
f 935/1169/474 927/1170/475 934/6/476
f 934/6/477 927/1170/475 928/1171/478
f 934/6/477 928/1171/479 929/1172/480
f 934/6/481 929/1172/482 933/87/483
f 933/87/97 929/1172/482 930/1173/484
f 933/87/99 930/1173/484 931/1174/485
f 931/1174/485 932/1175/97 933/87/97
f 937/1176/124 965/1177/124 936/1178/124
f 936/1178/124 965/1177/124 948/1179/124
f 936/1178/124 948/1179/124 947/1180/124
f 947/1180/124 948/1179/124 949/1181/124
f 947/1180/124 949/1181/124 946/1182/124
f 946/1182/124 949/1181/124 945/1183/124
f 945/1183/124 949/1181/124 944/1184/124
f 944/1184/124 949/1181/124 950/1185/124
f 944/1184/124 950/1185/124 943/1186/124
f 943/1186/124 950/1185/124 942/1187/124
f 942/1187/124 950/1185/124 955/1188/124
f 942/1187/124 955/1188/124 959/1189/124
f 959/1189/124 955/1188/124 958/1190/124
f 958/1190/124 955/1188/124 957/1191/124
f 957/1191/124 955/1188/124 956/1192/124
f 938/1193/124 963/1194/124 937/1176/124
f 937/1176/124 963/1194/124 964/1195/124
f 937/1176/124 964/1195/124 965/1177/124
f 939/1196/124 961/1197/124 938/1193/124
f 938/1193/124 961/1197/124 962/1198/124
f 938/1193/124 962/1198/124 963/1194/124
f 939/1196/124 940/1199/124 961/1197/124
f 961/1197/124 940/1199/124 960/1200/124
f 960/1200/124 940/1199/124 941/1201/124
f 960/1200/124 941/1201/124 942/1187/124
f 933/1202/124 932/1203/124 965/1177/124
f 965/1177/124 932/1203/124 948/1179/124
f 951/1204/124 952/1205/124 950/1185/124
f 950/1185/124 952/1205/124 955/1188/124
f 953/1206/124 954/1207/124 952/1205/124
f 952/1205/124 954/1207/124 955/1188/124
f 959/1189/124 960/1200/124 942/1187/124
f 882/1208/122 971/1209/122 871/1210/124
f 871/1210/124 971/1209/122 972/261/124
f 871/1210/124 972/261/124 872/1211/125
f 872/1211/125 972/261/124 973/1212/125
f 872/1211/126 973/1212/126 873/1213/76
f 873/1213/76 973/1212/125 974/1214/76
f 873/1213/76 974/1214/76 874/1215/127
f 874/1215/127 974/1214/128 975/1216/127
f 874/1215/127 975/1216/127 875/1217/129
f 875/1217/130 975/1216/127 976/1218/130
f 875/1217/130 976/1218/130 876/1219/115
f 876/1219/115 976/1218/130 977/1220/115
f 876/1219/115 977/1220/115 877/1221/29
f 877/1221/29 977/1220/115 966/1222/29
f 877/1223/29 966/1224/29 878/1225/116
f 878/1225/116 966/1224/29 967/1226/116
f 878/1225/119 967/1226/116 879/1227/118
f 879/1227/118 967/1226/119 968/1228/118
f 879/1227/120 968/1228/120 880/1229/48
f 880/1229/48 968/1228/118 969/1230/48
f 880/1229/48 969/1230/48 881/1231/85
f 881/1231/121 969/1230/48 970/1232/121
f 881/1231/85 970/1232/85 882/1208/122
f 882/1208/122 970/1232/85 971/1209/122
f 978/1233/29 979/20/29 981/1234/29
f 981/1234/29 979/20/29 980/212/29
f 979/1233/48 982/20/48 980/1234/48
f 980/1234/48 982/20/48 983/212/48
f 982/1233/124 984/20/124 983/1234/124
f 983/1234/124 984/20/124 985/212/124
f 984/1233/127 978/20/127 985/1234/127
f 985/1234/127 978/20/127 981/212/127
f 977/223/44 983/221/44 966/224/44
f 966/224/44 983/221/44 985/225/44
f 966/224/44 985/225/44 967/226/44
f 967/226/44 985/225/44 968/227/44
f 968/227/44 985/225/44 969/228/44
f 969/228/44 985/225/44 981/215/44
f 969/228/44 981/215/44 970/229/44
f 970/229/44 981/215/44 971/214/44
f 971/214/44 981/215/44 972/216/44
f 972/216/44 981/215/44 980/217/44
f 972/216/44 980/217/44 973/218/44
f 973/218/44 980/217/44 974/219/44
f 974/219/44 980/217/44 975/220/44
f 975/220/44 980/217/44 983/221/44
f 975/220/44 983/221/44 976/222/44
f 976/222/44 983/221/44 977/223/44
f 987/234/44 978/1235/44 986/235/44
f 986/235/44 978/1235/44 984/1236/44
f 986/235/44 984/1236/44 989/248/44
f 989/248/44 984/1236/44 952/239/44
f 989/248/44 952/239/44 991/249/44
f 988/250/44 991/249/44 987/234/44
f 987/234/44 991/249/44 992/243/44
f 987/234/44 992/243/44 996/232/44
f 996/232/44 992/243/44 995/244/44
f 995/244/44 992/243/44 998/241/44
f 998/241/44 992/243/44 784/1237/44
f 998/241/44 784/1237/44 997/230/44
f 997/230/44 784/1237/44 994/1238/44
f 997/230/44 994/1238/44 979/1239/44
f 979/1239/44 994/1238/44 990/1240/44
f 979/1239/44 990/1240/44 982/1241/44
f 982/1241/44 990/1240/44 953/1242/44
f 982/1241/44 953/1242/44 952/239/44
f 988/250/44 989/248/44 991/249/44
f 787/242/44 993/1243/44 784/1237/44
f 784/1237/44 993/1243/44 994/1238/44
f 987/234/44 996/232/44 979/1239/44
f 979/1239/44 996/232/44 997/230/44
f 979/1239/44 978/1235/44 987/234/44
f 984/1236/44 982/1241/44 952/239/44
f 924/1208/122 1004/1209/122 913/1210/124
f 913/1210/124 1004/1209/122 1005/261/124
f 913/1210/124 1005/261/124 914/1211/125
f 914/1211/125 1005/261/124 1006/1212/125
f 914/1211/125 1006/1212/125 915/1213/131
f 915/1213/76 1006/1212/125 1007/1214/76
f 915/1213/128 1007/1214/128 916/1215/127
f 916/1215/127 1007/1214/76 1008/1216/127
f 916/1215/127 1008/1216/127 917/1217/130
f 917/1217/129 1008/1216/127 1009/1218/129
f 917/1217/130 1009/1218/130 918/1219/132
f 918/1219/115 1009/1218/133 1010/1220/115
f 918/1219/115 1010/1220/115 919/1221/29
f 919/1221/29 1010/1220/115 999/1222/29
f 919/1223/29 999/1224/29 920/1225/116
f 920/1225/116 999/1224/29 1000/1226/116
f 920/1225/116 1000/1226/116 921/1227/118
f 921/1227/118 1000/1226/116 1001/1228/118
f 921/1227/118 1001/1228/118 922/1229/48
f 922/1229/48 1001/1228/120 1002/1230/48
f 922/1229/48 1002/1230/48 923/1231/121
f 923/1231/85 1002/1230/48 1003/1232/85
f 923/1231/85 1003/1232/85 924/1208/122
f 924/1208/122 1003/1232/123 1004/1209/122
f 987/1233/48 986/20/48 1012/1234/48
f 1012/1234/48 986/20/48 1011/212/48
f 986/1233/124 989/20/124 1011/1234/124
f 1011/1234/124 989/20/124 1013/212/124
f 989/1233/127 988/20/127 1013/1234/127
f 1013/1234/127 988/20/127 1014/212/127
f 988/1233/29 987/20/29 1014/1234/29
f 1014/1234/29 987/20/29 1012/212/29
f 1010/133/44 1011/221/44 999/131/44
f 999/131/44 1011/221/44 1013/225/44
f 999/131/44 1013/225/44 1000/129/44
f 1000/129/44 1013/225/44 1001/126/44
f 1001/126/44 1013/225/44 1002/124/44
f 1002/124/44 1013/225/44 1014/215/44
f 1002/124/44 1014/215/44 1003/122/44
f 1003/122/44 1014/215/44 1004/116/44
f 1004/116/44 1014/215/44 1005/118/44
f 1005/118/44 1014/215/44 1012/217/44
f 1005/118/44 1012/217/44 1006/142/44
f 1006/142/44 1012/217/44 1007/140/44
f 1007/140/44 1012/217/44 1008/138/44
f 1008/138/44 1012/217/44 1011/221/44
f 1008/138/44 1011/221/44 1009/135/44
f 1009/135/44 1011/221/44 1010/133/44
f 840/1208/122 1020/1209/122 829/1210/124
f 829/1210/124 1020/1209/122 1021/261/124
f 829/1210/124 1021/261/124 830/1211/125
f 830/1211/125 1021/261/124 1022/1212/125
f 830/1211/125 1022/1212/125 831/1213/131
f 831/1213/76 1022/1212/125 1023/1214/76
f 831/1213/128 1023/1214/128 832/1215/127
f 832/1215/127 1023/1214/76 1024/1216/127
f 832/1215/127 1024/1216/127 833/1217/130
f 833/1217/129 1024/1216/127 1025/1218/129
f 833/1217/130 1025/1218/130 834/1219/115
f 834/1219/115 1025/1218/133 1026/1220/115
f 834/1219/115 1026/1220/115 835/1221/29
f 835/1221/29 1026/1220/115 1015/1222/29
f 835/1223/29 1015/1224/29 836/1225/116
f 836/1225/116 1015/1224/29 1016/1226/116
f 836/1225/116 1016/1226/116 837/1227/117
f 837/1227/118 1016/1226/116 1017/1228/118
f 837/1227/120 1017/1228/120 838/1229/48
f 838/1229/48 1017/1228/118 1018/1230/48
f 838/1229/48 1018/1230/48 839/1231/85
f 839/1231/121 1018/1230/48 1019/1232/121
f 839/1231/85 1019/1232/85 840/1208/122
f 840/1208/122 1019/1232/123 1020/1209/122
f 996/1233/29 995/20/29 1028/1234/29
f 1028/1234/29 995/20/29 1027/212/29
f 995/1233/48 998/20/48 1027/1234/48
f 1027/1234/48 998/20/48 1029/212/48
f 998/1233/124 997/20/124 1029/1234/124
f 1029/1234/124 997/20/124 1030/212/124
f 997/1233/127 996/20/127 1030/1234/127
f 1030/1234/127 996/20/127 1028/212/127
f 1026/133/44 1029/221/44 1015/131/44
f 1015/131/44 1029/221/44 1030/225/44
f 1015/131/44 1030/225/44 1016/129/44
f 1016/129/44 1030/225/44 1017/126/44
f 1017/126/44 1030/225/44 1018/124/44
f 1018/124/44 1030/225/44 1028/215/44
f 1018/124/44 1028/215/44 1019/122/44
f 1019/122/44 1028/215/44 1020/116/44
f 1020/116/44 1028/215/44 1021/118/44
f 1021/118/44 1028/215/44 1027/217/44
f 1021/118/44 1027/217/44 1022/142/44
f 1022/142/44 1027/217/44 1023/140/44
f 1023/140/44 1027/217/44 1024/138/44
f 1024/138/44 1027/217/44 1029/221/44
f 1024/138/44 1029/221/44 1025/135/44
f 1025/135/44 1029/221/44 1026/133/44
f 1031/251/486 1032/252/486 1034/243/486
f 1034/243/486 1032/252/486 1033/249/486
f 1034/254/124 1033/1244/124 991/212/124
f 991/212/124 1033/1244/124 992/1245/124
f 951/20/48 1035/1106/48 952/212/48
f 952/212/48 1035/1106/48 991/1246/48
f 991/1246/48 1035/1106/48 1034/1247/48
f 1034/1247/48 1035/1106/48 1031/1248/48
f 774/1249/127 786/1250/127 788/188/127
f 788/188/127 786/1250/127 785/1251/127
f 788/188/127 785/1251/127 992/212/127
f 992/212/127 785/1251/127 784/1252/127
f 992/212/127 1033/254/127 788/188/127
f 788/188/127 1033/254/127 1032/1253/127
f 951/1254/44 950/1255/44 1035/1256/44
f 1035/1256/44 950/1255/44 1036/1257/44
f 787/1258/124 781/1259/124 993/1260/124
f 993/1260/124 781/1259/124 796/1261/124
f 993/1260/124 796/1261/124 1042/1262/124
f 1042/1262/124 796/1261/124 1037/1263/124
f 1042/1262/124 1037/1263/124 1038/1264/124
f 780/1265/124 798/1266/124 781/1259/124
f 781/1259/124 798/1266/124 797/1267/124
f 781/1259/124 797/1267/124 796/1261/124
f 1039/1268/124 1040/1269/124 1038/1264/124
f 1038/1264/124 1040/1269/124 1042/1262/124
f 1040/1269/124 1041/1270/124 1042/1262/124
f 1042/1262/124 1043/1271/124 993/1260/124
f 667/1272/29 666/1273/29 1053/292/29
f 1053/292/29 666/1273/29 685/1274/29
f 1053/292/29 685/1274/29 1052/294/29
f 1052/294/29 685/1274/29 684/1275/29
f 1052/294/29 684/1275/29 683/1276/29
f 1052/294/29 683/1276/29 1051/296/29
f 1051/296/29 683/1276/29 682/1277/29
f 1051/296/29 682/1277/29 1050/299/29
f 1050/299/29 682/1277/29 681/1278/29
f 1050/299/29 681/1278/29 680/1279/29
f 1050/299/29 680/1279/29 1049/301/29
f 1049/301/29 680/1279/29 679/1280/29
f 1049/301/29 679/1280/29 1048/304/29
f 1048/304/29 679/1280/29 678/1281/29
f 1048/304/29 678/1281/29 677/1282/29
f 1048/304/29 677/1282/29 1047/306/29
f 1047/306/29 677/1282/29 676/1283/29
f 1047/306/29 676/1283/29 675/1284/29
f 1047/306/29 675/1284/29 1046/308/29
f 1046/308/29 675/1284/29 674/1285/29
f 1046/308/29 674/1285/29 673/1286/29
f 1046/308/29 673/1286/29 1045/311/29
f 1045/311/29 673/1286/29 672/1287/29
f 1045/311/29 672/1287/29 1044/285/29
f 1044/285/29 672/1287/29 671/1288/29
f 1044/285/29 671/1288/29 670/1289/29
f 1044/285/29 670/1289/29 1055/287/29
f 1055/287/29 670/1289/29 669/1290/29
f 1055/287/29 669/1290/29 1054/289/29
f 1054/289/29 669/1290/29 668/1291/29
f 1054/289/29 668/1291/29 667/1272/29
f 1054/289/29 667/1272/29 1053/292/29
f 1055/1292/166 937/1293/166 1044/1294/93
f 1044/1294/93 937/1293/166 936/1295/93
f 1044/1296/93 936/1297/93 1045/1298/165
f 1045/1298/165 936/1297/93 947/1299/165
f 1045/1298/176 947/1299/176 1046/1300/175
f 1046/1300/175 947/1299/176 946/1301/175
f 1046/1300/175 946/1301/175 1047/1302/127
f 1047/1302/127 946/1301/175 945/1303/127
f 1047/1302/127 945/1303/127 1048/1304/174
f 1048/1304/174 945/1303/127 944/1305/174
f 1048/1304/174 944/1305/174 1049/1306/173
f 1049/1306/173 944/1305/174 943/1307/173
f 1049/1306/172 943/1307/172 1050/1308/44
f 1050/1308/44 943/1307/172 942/1309/44
f 1050/1308/44 942/1309/44 1051/1310/171
f 1051/1310/171 942/1309/44 941/1311/171
f 1051/1310/170 941/1311/170 1052/1312/169
f 1052/1312/169 941/1311/170 940/1313/169
f 1052/1312/169 940/1313/169 1053/1314/48
f 1053/1314/48 940/1313/169 939/1315/48
f 1053/1314/48 939/1315/48 1054/1316/168
f 1054/1316/168 939/1315/48 938/1317/168
f 1054/1316/168 938/1317/168 1055/1292/167
f 1055/1292/166 938/1317/168 937/1293/166
f 707/1272/29 706/1273/29 1065/292/29
f 1065/292/29 706/1273/29 725/1274/29
f 1065/292/29 725/1274/29 1064/294/29
f 1064/294/29 725/1274/29 724/1275/29
f 1064/294/29 724/1275/29 723/1276/29
f 1064/294/29 723/1276/29 1063/296/29
f 1063/296/29 723/1276/29 722/1277/29
f 1063/296/29 722/1277/29 1062/299/29
f 1062/299/29 722/1277/29 721/1278/29
f 1062/299/29 721/1278/29 720/1279/29
f 1062/299/29 720/1279/29 1061/301/29
f 1061/301/29 720/1279/29 719/1280/29
f 1061/301/29 719/1280/29 1060/304/29
f 1060/304/29 719/1280/29 718/1281/29
f 1060/304/29 718/1281/29 717/1282/29
f 1060/304/29 717/1282/29 1059/306/29
f 1059/306/29 717/1282/29 716/1283/29
f 1059/306/29 716/1283/29 715/1284/29
f 1059/306/29 715/1284/29 1058/308/29
f 1058/308/29 715/1284/29 714/1285/29
f 1058/308/29 714/1285/29 713/1286/29
f 1058/308/29 713/1286/29 1057/311/29
f 1057/311/29 713/1286/29 712/1287/29
f 1057/311/29 712/1287/29 1056/285/29
f 1056/285/29 712/1287/29 711/1288/29
f 1056/285/29 711/1288/29 710/1289/29
f 1056/285/29 710/1289/29 1067/287/29
f 1067/287/29 710/1289/29 709/1290/29
f 1067/287/29 709/1290/29 1066/289/29
f 1066/289/29 709/1290/29 708/1291/29
f 1066/289/29 708/1291/29 707/1272/29
f 1066/289/29 707/1272/29 1065/292/29
f 1067/1292/166 1079/1318/166 1056/1294/93
f 1056/1294/93 1079/1318/166 1068/1319/93
f 1056/1296/93 1068/1320/93 1057/1298/165
f 1057/1298/165 1068/1320/93 1069/1321/165
f 1057/1298/165 1069/1321/165 1058/1300/175
f 1058/1300/179 1069/1321/165 1070/1322/179
f 1058/1300/175 1070/1322/175 1059/1302/127
f 1059/1302/127 1070/1322/175 1071/1323/127
f 1059/1302/127 1071/1323/127 1060/1304/174
f 1060/1304/174 1071/1323/127 1072/1324/174
f 1060/1304/174 1072/1324/174 1061/1306/172
f 1061/1306/172 1072/1324/174 1073/1325/172
f 1061/1306/172 1073/1325/172 1062/1308/44
f 1062/1308/44 1073/1325/172 1074/1326/44
f 1062/1308/44 1074/1326/44 1063/1310/171
f 1063/1310/171 1074/1326/44 1075/1327/171
f 1063/1310/171 1075/1327/171 1064/1312/169
f 1064/1312/169 1075/1327/171 1076/1328/169
f 1064/1312/169 1076/1328/169 1065/1314/48
f 1065/1314/48 1076/1328/169 1077/1329/48
f 1065/1314/48 1077/1329/48 1066/1316/168
f 1066/1316/168 1077/1329/48 1078/1330/168
f 1066/1316/178 1078/1330/178 1067/1292/166
f 1067/1292/166 1078/1330/168 1079/1318/166
f 1080/1331/487 1081/1332/487 791/1333/487
f 791/1333/487 1081/1332/487 792/1334/487
f 1082/391/488 1083/392/488 1087/393/489
f 1087/393/489 1083/392/488 1084/394/489
f 1087/393/489 1084/394/489 1086/395/490
f 1086/395/490 1084/394/489 1085/396/490
f 1086/395/491 1085/396/491 791/397/487
f 791/397/487 1085/396/492 1080/398/487
f 1088/1335/488 1089/1336/488 1082/1337/488
f 1082/1337/488 1089/1336/488 1083/1338/488
f 1090/391/493 1091/392/493 1095/393/494
f 1095/393/494 1091/392/493 1092/394/494
f 1095/393/495 1092/394/495 1094/395/496
f 1094/395/497 1092/394/495 1093/396/497
f 1094/395/498 1093/396/498 1088/397/488
f 1088/397/488 1093/396/496 1089/398/488
f 1096/1339/499 1097/1340/499 1090/1341/499
f 1090/1341/500 1097/1340/500 1091/1342/500
f 1098/1343/501 1097/1344/501 1099/1345/501
f 1099/1345/502 1097/1344/502 1096/1346/502
f 1100/413/503 1101/411/503 1106/1347/504
f 1106/1347/504 1101/411/503 1102/1348/505
f 1106/1347/504 1102/1348/505 1105/1349/506
f 1105/1349/506 1102/1348/507 1103/1350/508
f 1105/1349/506 1103/1350/509 1104/1351/510
f 1104/1351/510 1103/1350/509 1098/419/501
f 1104/1351/510 1098/419/501 1099/418/501
f 1107/420/503 1108/421/503 1100/422/503
f 1100/422/503 1108/421/503 1101/423/503
f 1109/426/511 1110/424/511 1115/1352/512
f 1115/1352/512 1110/424/511 1111/1353/513
f 1115/1352/514 1111/1353/515 1114/1349/516
f 1114/1349/517 1111/1353/515 1112/1354/518
f 1114/1349/517 1112/1354/519 1113/1355/520
f 1113/1355/520 1112/1354/519 1108/431/503
f 1113/1355/520 1108/431/503 1107/430/503
f 1109/1356/521 1116/1357/521 1110/1358/521
f 1110/1358/522 1116/1357/522 1117/1359/522
f 1118/1360/523 1117/1361/523 1119/1362/523
f 1119/1362/523 1117/1361/523 1116/1363/523
f 1081/1364/524 1118/1365/524 795/1366/524
f 795/1366/525 1118/1365/525 1120/1367/525
f 1120/444/526 1118/1368/526 1122/445/527
f 1119/449/523 1121/447/528 1118/1369/528
f 1121/447/528 1122/445/529 1118/1370/529
f 792/444/487 1081/1368/487 793/445/530
f 795/449/531 794/447/532 1081/1369/532
f 794/447/533 793/445/530 1081/1370/530
f 961/1371/2 1100/1372/2 962/1373/237
f 962/1373/237 1100/1372/2 1106/1374/237
f 962/1373/236 1106/1374/236 963/1375/234
f 963/1375/234 1106/1374/235 1105/34/234
f 963/1375/233 1105/34/233 964/1376/232
f 964/1376/232 1105/34/233 1104/1377/232
f 964/1376/231 1104/1377/231 965/1378/230
f 965/1378/230 1104/1377/231 1099/1379/230
f 1107/1380/127 1100/1381/127 960/1382/127
f 960/1382/127 1100/1381/127 961/1383/127
f 956/1384/245 1109/1385/245 957/1386/244
f 957/1386/244 1109/1385/245 1115/1387/244
f 957/1386/243 1115/1387/243 958/1388/242
f 958/1388/242 1115/1387/243 1114/34/242
f 958/1388/241 1114/34/241 959/1389/240
f 959/1389/240 1114/34/241 1113/1390/240
f 959/1389/238 1113/1390/238 960/1391/239
f 960/1391/3 1113/1390/238 1107/1392/3
f 1116/1393/246 1109/1394/246 955/1395/246
f 955/1395/246 1109/1394/246 956/1396/246
f 828/1397/93 1119/1398/93 814/1399/93
f 814/1399/93 1119/1398/93 1130/1400/93
f 814/1399/93 1130/1400/93 815/1401/93
f 815/1401/93 1130/1400/93 1131/1402/93
f 815/1401/93 1131/1402/93 816/1403/93
f 816/1403/93 1131/1402/93 1132/1404/93
f 816/1403/93 1132/1404/93 817/1405/93
f 817/1405/93 1132/1404/93 818/1406/93
f 818/1406/93 1132/1404/93 1133/1407/93
f 818/1406/93 1133/1407/93 819/1408/93
f 819/1408/93 1133/1407/93 1134/1409/93
f 819/1408/93 1134/1409/93 820/1410/93
f 820/1410/93 1134/1409/93 821/1411/93
f 821/1411/93 1134/1409/93 1135/1412/93
f 821/1411/93 1135/1412/93 1136/1413/93
f 828/1397/93 827/1414/93 1119/1398/93
f 1119/1398/93 827/1414/93 826/1415/93
f 1119/1398/93 826/1415/93 825/1416/93
f 1119/1398/93 825/1416/93 1040/1417/93
f 1040/1417/93 825/1416/93 824/1418/93
f 1040/1417/93 824/1418/93 823/1419/93
f 823/1419/93 822/1420/93 1040/1417/93
f 1040/1417/93 822/1420/93 821/1411/93
f 1040/1417/93 821/1411/93 1136/1413/93
f 870/1421/93 1128/1422/93 856/1423/93
f 856/1423/93 1128/1422/93 1129/1424/93
f 856/1423/93 1129/1424/93 912/1425/93
f 912/1425/93 1129/1424/93 898/1426/93
f 898/1426/93 1129/1424/93 1119/1398/93
f 898/1426/93 1119/1398/93 1116/1427/93
f 1128/1422/93 870/1421/93 1127/1428/93
f 1127/1428/93 870/1421/93 869/1429/93
f 1127/1428/93 869/1429/93 1126/1430/93
f 1126/1430/93 869/1429/93 868/1431/93
f 1126/1430/93 868/1431/93 867/1432/93
f 1126/1430/93 867/1432/93 1125/1433/93
f 1125/1433/93 867/1432/93 866/1434/93
f 1125/1433/93 866/1434/93 1123/1435/93
f 1123/1435/93 866/1434/93 865/1436/93
f 1123/1435/93 865/1436/93 864/1437/93
f 1123/1435/93 864/1437/93 954/1438/93
f 954/1438/93 864/1437/93 863/1439/93
f 954/1438/93 863/1439/93 955/521/93
f 955/521/93 863/1439/93 905/1440/93
f 955/521/93 905/1440/93 904/1441/93
f 863/1439/93 862/1442/93 905/1440/93
f 905/1440/93 862/1442/93 906/1443/93
f 906/1443/93 862/1442/93 861/1444/93
f 906/1443/93 861/1444/93 907/1445/93
f 907/1445/93 861/1444/93 860/1446/93
f 907/1445/93 860/1446/93 908/1447/93
f 908/1447/93 860/1446/93 859/1448/93
f 908/1447/93 859/1448/93 909/1449/93
f 909/1449/93 859/1448/93 858/1450/93
f 909/1449/93 858/1450/93 910/1451/93
f 910/1451/93 858/1450/93 857/1452/93
f 910/1451/93 857/1452/93 911/1453/93
f 911/1453/93 857/1452/93 856/1423/93
f 911/1453/93 856/1423/93 912/1425/93
f 904/1441/93 903/1454/93 955/521/93
f 955/521/93 903/1454/93 902/1455/93
f 955/521/93 902/1455/93 1116/1427/93
f 1116/1427/93 902/1455/93 901/1456/93
f 1116/1427/93 901/1456/93 900/1457/93
f 900/1457/93 899/1458/93 1116/1427/93
f 1116/1427/93 899/1458/93 898/1426/93
f 1123/1435/93 1124/1459/93 1125/1433/93
f 1129/1424/93 1130/1400/93 1119/1398/93
f 1136/1413/93 1041/1460/93 1040/1417/93
f 1037/82/63 1120/83/63 1038/1461/250
f 1038/1461/250 1120/83/63 1122/79/250
f 1038/1461/250 1122/79/250 1039/1462/249
f 1039/1462/249 1122/79/250 1121/75/249
f 1039/1462/248 1121/75/248 1040/1463/93
f 1040/1463/93 1121/75/247 1119/74/93
f 1120/1464/252 1037/1465/252 795/1466/252
f 795/1466/251 1037/1465/251 796/1467/251
f 705/1468/29 1098/1469/29 686/1470/29
f 686/1470/29 1098/1469/29 1101/1471/29
f 686/1470/29 1101/1471/29 687/1472/29
f 687/1472/29 1101/1471/29 1108/1473/29
f 687/1472/29 1108/1473/29 688/1474/29
f 688/1474/29 1108/1473/29 689/1475/29
f 689/1475/29 1108/1473/29 1117/1476/29
f 689/1475/29 1117/1476/29 690/1477/29
f 690/1477/29 1117/1476/29 691/1478/29
f 691/1478/29 1117/1476/29 1118/1479/29
f 691/1478/29 1118/1479/29 692/1480/29
f 692/1480/29 1118/1479/29 730/1481/29
f 692/1480/29 730/1481/29 693/1482/29
f 693/1482/29 730/1481/29 729/1483/29
f 693/1482/29 729/1483/29 694/1484/29
f 694/1484/29 729/1483/29 728/1485/29
f 694/1484/29 728/1485/29 695/1486/29
f 695/1486/29 728/1485/29 727/1487/29
f 695/1486/29 727/1487/29 696/1488/29
f 696/1488/29 727/1487/29 726/1489/29
f 696/1488/29 726/1489/29 697/1490/29
f 697/1490/29 726/1489/29 1097/1491/29
f 697/1490/29 1097/1491/29 698/1492/29
f 698/1492/29 1097/1491/29 699/1493/29
f 699/1493/29 1097/1491/29 700/1494/29
f 700/1494/29 1097/1491/29 701/1495/29
f 701/1495/29 1097/1491/29 702/1496/29
f 702/1496/29 1097/1491/29 1098/1469/29
f 702/1496/29 1098/1469/29 703/1497/29
f 703/1497/29 1098/1469/29 704/1498/29
f 704/1498/29 1098/1469/29 705/1468/29
f 726/1489/29 745/1499/29 1097/1491/29
f 1097/1491/29 745/1499/29 744/1500/29
f 1097/1491/29 744/1500/29 743/1501/29
f 743/1501/29 742/1502/29 1097/1491/29
f 1097/1491/29 742/1502/29 1080/1503/29
f 1097/1491/29 1080/1503/29 1091/1504/29
f 1091/1504/29 1080/1503/29 1083/1505/29
f 1091/1504/29 1083/1505/29 1089/1506/29
f 742/1502/29 741/1507/29 1080/1503/29
f 1080/1503/29 741/1507/29 740/1508/29
f 1080/1503/29 740/1508/29 739/1509/29
f 1080/1503/29 739/1509/29 1081/1510/29
f 1081/1510/29 739/1509/29 738/1511/29
f 1081/1510/29 738/1511/29 737/1512/29
f 737/1512/29 736/1513/29 1081/1510/29
f 1081/1510/29 736/1513/29 735/1514/29
f 1081/1510/29 735/1514/29 734/1515/29
f 734/1515/29 733/1516/29 1081/1510/29
f 1081/1510/29 733/1516/29 732/1517/29
f 1081/1510/29 732/1517/29 1118/1479/29
f 1118/1479/29 732/1517/29 731/1518/29
f 1118/1479/29 731/1518/29 730/1481/29
f 1080/1503/29 1085/1519/29 1083/1505/29
f 1083/1505/29 1085/1519/29 1084/1520/29
f 1093/1521/29 1092/1522/29 1089/1506/29
f 1089/1506/29 1092/1522/29 1091/1504/29
f 1103/1523/29 1102/1524/29 1098/1469/29
f 1098/1469/29 1102/1524/29 1101/1471/29
f 1108/1473/29 1112/1525/29 1117/1476/29
f 1117/1476/29 1112/1525/29 1111/1526/29
f 1117/1476/29 1111/1526/29 1110/1527/29
f 925/1528/255 935/1529/255 1138/1530/255
f 1138/1530/230 935/1529/230 965/1531/230
f 1138/1530/254 965/1531/254 1099/1532/254
f 935/1529/254 934/1533/254 965/1531/254
f 965/1531/534 934/1533/534 933/1534/534
f 1099/1532/254 1096/1427/254 1138/1530/254
f 1138/1530/254 1096/1427/254 1137/613/254
f 1141/706/260 1082/707/260 1140/708/259
f 1140/708/259 1082/707/260 1087/709/259
f 1140/708/258 1087/709/258 1139/710/257
f 1139/710/257 1087/709/258 1086/711/257
f 1139/710/256 1086/711/256 790/712/52
f 790/712/52 1086/711/256 791/713/52
f 773/1535/124 1143/1536/124 760/1537/124
f 760/1537/124 1143/1536/124 1144/1538/124
f 760/1537/124 1144/1538/124 761/1539/124
f 761/1539/124 1144/1538/124 762/1540/124
f 762/1540/124 1144/1538/124 763/1541/124
f 763/1541/124 1144/1538/124 1138/1542/124
f 763/1541/124 1138/1542/124 1137/1543/124
f 773/1535/124 772/1544/124 1143/1536/124
f 1143/1536/124 772/1544/124 771/1545/124
f 1143/1536/124 771/1545/124 1142/1546/124
f 1142/1546/124 771/1545/124 770/1547/124
f 1142/1546/124 770/1547/124 1031/1548/124
f 1031/1548/124 770/1547/124 769/1549/124
f 1031/1548/124 769/1549/124 1155/1550/124
f 1155/1550/124 769/1549/124 768/1551/124
f 1155/1550/124 768/1551/124 1154/1552/124
f 1154/1552/124 768/1551/124 767/1553/124
f 1154/1552/124 767/1553/124 1153/1554/124
f 1153/1554/124 767/1553/124 766/1555/124
f 1153/1554/124 766/1555/124 1152/1556/124
f 1152/1556/124 766/1555/124 765/1557/124
f 1152/1556/124 765/1557/124 1151/1558/124
f 1151/1558/124 765/1557/124 1137/1543/124
f 1151/1558/124 1137/1543/124 1150/1559/124
f 1150/1559/124 1137/1543/124 1149/1560/124
f 1149/1560/124 1137/1543/124 1186/1561/124
f 1186/1561/124 1137/1543/124 1185/1562/124
f 1185/1562/124 1137/1543/124 1184/1563/124
f 1184/1563/124 1137/1543/124 1145/1564/124
f 1184/1563/124 1145/1564/124 1183/1565/124
f 1183/1565/124 1145/1564/124 1182/1566/124
f 1182/1566/124 1145/1564/124 1181/1567/124
f 1181/1567/124 1145/1564/124 1148/1568/124
f 1181/1567/124 1148/1568/124 1180/1569/124
f 1180/1569/124 1148/1568/124 1179/1570/124
f 1179/1570/124 1148/1568/124 1178/1571/124
f 1178/1571/124 1148/1568/124 1177/1572/124
f 1177/1572/124 1148/1568/124 1141/1573/124
f 1177/1572/124 1141/1573/124 1176/1574/124
f 1176/1574/124 1141/1573/124 1175/1575/124
f 1175/1575/124 1141/1573/124 1174/1576/124
f 1174/1576/124 1141/1573/124 1139/1577/124
f 1174/1576/124 1139/1577/124 790/1578/124
f 765/1557/124 764/1579/124 1137/1543/124
f 1137/1543/124 764/1579/124 763/1541/124
f 788/1580/124 1032/1581/124 789/1582/124
f 789/1582/124 1032/1581/124 790/1578/124
f 790/1578/124 1032/1581/124 1169/1583/124
f 790/1578/124 1169/1583/124 1170/1584/124
f 1031/1548/124 1074/1585/124 1032/1581/124
f 1032/1581/124 1074/1585/124 1073/1586/124
f 1032/1581/124 1073/1586/124 1072/1587/124
f 1035/1588/124 1036/1589/124 1031/1548/124
f 1031/1548/124 1036/1589/124 1142/1546/124
f 1145/1564/124 1146/1590/124 1148/1568/124
f 1148/1568/124 1146/1590/124 1147/1591/124
f 1141/1573/124 1140/1592/124 1139/1577/124
f 1079/1593/124 1163/1594/124 1068/1595/124
f 1068/1595/124 1163/1594/124 1164/1596/124
f 1068/1595/124 1164/1596/124 1165/1597/124
f 1163/1594/124 1079/1593/124 1162/1598/124
f 1162/1598/124 1079/1593/124 1078/1599/124
f 1162/1598/124 1078/1599/124 1161/1600/124
f 1161/1600/124 1078/1599/124 1077/1601/124
f 1161/1600/124 1077/1601/124 1160/1602/124
f 1160/1602/124 1077/1601/124 1076/1603/124
f 1160/1602/124 1076/1603/124 1159/1604/124
f 1159/1604/124 1076/1603/124 1075/1605/124
f 1159/1604/124 1075/1605/124 1158/1606/124
f 1158/1606/124 1075/1605/124 1031/1548/124
f 1158/1606/124 1031/1548/124 1157/1607/124
f 1157/1607/124 1031/1548/124 1156/1608/124
f 1156/1608/124 1031/1548/124 1155/1550/124
f 1075/1605/124 1074/1585/124 1031/1548/124
f 1072/1587/124 1071/1609/124 1032/1581/124
f 1032/1581/124 1071/1609/124 1070/1610/124
f 1032/1581/124 1070/1610/124 1069/1611/124
f 1068/1595/124 1166/1612/124 1069/1611/124
f 1069/1611/124 1166/1612/124 1167/1613/124
f 1069/1611/124 1167/1613/124 1032/1581/124
f 1032/1581/124 1167/1613/124 1168/1614/124
f 1032/1581/124 1168/1614/124 1169/1583/124
f 1165/1597/124 1166/1612/124 1068/1595/124
f 1170/1584/124 1171/1615/124 790/1578/124
f 790/1578/124 1171/1615/124 1172/1616/124
f 790/1578/124 1172/1616/124 1173/1617/124
f 1173/1617/124 1174/1576/124 790/1578/124
f 1145/615/266 1090/616/266 1146/617/264
f 1146/617/264 1090/616/265 1095/618/264
f 1146/617/263 1095/618/263 1147/619/262
f 1147/619/262 1095/618/263 1094/620/262
f 1147/619/261 1094/620/261 1148/621/260
f 1148/621/260 1094/620/261 1088/622/260
f 1096/1618/265 1090/1619/265 1137/1620/265
f 1137/1620/265 1090/1619/265 1145/1621/265
f 1088/718/260 1082/719/260 1148/720/260
f 1148/720/260 1082/719/260 1141/721/260
f 953/1622/268 990/722/268 954/1623/268
f 954/1623/268 990/722/268 1123/20/268
f 994/1624/269 993/725/269 1187/1625/269
f 1187/1625/269 993/725/269 1043/727/269
f 994/1626/124 1187/1627/124 990/1628/124
f 990/1628/124 1187/1627/124 1123/1629/124
f 1123/1629/124 1187/1627/124 1124/20/124
f 1124/20/124 1187/1627/124 1188/727/124
f 1042/1630/127 1041/1631/127 1200/1632/535
f 1200/1632/535 1041/1631/127 1136/1633/535
f 1200/1632/536 1136/1633/536 1199/1634/537
f 1199/1634/537 1136/1633/536 1135/1635/537
f 1199/1634/538 1135/1635/538 1198/1636/539
f 1198/1636/539 1135/1635/538 1134/1637/539
f 1198/1636/540 1134/1637/540 1197/1638/541
f 1197/1638/542 1134/1637/539 1133/1639/542
f 1197/1638/543 1133/1639/543 1196/1640/544
f 1196/1640/544 1133/1639/543 1132/1641/544
f 1196/1640/545 1132/1641/545 1195/1642/546
f 1195/1642/546 1132/1641/545 1131/1643/546
f 1195/1642/546 1131/1643/546 1194/1644/547
f 1194/1644/547 1131/1643/546 1130/1645/547
f 1194/1644/548 1130/1645/548 1193/1646/549
f 1193/1646/549 1130/1645/548 1129/1647/549
f 1193/1646/550 1129/1647/550 1192/1648/551
f 1192/1648/551 1129/1647/550 1128/1649/551
f 1192/1648/552 1128/1649/552 1191/1650/553
f 1191/1650/553 1128/1649/552 1127/1651/553
f 1191/1650/554 1127/1651/554 1190/1652/555
f 1190/1652/555 1127/1651/554 1126/1653/555
f 1190/1652/555 1126/1653/555 1189/1654/556
f 1189/1654/557 1126/1653/555 1125/1655/557
f 1189/1654/556 1125/1655/556 1188/1656/558
f 1188/1656/558 1125/1655/556 1124/1657/558
f 1187/1658/93 1043/1659/93 1188/1660/93
f 1188/1660/93 1043/1659/93 1200/1661/93
f 1188/1660/93 1200/1661/93 1199/1662/93
f 1043/1659/93 1042/1663/93 1200/1661/93
f 1199/1662/93 1198/1664/93 1188/1660/93
f 1188/1660/93 1198/1664/93 1189/1665/93
f 1189/1665/93 1198/1664/93 1197/1666/93
f 1189/1665/93 1197/1666/93 1190/1667/93
f 1190/1667/93 1197/1666/93 1196/1668/93
f 1190/1667/93 1196/1668/93 1191/1669/93
f 1191/1669/93 1196/1668/93 1195/1670/93
f 1191/1669/93 1195/1670/93 1192/1671/93
f 1192/1671/93 1195/1670/93 1194/1672/93
f 1192/1671/93 1194/1672/93 1193/1673/93
f 931/1674/301 1144/781/296 932/1675/303
f 932/1675/303 1144/781/296 1143/787/304
f 932/1675/302 1143/787/304 948/1676/305
f 948/1676/305 1143/787/304 1142/789/306
f 948/1676/305 1142/789/306 949/1677/307
f 949/1677/308 1142/789/306 1036/791/309
f 949/1677/307 1036/791/309 950/1678/309
f 931/1674/301 930/1679/300 1144/781/296
f 1144/781/296 930/1679/300 929/1680/298
f 1144/781/296 929/1680/298 928/1681/297
f 928/1681/297 927/1682/295 1144/781/296
f 1144/781/296 927/1682/295 1138/779/292
f 1138/779/294 927/1682/295 926/1683/293
f 1138/779/292 926/1683/293 925/1684/292
f 1202/1685/311 1248/800/311 1201/1686/127
f 1201/1686/127 1248/800/311 1225/798/127
f 1201/1687/127 1225/796/127 1224/1688/310
f 1224/1688/310 1225/796/127 1226/794/310
f 1224/1688/310 1226/794/310 1223/1689/559
f 1223/1689/174 1226/794/310 1227/840/174
f 1223/1689/174 1227/840/174 1222/1690/326
f 1222/1690/326 1227/840/174 1228/838/326
f 1222/1690/326 1228/838/326 1221/1691/172
f 1221/1691/172 1228/838/326 1229/836/172
f 1221/1691/172 1229/836/172 1220/1692/324
f 1220/1692/323 1229/836/172 1230/834/323
f 1220/1692/323 1230/834/323 1219/1693/44
f 1219/1693/44 1230/834/560 1231/832/44
f 1219/1693/44 1231/832/44 1218/1694/321
f 1218/1694/321 1231/832/44 1232/830/321
f 1218/1694/321 1232/830/321 1217/1695/171
f 1217/1695/171 1232/830/561 1233/828/171
f 1217/1695/171 1233/828/171 1216/1696/320
f 1216/1696/320 1233/828/171 1234/826/320
f 1216/1696/320 1234/826/320 1215/1697/169
f 1215/1697/169 1234/826/320 1235/824/169
f 1215/1697/169 1235/824/169 1214/1698/268
f 1214/1698/268 1235/824/169 1236/822/268
f 1214/1698/268 1236/822/268 1213/1699/48
f 1213/1699/48 1236/822/268 1237/20/48
f 1213/1699/48 1237/20/48 1212/1700/318
f 1212/1700/318 1237/20/48 1238/820/318
f 1212/1700/562 1238/820/562 1211/1701/168
f 1211/1701/168 1238/820/562 1239/818/168
f 1211/1701/168 1239/818/168 1210/1702/317
f 1210/1702/317 1239/818/168 1240/816/317
f 1210/1702/317 1240/816/317 1209/1703/166
f 1209/1703/166 1240/816/317 1241/814/166
f 1209/1703/166 1241/814/166 1208/1704/563
f 1208/1704/316 1241/814/166 1242/812/316
f 1208/1704/316 1242/812/316 1207/1705/93
f 1207/1705/93 1242/812/564 1243/810/93
f 1207/1705/93 1243/810/93 1206/1706/314
f 1206/1706/314 1243/810/93 1244/808/314
f 1206/1706/314 1244/808/314 1205/1707/165
f 1205/1707/165 1244/808/313 1245/806/165
f 1205/1707/165 1245/806/165 1204/1708/312
f 1204/1708/312 1245/806/165 1246/804/312
f 1204/1708/312 1246/804/312 1203/1709/565
f 1203/1709/175 1246/804/312 1247/802/175
f 1203/1709/175 1247/802/175 1202/1685/566
f 1202/1685/566 1247/802/175 1248/800/566
f 1224/846/124 1214/845/124 1201/844/124
f 1201/844/124 1214/845/124 1213/843/124
f 1201/844/124 1213/843/124 1202/842/124
f 1202/842/124 1213/843/124 1212/841/124
f 1202/842/124 1212/841/124 1203/856/124
f 1203/856/124 1212/841/124 1211/857/124
f 1203/856/124 1211/857/124 1204/858/124
f 1204/858/124 1211/857/124 1210/859/124
f 1204/858/124 1210/859/124 1205/860/124
f 1205/860/124 1210/859/124 1209/861/124
f 1205/860/124 1209/861/124 1206/862/124
f 1206/862/124 1209/861/124 1208/863/124
f 1206/862/124 1208/863/124 1207/864/124
f 1214/845/124 1224/846/124 1215/847/124
f 1215/847/124 1224/846/124 1223/848/124
f 1215/847/124 1223/848/124 1216/849/124
f 1216/849/124 1223/848/124 1222/850/124
f 1216/849/124 1222/850/124 1217/851/124
f 1217/851/124 1222/850/124 1221/852/124
f 1217/851/124 1221/852/124 1218/853/124
f 1218/853/124 1221/852/124 1220/854/124
f 1218/853/124 1220/854/124 1219/855/124
f 1250/1710/328 1304/872/328 1249/1711/127
f 1249/1711/127 1304/872/328 1277/870/127
f 1249/1712/127 1277/868/127 1276/1713/327
f 1276/1713/327 1277/868/127 1278/866/327
f 1276/1713/342 1278/866/342 1275/1714/1
f 1275/1714/1 1278/866/342 1279/914/1
f 1275/1714/1 1279/914/1 1274/1715/341
f 1274/1715/341 1279/914/1 1280/912/341
f 1274/1715/341 1280/912/341 1273/1716/27
f 1273/1716/27 1280/912/341 1281/1717/27
f 1273/1716/27 1281/1717/27 1272/1718/340
f 1272/1718/340 1281/1717/27 1282/908/340
f 1272/1718/340 1282/908/340 1271/1719/25
f 1271/1719/25 1282/908/340 1283/906/25
f 1271/1719/24 1283/906/24 1270/1720/44
f 1270/1720/44 1283/906/24 1284/904/44
f 1270/1720/44 1284/904/44 1269/1721/23
f 1269/1721/23 1284/904/44 1285/902/23
f 1269/1721/22 1285/902/22 1268/1722/339
f 1268/1722/339 1285/902/22 1286/900/339
f 1268/1722/339 1286/900/339 1267/1723/20
f 1267/1723/20 1286/900/339 1287/898/20
f 1267/1723/20 1287/898/20 1266/1724/338
f 1266/1724/338 1287/898/20 1288/2/338
f 1266/1724/338 1288/2/338 1265/1725/18
f 1265/1725/18 1288/2/338 1289/28/18
f 1265/1725/18 1289/28/18 1264/1726/337
f 1264/1726/337 1289/28/18 1290/24/337
f 1264/1726/336 1290/24/336 1263/188/48
f 1263/188/48 1290/24/336 1291/20/48
f 1263/188/48 1291/20/48 1262/1727/335
f 1262/1727/335 1291/20/48 1292/16/335
f 1262/1727/334 1292/16/334 1261/1728/15
f 1261/1728/15 1292/16/334 1293/12/15
f 1261/1728/15 1293/12/15 1260/1729/333
f 1260/1729/333 1293/12/15 1294/8/333
f 1260/1729/333 1294/8/333 1259/1730/12
f 1259/1730/12 1294/8/333 1295/890/12
f 1259/1730/12 1295/890/12 1258/1731/332
f 1258/1731/332 1295/890/12 1296/888/332
f 1258/1731/332 1296/888/332 1257/1732/11
f 1257/1732/11 1296/888/332 1297/886/11
f 1257/1732/10 1297/886/10 1256/1733/93
f 1256/1733/93 1297/886/10 1298/884/93
f 1256/1733/93 1298/884/93 1255/1734/9
f 1255/1734/9 1298/884/93 1299/882/9
f 1255/1734/8 1299/882/8 1254/1735/331
f 1254/1735/331 1299/882/8 1300/880/331
f 1254/1735/331 1300/880/331 1253/1736/6
f 1253/1736/6 1300/880/331 1301/878/6
f 1253/1736/6 1301/878/6 1252/1737/330
f 1252/1737/330 1301/878/6 1302/876/330
f 1252/1737/330 1302/876/330 1251/1738/4
f 1251/1738/4 1302/876/330 1303/874/4
f 1251/1738/4 1303/874/4 1250/1710/329
f 1250/1710/329 1303/874/4 1304/872/329
f 1248/842/124 1250/930/124 1225/844/124
f 1225/844/124 1250/930/124 1249/929/124
f 1225/844/124 1249/929/124 1276/928/124
f 1250/930/124 1248/842/124 1251/931/124
f 1251/931/124 1248/842/124 1247/856/124
f 1251/931/124 1247/856/124 1252/932/124
f 1252/932/124 1247/856/124 1246/858/124
f 1252/932/124 1246/858/124 1253/933/124
f 1253/933/124 1246/858/124 1245/860/124
f 1253/933/124 1245/860/124 1254/934/124
f 1254/934/124 1245/860/124 1244/862/124
f 1254/934/124 1244/862/124 1255/935/124
f 1255/935/124 1244/862/124 1243/864/124
f 1255/935/124 1243/864/124 1256/1739/124
f 1256/1739/124 1243/864/124 1257/937/124
f 1257/937/124 1243/864/124 1242/863/124
f 1257/937/124 1242/863/124 1258/938/124
f 1258/938/124 1242/863/124 1241/861/124
f 1258/938/124 1241/861/124 1259/939/124
f 1259/939/124 1241/861/124 1240/859/124
f 1259/939/124 1240/859/124 1260/940/124
f 1260/940/124 1240/859/124 1239/857/124
f 1260/940/124 1239/857/124 1261/941/124
f 1261/941/124 1239/857/124 1238/841/124
f 1261/941/124 1238/841/124 1262/917/124
f 1262/917/124 1238/841/124 1237/843/124
f 1262/917/124 1237/843/124 1263/916/124
f 1263/916/124 1237/843/124 1264/915/124
f 1264/915/124 1237/843/124 1236/845/124
f 1264/915/124 1236/845/124 1265/918/124
f 1265/918/124 1236/845/124 1235/847/124
f 1265/918/124 1235/847/124 1266/919/124
f 1266/919/124 1235/847/124 1234/849/124
f 1266/919/124 1234/849/124 1267/920/124
f 1267/920/124 1234/849/124 1233/851/124
f 1267/920/124 1233/851/124 1268/921/124
f 1268/921/124 1233/851/124 1232/853/124
f 1268/921/124 1232/853/124 1269/922/124
f 1269/922/124 1232/853/124 1231/855/124
f 1269/922/124 1231/855/124 1270/613/124
f 1270/613/124 1231/855/124 1271/923/124
f 1271/923/124 1231/855/124 1230/854/124
f 1271/923/124 1230/854/124 1272/924/124
f 1272/924/124 1230/854/124 1229/852/124
f 1272/924/124 1229/852/124 1273/925/124
f 1273/925/124 1229/852/124 1228/850/124
f 1273/925/124 1228/850/124 1274/926/124
f 1274/926/124 1228/850/124 1227/848/124
f 1274/926/124 1227/848/124 1275/927/124
f 1275/927/124 1227/848/124 1226/846/124
f 1275/927/124 1226/846/124 1276/928/124
f 1276/928/124 1226/846/124 1225/844/124
f 1306/1740/344 1150/949/344 1305/1741/48
f 1305/1741/48 1150/949/344 1149/947/48
f 1305/1742/48 1149/945/48 1342/1743/343
f 1342/1743/343 1149/945/48 1186/943/343
f 1342/1743/343 1186/943/343 1341/1744/398
f 1341/1744/398 1186/943/343 1185/1017/398
f 1341/1744/398 1185/1017/398 1340/1745/397
f 1340/1745/397 1185/1017/398 1184/1015/397
f 1340/1745/396 1184/1015/396 1339/1746/395
f 1339/1746/395 1184/1015/396 1183/1013/395
f 1339/1746/394 1183/1013/394 1338/1747/393
f 1338/1747/393 1183/1013/394 1182/1011/393
f 1338/1747/392 1182/1011/392 1337/1748/391
f 1337/1748/391 1182/1011/392 1181/1009/391
f 1337/1748/390 1181/1009/390 1336/1749/389
f 1336/1749/389 1181/1009/390 1180/1007/389
f 1336/1749/389 1180/1007/389 1335/1750/388
f 1335/1750/388 1180/1007/389 1179/1005/388
f 1335/1750/387 1179/1005/387 1334/1751/386
f 1334/1751/386 1179/1005/387 1178/1003/386
f 1334/1751/386 1178/1003/386 1333/1752/385
f 1333/1752/385 1178/1003/386 1177/1001/385
f 1333/1752/385 1177/1001/385 1332/1753/384
f 1332/1753/384 1177/1001/385 1176/999/384
f 1332/1753/383 1176/999/383 1331/1754/382
f 1331/1754/382 1176/999/383 1175/997/382
f 1331/1754/382 1175/997/382 1330/1755/381
f 1330/1755/381 1175/997/382 1174/995/381
f 1330/1755/380 1174/995/380 1329/1756/379
f 1329/1756/379 1174/995/380 1173/993/379
f 1329/1756/378 1173/993/378 1328/1757/377
f 1328/1757/377 1173/993/378 1172/991/377
f 1328/1757/376 1172/991/376 1327/1758/375
f 1327/1758/375 1172/991/376 1171/989/375
f 1327/1758/374 1171/989/374 1326/1759/373
f 1326/1759/373 1171/989/374 1170/987/373
f 1326/1759/373 1170/987/373 1325/1760/372
f 1325/1760/372 1170/987/373 1169/985/372
f 1325/1760/372 1169/985/372 1324/33/127
f 1324/33/127 1169/985/372 1168/20/127
f 1324/33/127 1168/20/127 1323/1761/371
f 1323/1761/371 1168/20/127 1167/983/371
f 1323/1761/371 1167/983/371 1322/1762/370
f 1322/1762/370 1167/983/371 1166/981/370
f 1322/1762/370 1166/981/370 1321/1763/369
f 1321/1763/369 1166/981/370 1165/979/369
f 1321/1763/368 1165/979/368 1320/1764/367
f 1320/1764/367 1165/979/368 1164/977/367
f 1320/1764/366 1164/977/366 1319/1765/365
f 1319/1765/365 1164/977/366 1163/1766/365
f 1319/1765/364 1163/1766/364 1318/1767/363
f 1318/1767/363 1163/1766/364 1162/973/363
f 1318/1767/362 1162/973/362 1317/1768/361
f 1317/1768/361 1162/973/362 1161/971/361
f 1317/1768/361 1161/971/361 1316/1769/360
f 1316/1769/360 1161/971/361 1160/969/360
f 1316/1769/359 1160/969/359 1315/1770/358
f 1315/1770/358 1160/969/359 1159/967/358
f 1315/1770/358 1159/967/358 1314/1771/357
f 1314/1771/357 1159/967/358 1158/965/357
f 1314/1771/357 1158/965/357 1313/1772/356
f 1313/1772/356 1158/965/357 1157/963/356
f 1313/1772/355 1157/963/355 1312/1773/354
f 1312/1773/354 1157/963/355 1156/961/354
f 1312/1773/354 1156/961/354 1311/1774/353
f 1311/1774/353 1156/961/354 1155/959/353
f 1311/1774/352 1155/959/352 1310/1775/351
f 1310/1775/351 1155/959/352 1154/957/351
f 1310/1775/350 1154/957/350 1309/1776/349
f 1309/1776/349 1154/957/350 1153/955/349
f 1309/1776/348 1153/955/348 1308/1777/347
f 1308/1777/347 1153/955/348 1152/953/347
f 1308/1777/346 1152/953/346 1307/1778/345
f 1307/1778/345 1152/953/346 1151/951/345
f 1307/1778/345 1151/951/345 1306/1740/344
f 1306/1740/344 1151/951/345 1150/949/344
f 1304/930/124 1306/1039/124 1277/929/124
f 1277/929/124 1306/1039/124 1305/1038/124
f 1277/929/124 1305/1038/124 1342/1037/124
f 1306/1039/124 1304/930/124 1307/1040/124
f 1307/1040/124 1304/930/124 1303/931/124
f 1307/1040/124 1303/931/124 1308/1041/124
f 1308/1041/124 1303/931/124 1302/932/124
f 1308/1041/124 1302/932/124 1309/1042/124
f 1309/1042/124 1302/932/124 1310/1043/124
f 1310/1043/124 1302/932/124 1301/933/124
f 1310/1043/124 1301/933/124 1311/1044/124
f 1311/1044/124 1301/933/124 1300/934/124
f 1311/1044/124 1300/934/124 1312/1045/124
f 1312/1045/124 1300/934/124 1299/935/124
f 1312/1045/124 1299/935/124 1313/1046/124
f 1313/1046/124 1299/935/124 1314/1047/124
f 1314/1047/124 1299/935/124 1298/1739/124
f 1314/1047/124 1298/1739/124 1315/1048/124
f 1315/1048/124 1298/1739/124 1297/937/124
f 1315/1048/124 1297/937/124 1316/1049/124
f 1316/1049/124 1297/937/124 1317/1050/124
f 1317/1050/124 1297/937/124 1296/938/124
f 1317/1050/124 1296/938/124 1318/1051/124
f 1318/1051/124 1296/938/124 1295/939/124
f 1318/1051/124 1295/939/124 1319/1052/124
f 1319/1052/124 1295/939/124 1294/940/124
f 1319/1052/124 1294/940/124 1320/1053/124
f 1320/1053/124 1294/940/124 1321/1054/124
f 1321/1054/124 1294/940/124 1293/941/124
f 1321/1054/124 1293/941/124 1322/1055/124
f 1322/1055/124 1293/941/124 1292/917/124
f 1322/1055/124 1292/917/124 1323/1020/124
f 1323/1020/124 1292/917/124 1291/916/124
f 1323/1020/124 1291/916/124 1324/1019/124
f 1324/1019/124 1291/916/124 1325/1018/124
f 1325/1018/124 1291/916/124 1290/915/124
f 1325/1018/124 1290/915/124 1326/1021/124
f 1326/1021/124 1290/915/124 1289/918/124
f 1326/1021/124 1289/918/124 1327/1022/124
f 1327/1022/124 1289/918/124 1288/919/124
f 1327/1022/124 1288/919/124 1328/1023/124
f 1328/1023/124 1288/919/124 1329/1024/124
f 1329/1024/124 1288/919/124 1287/920/124
f 1329/1024/124 1287/920/124 1330/1025/124
f 1330/1025/124 1287/920/124 1286/921/124
f 1330/1025/124 1286/921/124 1331/1026/124
f 1331/1026/124 1286/921/124 1285/922/124
f 1331/1026/124 1285/922/124 1332/1027/124
f 1332/1027/124 1285/922/124 1333/1028/124
f 1333/1028/124 1285/922/124 1284/613/124
f 1333/1028/124 1284/613/124 1334/1029/124
f 1334/1029/124 1284/613/124 1283/923/124
f 1334/1029/124 1283/923/124 1335/1030/124
f 1335/1030/124 1283/923/124 1336/1031/124
f 1336/1031/124 1283/923/124 1282/924/124
f 1336/1031/124 1282/924/124 1337/1032/124
f 1337/1032/124 1282/924/124 1281/925/124
f 1337/1032/124 1281/925/124 1338/1033/124
f 1338/1033/124 1281/925/124 1280/926/124
f 1338/1033/124 1280/926/124 1339/1034/124
f 1339/1034/124 1280/926/124 1340/1035/124
f 1340/1035/124 1280/926/124 1279/927/124
f 1340/1035/124 1279/927/124 1341/1036/124
f 1341/1036/124 1279/927/124 1278/928/124
f 1341/1036/124 1278/928/124 1342/1037/124
f 1342/1037/124 1278/928/124 1277/929/124
f 1354/1779/567 1343/1780/568 1356/1781/567
f 1356/1781/567 1343/1780/568 1344/1782/568
f 1356/1781/567 1344/1782/568 1355/1783/567
f 1355/1783/567 1344/1782/568 1345/1784/567
f 1355/1783/569 1345/1784/569 1357/1785/570
f 1357/1785/570 1345/1784/569 1346/1786/570
f 1357/1785/571 1346/1786/571 1359/1787/572
f 1359/1787/572 1346/1786/571 1347/1788/572
f 1359/1787/573 1347/1788/573 1361/1789/574
f 1361/1789/574 1347/1788/573 1348/1790/574
f 1361/1789/574 1348/1790/574 1349/1791/523
f 1349/1791/523 1350/1792/523 1361/1789/574
f 1361/1789/574 1350/1792/523 1362/1793/574
f 1361/1789/574 1362/1793/574 1359/1787/573
f 1359/1787/573 1362/1793/574 1360/1794/573
f 1359/1787/572 1360/1794/572 1357/1785/571
f 1357/1785/571 1360/1794/572 1358/1795/571
f 1357/1785/570 1358/1795/570 1355/1783/569
f 1355/1783/569 1358/1795/570 1356/1781/569
f 1350/1792/523 1351/1796/574 1362/1793/574
f 1362/1793/574 1351/1796/574 1360/1794/573
f 1351/1796/574 1352/1797/573 1360/1794/573
f 1360/1794/572 1352/1797/572 1358/1795/571
f 1352/1797/572 1353/1798/571 1358/1795/571
f 1358/1795/570 1353/1798/570 1356/1781/569
f 1353/1798/570 1354/1779/569 1356/1781/569
f 1349/1799/523 1363/1800/523 1350/1801/523
f 1350/1801/523 1363/1800/523 1364/1802/523
f 1366/1803/48 1363/1804/48 1365/1805/48
f 1365/1805/48 1363/1804/48 1349/1806/48
f 1365/1805/48 1349/1806/48 1370/1807/48
f 1370/1807/48 1349/1806/48 1348/1808/48
f 1370/1807/48 1348/1808/48 1369/1809/48
f 1369/1809/48 1348/1808/48 1347/1810/48
f 1369/1809/48 1347/1810/48 1368/1811/48
f 1368/1811/48 1347/1810/48 1346/1812/48
f 1368/1811/48 1346/1812/48 1367/1813/48
f 1367/1813/48 1346/1812/48 1344/1814/48
f 1344/1814/48 1346/1812/48 1345/1815/48
f 1371/1816/44 1364/1817/44 1366/1818/44
f 1366/1818/44 1364/1817/44 1363/1819/44
f 1367/1820/575 1344/1821/576 1378/1822/575
f 1378/1822/575 1344/1821/576 1343/1823/576
f 1378/1822/575 1343/1823/576 1377/1824/575
f 1377/1824/575 1343/1823/576 1372/1825/575
f 1377/1824/577 1372/1825/577 1379/1826/578
f 1379/1826/578 1372/1825/577 1373/1827/578
f 1379/1826/579 1373/1827/579 1381/1828/580
f 1381/1828/580 1373/1827/579 1374/1829/580
f 1381/1828/581 1374/1829/581 1383/1830/582
f 1383/1830/582 1374/1829/581 1375/1831/582
f 1383/1830/582 1375/1831/582 1376/1832/218
f 1376/1832/218 1365/1833/218 1383/1830/582
f 1383/1830/582 1365/1833/218 1384/1834/582
f 1383/1830/582 1384/1834/582 1381/1828/581
f 1381/1828/581 1384/1834/582 1382/1835/581
f 1381/1828/580 1382/1835/580 1379/1826/579
f 1379/1826/579 1382/1835/580 1380/1836/579
f 1379/1826/578 1380/1836/578 1377/1824/577
f 1377/1824/577 1380/1836/578 1378/1822/577
f 1365/1833/218 1370/1837/582 1384/1834/582
f 1384/1834/582 1370/1837/582 1382/1835/581
f 1370/1837/582 1369/1838/581 1382/1835/581
f 1382/1835/580 1369/1838/580 1380/1836/579
f 1369/1838/580 1368/1839/579 1380/1836/579
f 1380/1836/578 1368/1839/578 1378/1822/577
f 1368/1839/578 1367/1820/577 1378/1822/577
f 1376/1840/218 1371/1841/218 1365/1842/218
f 1365/1842/218 1371/1841/218 1366/1800/218
f 1364/1843/127 1371/1844/127 1350/1845/127
f 1350/1845/127 1371/1844/127 1376/1846/127
f 1350/1845/127 1376/1846/127 1351/1847/127
f 1351/1847/127 1376/1846/127 1375/1848/127
f 1351/1847/127 1375/1848/127 1352/1849/127
f 1352/1849/127 1375/1848/127 1374/1850/127
f 1352/1849/127 1374/1850/127 1353/1851/127
f 1353/1851/127 1374/1850/127 1373/1852/127
f 1353/1851/127 1373/1852/127 1354/1853/127
f 1354/1853/127 1373/1852/127 1343/1854/127
f 1343/1854/127 1373/1852/127 1372/1855/127
