# Blender 4.2.10 LTS
# www.blender.org
o tmp_export_Hip_Connector
v -0.013073 0.041800 0.016200
v -0.011212 0.043000 0.015000
v -0.009730 0.043000 0.010857
v -0.008732 0.043000 0.006571
v -0.008229 0.043000 0.002200
v -0.008229 0.043000 -0.002200
v -0.008732 0.043000 -0.006572
v -0.009731 0.043000 -0.010857
v -0.011213 0.043000 -0.015000
v -0.013074 0.041800 -0.016200
v -0.011467 0.041800 -0.012333
v -0.010305 0.041800 -0.008309
v -0.009602 0.041800 -0.004181
v -0.009366 0.041800 0.000000
v -0.009601 0.041800 0.004181
v -0.010304 0.041800 0.008309
v -0.011466 0.041800 0.012333
v -0.013219 0.041500 0.016500
v -0.014869 0.040500 0.017500
v -0.008751 0.040500 0.017500
v -0.006833 0.043000 0.015000
v -0.013220 0.041500 -0.016500
v -0.011551 0.041500 -0.012569
v -0.010343 0.041500 -0.008472
v -0.009611 0.041500 -0.004264
v -0.009366 0.041500 0.000000
v -0.009611 0.041500 0.004264
v -0.010342 0.041500 0.008472
v -0.011550 0.041500 0.012569
v -0.020480 0.041800 -0.016200
v -0.021157 0.043000 -0.015000
v -0.019391 0.043000 -0.011489
v -0.018107 0.043000 -0.007774
v -0.017328 0.043000 -0.003922
v -0.017066 0.043000 0.000000
v -0.017327 0.043000 0.003921
v -0.018107 0.043000 0.007774
v -0.019390 0.043000 0.011488
v -0.021156 0.043000 0.015000
v -0.020479 0.041800 0.016200
v -0.018685 0.041800 0.012862
v -0.017315 0.041800 0.009329
v -0.016390 0.041800 0.005655
v -0.015924 0.041800 0.001894
v -0.015925 0.041800 -0.001895
v -0.016391 0.041800 -0.005655
v -0.017316 0.041800 -0.009330
v -0.018686 0.041800 -0.012863
v -0.020667 0.041500 0.016500
v -0.018801 0.041500 0.013112
v -0.017375 0.041500 0.009517
v -0.016412 0.041500 0.005771
v -0.015927 0.041500 0.001934
v -0.015927 0.041500 -0.001934
v -0.016413 0.041500 -0.005771
v -0.017376 0.041500 -0.009517
v -0.018802 0.041500 -0.013112
v -0.020669 0.041500 -0.016500
v -0.046603 0.043000 0.015000
v -0.072077 0.043000 0.015000
v -0.072753 0.041800 0.016200
v -0.072565 0.041500 0.016500
v -0.073109 0.040500 0.017500
v -0.020124 0.040500 0.017500
v -0.080158 0.041800 -0.016200
v -0.082019 0.043000 -0.015000
v -0.083501 0.043000 -0.010857
v -0.084500 0.043000 -0.006572
v -0.085003 0.043000 -0.002200
v -0.085003 0.043000 0.002200
v -0.084501 0.043000 0.006571
v -0.083502 0.043000 0.010857
v -0.082020 0.043000 0.015000
v -0.080159 0.041800 0.016200
v -0.081766 0.041800 0.012333
v -0.082928 0.041800 0.008309
v -0.083631 0.041800 0.004181
v -0.083866 0.041800 0.000000
v -0.083631 0.041800 -0.004181
v -0.082927 0.041800 -0.008309
v -0.081765 0.041800 -0.012333
v -0.086403 0.043000 0.015000
v -0.085493 0.040500 0.017500
v -0.078363 0.040500 0.017500
v -0.080013 0.041500 0.016500
v -0.086403 0.043000 -0.015000
v -0.073842 0.043000 0.011488
v -0.075126 0.043000 0.007774
v -0.075905 0.043000 0.003921
v -0.076166 0.043000 0.000000
v -0.075905 0.043000 -0.003922
v -0.075125 0.043000 -0.007774
v -0.073841 0.043000 -0.011489
v -0.072075 0.043000 -0.015000
v -0.072752 0.041800 -0.016200
v -0.074546 0.041800 -0.012863
v -0.075916 0.041800 -0.009330
v -0.076841 0.041800 -0.005655
v -0.077308 0.041800 -0.001895
v -0.077308 0.041800 0.001894
v -0.076842 0.041800 0.005655
v -0.075917 0.041800 0.009329
v -0.074547 0.041800 0.012862
v -0.072564 0.041500 -0.016500
v -0.074430 0.041500 -0.013112
v -0.075856 0.041500 -0.009517
v -0.076819 0.041500 -0.005771
v -0.077305 0.041500 -0.001934
v -0.077305 0.041500 0.001934
v -0.076820 0.041500 0.005771
v -0.075857 0.041500 0.009517
v -0.074431 0.041500 0.013112
v -0.078362 0.040500 -0.017500
v -0.080012 0.041500 -0.016500
v -0.081681 0.041500 -0.012569
v -0.082890 0.041500 -0.008472
v -0.083621 0.041500 -0.004264
v -0.083866 0.041500 0.000000
v -0.083621 0.041500 0.004264
v -0.082890 0.041500 0.008472
v -0.081682 0.041500 0.012569
v -0.077791 0.040000 0.017500
v -0.079574 0.040000 0.013851
v -0.080933 0.040000 0.010023
v -0.081848 0.040000 0.006066
v -0.082308 0.040000 0.002031
v -0.082308 0.040000 -0.002031
v -0.081847 0.040000 -0.006066
v -0.080932 0.040000 -0.010023
v -0.079573 0.040000 -0.013851
v -0.077789 0.040000 -0.017500
v -0.073706 0.040000 0.017500
v -0.075710 0.040000 0.013915
v -0.077243 0.040000 0.010103
v -0.078279 0.040000 0.006128
v -0.078801 0.040000 0.002054
v -0.078801 0.040000 -0.002054
v -0.078278 0.040000 -0.006129
v -0.077242 0.040000 -0.010104
v -0.075709 0.040000 -0.013915
v -0.073704 0.040000 -0.017500
v -0.014871 0.040500 -0.017500
v -0.015443 0.040000 -0.017500
v -0.013659 0.040000 -0.013851
v -0.012300 0.040000 -0.010023
v -0.011385 0.040000 -0.006066
v -0.010924 0.040000 -0.002031
v -0.010924 0.040000 0.002031
v -0.011384 0.040000 0.006066
v -0.012300 0.040000 0.010023
v -0.013658 0.040000 0.013851
v -0.015442 0.040000 0.017500
v -0.019528 0.040000 -0.017500
v -0.017523 0.040000 -0.013915
v -0.015990 0.040000 -0.010104
v -0.014954 0.040000 -0.006129
v -0.014432 0.040000 -0.002054
v -0.014431 0.040000 0.002054
v -0.014953 0.040000 0.006128
v -0.015989 0.040000 0.010103
v -0.017522 0.040000 0.013915
v -0.019526 0.040000 0.017500
v -0.073107 0.040500 -0.017500
v -0.020125 0.040500 -0.017500
v -0.118862 0.012500 0.017500
v -0.142500 0.012500 0.017500
v -0.142500 -0.012500 0.017500
v -0.119175 -0.012500 0.017500
v -0.083422 0.017500 0.017500
v -0.026400 0.017500 0.017500
v -0.017691 -0.015000 0.017500
v -0.002500 -0.015000 0.017500
v -0.002500 0.017171 0.017500
v -0.006833 0.043000 -0.015000
v -0.008751 0.040500 -0.017500
v -0.085493 0.040500 -0.017500
v -0.046603 0.043000 -0.015000
v -0.046603 0.045000 0.013000
v -0.049220 0.045000 0.012734
v -0.051730 0.045000 0.011946
v -0.054030 0.045000 0.010670
v -0.056026 0.045000 0.008957
v -0.057636 0.045000 0.006877
v -0.058794 0.045000 0.004515
v -0.059453 0.045000 0.001969
v -0.059587 0.045000 -0.000658
v -0.059188 0.045000 -0.003258
v -0.058275 0.045000 -0.005725
v -0.056883 0.045000 -0.007957
v -0.055071 0.045000 -0.009864
v -0.052912 0.045000 -0.011367
v -0.050495 0.045000 -0.012404
v -0.047918 0.045000 -0.012933
v -0.045288 0.045000 -0.012933
v -0.042711 0.045000 -0.012404
v -0.040294 0.045000 -0.011367
v -0.038135 0.045000 -0.009864
v -0.036323 0.045000 -0.007957
v -0.034932 0.045000 -0.005725
v -0.034018 0.045000 -0.003258
v -0.033620 0.045000 -0.000658
v -0.033753 0.045000 0.001969
v -0.034412 0.045000 0.004515
v -0.035571 0.045000 0.006877
v -0.037181 0.045000 0.008957
v -0.039177 0.045000 0.010670
v -0.041477 0.045000 0.011946
v -0.043986 0.045000 0.012734
v -0.049359 0.043000 -0.014745
v -0.052022 0.043000 -0.013987
v -0.054500 0.043000 -0.012753
v -0.056709 0.043000 -0.011085
v -0.058573 0.043000 -0.009040
v -0.060031 0.043000 -0.006686
v -0.061031 0.043000 -0.004105
v -0.061539 0.043000 -0.001384
v -0.061539 0.043000 0.001384
v -0.061031 0.043000 0.004105
v -0.060031 0.043000 0.006686
v -0.058573 0.043000 0.009040
v -0.056709 0.043000 0.011085
v -0.054500 0.043000 0.012753
v -0.052022 0.043000 0.013987
v -0.049359 0.043000 0.014745
v -0.043847 0.043000 0.014745
v -0.041185 0.043000 0.013987
v -0.038707 0.043000 0.012753
v -0.036498 0.043000 0.011085
v -0.034633 0.043000 0.009040
v -0.033176 0.043000 0.006686
v -0.032176 0.043000 0.004105
v -0.031667 0.043000 0.001384
v -0.031667 0.043000 -0.001384
v -0.032176 0.043000 -0.004105
v -0.033176 0.043000 -0.006686
v -0.034633 0.043000 -0.009040
v -0.036498 0.043000 -0.011085
v -0.038707 0.043000 -0.012753
v -0.041185 0.043000 -0.013987
v -0.043847 0.043000 -0.014745
v -0.046603 0.052000 0.013000
v -0.049220 0.052000 0.012734
v -0.051730 0.052000 0.011946
v -0.054030 0.052000 0.010670
v -0.056026 0.052000 0.008957
v -0.057636 0.052000 0.006877
v -0.058794 0.052000 0.004515
v -0.059453 0.052000 0.001969
v -0.059587 0.052000 -0.000658
v -0.059188 0.052000 -0.003258
v -0.058275 0.052000 -0.005725
v -0.056883 0.052000 -0.007957
v -0.055071 0.052000 -0.009864
v -0.052912 0.052000 -0.011367
v -0.050495 0.052000 -0.012404
v -0.047918 0.052000 -0.012933
v -0.045288 0.052000 -0.012933
v -0.042711 0.052000 -0.012404
v -0.040294 0.052000 -0.011367
v -0.038135 0.052000 -0.009864
v -0.036323 0.052000 -0.007957
v -0.034932 0.052000 -0.005725
v -0.034018 0.052000 -0.003258
v -0.033620 0.052000 -0.000658
v -0.033753 0.052000 0.001969
v -0.034412 0.052000 0.004515
v -0.035571 0.052000 0.006877
v -0.037181 0.052000 0.008957
v -0.039177 0.052000 0.010670
v -0.041477 0.052000 0.011946
v -0.043986 0.052000 0.012734
v -0.145000 0.015000 0.015000
v -0.145000 -0.015000 0.015000
v -0.119772 0.015000 0.015000
v 0.000000 -0.017500 0.015000
v -0.000000 0.017500 0.015000
v -0.019610 -0.017500 0.015000
v -0.028318 0.015000 0.015000
v -0.082512 0.015000 0.015000
v -0.118265 -0.015000 0.015000
v -0.145000 -0.000000 0.013000
v -0.145000 -0.002617 0.012734
v -0.145000 -0.005127 0.011946
v -0.145000 -0.007426 0.010670
v -0.145000 -0.009422 0.008957
v -0.145000 -0.011032 0.006877
v -0.145000 -0.012191 0.004515
v -0.145000 -0.012850 0.001969
v -0.145000 -0.012983 -0.000658
v -0.145000 -0.012585 -0.003258
v -0.145000 -0.011671 -0.005725
v -0.145000 -0.010280 -0.007957
v -0.145000 -0.008468 -0.009864
v -0.145000 -0.006309 -0.011367
v -0.145000 -0.003892 -0.012404
v -0.145000 -0.001315 -0.012933
v -0.145000 0.001315 -0.012933
v -0.145000 0.003892 -0.012404
v -0.145000 0.006309 -0.011367
v -0.145000 0.008468 -0.009864
v -0.145000 0.010280 -0.007957
v -0.145000 0.011671 -0.005725
v -0.145000 0.012585 -0.003258
v -0.145000 0.012983 -0.000658
v -0.145000 0.012850 0.001969
v -0.145000 0.012191 0.004515
v -0.145000 0.011032 0.006877
v -0.145000 0.009422 0.008957
v -0.145000 0.007426 0.010670
v -0.145000 0.005127 0.011946
v -0.145000 0.002617 0.012734
v -0.145000 0.015000 -0.015000
v -0.145000 -0.015000 -0.015000
v -0.119772 0.015000 -0.015000
v -0.000000 0.017500 -0.015000
v -0.000000 0.001550 0.010000
v -0.000000 0.001342 0.009225
v -0.000000 0.000775 0.008658
v 0.000000 -0.000000 0.008450
v 0.000000 -0.000775 0.008658
v 0.000000 -0.001342 0.009225
v 0.000000 -0.001550 0.010000
v 0.000000 -0.001342 0.010775
v 0.000000 -0.000775 0.011342
v 0.000000 -0.000000 0.011550
v -0.000000 0.000775 0.011342
v -0.000000 0.001342 0.010775
v -0.000000 0.010210 -0.005000
v -0.000000 0.010003 -0.005775
v -0.000000 0.009435 -0.006342
v -0.000000 0.008660 -0.006550
v -0.000000 0.007885 -0.006342
v -0.000000 0.007318 -0.005775
v -0.000000 0.007110 -0.005000
v -0.000000 0.007318 -0.004225
v -0.000000 0.007885 -0.003658
v -0.000000 0.008660 -0.003450
v -0.000000 0.009435 -0.003658
v -0.000000 0.010003 -0.004225
v 0.000000 -0.007110 -0.005000
v 0.000000 -0.007318 -0.005775
v 0.000000 -0.007885 -0.006342
v 0.000000 -0.008660 -0.006550
v 0.000000 -0.009435 -0.006342
v 0.000000 -0.010003 -0.005775
v 0.000000 -0.010210 -0.005000
v 0.000000 -0.010003 -0.004225
v 0.000000 -0.009435 -0.003658
v 0.000000 -0.008660 -0.003450
v 0.000000 -0.007885 -0.003658
v 0.000000 -0.007318 -0.004225
v -0.000000 0.001550 -0.010000
v -0.000000 0.001342 -0.010775
v -0.000000 0.000775 -0.011342
v -0.000000 0.000000 -0.011550
v 0.000000 -0.000775 -0.011342
v 0.000000 -0.001342 -0.010775
v 0.000000 -0.001550 -0.010000
v 0.000000 -0.001342 -0.009225
v 0.000000 -0.000775 -0.008658
v -0.000000 0.000000 -0.008450
v -0.000000 0.000775 -0.008658
v -0.000000 0.001342 -0.009225
v -0.000000 0.010210 0.005000
v -0.000000 0.010003 0.004225
v -0.000000 0.009435 0.003658
v -0.000000 0.008660 0.003450
v -0.000000 0.007885 0.003658
v -0.000000 0.007318 0.004225
v -0.000000 0.007110 0.005000
v -0.000000 0.007318 0.005775
v -0.000000 0.007885 0.006342
v -0.000000 0.008660 0.006550
v -0.000000 0.009435 0.006342
v -0.000000 0.010003 0.005775
v 0.000000 -0.007110 0.005000
v 0.000000 -0.007318 0.004225
v 0.000000 -0.007885 0.003658
v 0.000000 -0.008660 0.003450
v 0.000000 -0.009435 0.003658
v 0.000000 -0.010003 0.004225
v 0.000000 -0.010210 0.005000
v 0.000000 -0.010003 0.005775
v 0.000000 -0.009435 0.006342
v 0.000000 -0.008660 0.006550
v 0.000000 -0.007885 0.006342
v 0.000000 -0.007318 0.005775
v 0.000000 -0.017500 -0.015000
v -0.118265 -0.015000 -0.015000
v -0.142500 -0.012500 -0.017500
v -0.119175 -0.012500 -0.017500
v -0.142500 0.012500 -0.017500
v -0.118862 0.012500 -0.017500
v -0.002500 -0.015000 -0.017500
v -0.002500 0.017171 -0.017500
v -0.017691 -0.015000 -0.017500
v -0.019610 -0.017500 -0.015000
v -0.026400 0.017500 -0.017500
v -0.028318 0.015000 -0.015000
v -0.083422 0.017500 -0.017500
v -0.082512 0.015000 -0.015000
v -0.046395 0.015000 -0.007148
v -0.045236 0.015000 -0.007394
v -0.044277 0.015000 -0.008091
v -0.043685 0.015000 -0.009117
v -0.043561 0.015000 -0.010296
v -0.043927 0.015000 -0.011423
v -0.044720 0.015000 -0.012304
v -0.045803 0.015000 -0.012786
v -0.046988 0.015000 -0.012786
v -0.048070 0.015000 -0.012304
v -0.048863 0.015000 -0.011423
v -0.049229 0.015000 -0.010296
v -0.049106 0.015000 -0.009117
v -0.048513 0.015000 -0.008091
v -0.047554 0.015000 -0.007394
v -0.055366 0.015000 0.007669
v -0.054206 0.015000 0.007422
v -0.053248 0.015000 0.006726
v -0.052655 0.015000 0.005699
v -0.052531 0.015000 0.004521
v -0.052897 0.015000 0.003394
v -0.053690 0.015000 0.002513
v -0.054773 0.015000 0.002031
v -0.055958 0.015000 0.002031
v -0.057041 0.015000 0.002513
v -0.057834 0.015000 0.003394
v -0.058200 0.015000 0.004521
v -0.058076 0.015000 0.005699
v -0.057484 0.015000 0.006726
v -0.056525 0.015000 0.007422
v -0.038049 0.015000 0.008029
v -0.036890 0.015000 0.007783
v -0.035931 0.015000 0.007086
v -0.035338 0.015000 0.006060
v -0.035214 0.015000 0.004881
v -0.035581 0.015000 0.003754
v -0.036374 0.015000 0.002873
v -0.037456 0.015000 0.002391
v -0.038641 0.015000 0.002391
v -0.039724 0.015000 0.002873
v -0.040517 0.015000 0.003754
v -0.040883 0.015000 0.004881
v -0.040759 0.015000 0.006060
v -0.040167 0.015000 0.007086
v -0.039208 0.015000 0.007783
v -0.037841 0.015000 -0.001969
v -0.036682 0.015000 -0.002215
v -0.035723 0.015000 -0.002912
v -0.035130 0.015000 -0.003938
v -0.035006 0.015000 -0.005117
v -0.035373 0.015000 -0.006244
v -0.036166 0.015000 -0.007124
v -0.037248 0.015000 -0.007606
v -0.038433 0.015000 -0.007606
v -0.039516 0.015000 -0.007124
v -0.040309 0.015000 -0.006244
v -0.040675 0.015000 -0.005117
v -0.040551 0.015000 -0.003938
v -0.039959 0.015000 -0.002912
v -0.039000 0.015000 -0.002215
v -0.046811 0.015000 0.012848
v -0.045652 0.015000 0.012601
v -0.044693 0.015000 0.011905
v -0.044101 0.015000 0.010879
v -0.043977 0.015000 0.009700
v -0.044343 0.015000 0.008573
v -0.045136 0.015000 0.007692
v -0.046219 0.015000 0.007210
v -0.047404 0.015000 0.007210
v -0.048487 0.015000 0.007692
v -0.049279 0.015000 0.008573
v -0.049646 0.015000 0.009700
v -0.049522 0.015000 0.010879
v -0.048929 0.015000 0.011905
v -0.047971 0.015000 0.012601
v -0.055158 0.015000 -0.002329
v -0.053998 0.015000 -0.002576
v -0.053040 0.015000 -0.003272
v -0.052447 0.015000 -0.004298
v -0.052323 0.015000 -0.005477
v -0.052689 0.015000 -0.006604
v -0.053482 0.015000 -0.007485
v -0.054565 0.015000 -0.007967
v -0.055750 0.015000 -0.007967
v -0.056833 0.015000 -0.007485
v -0.057626 0.015000 -0.006604
v -0.057992 0.015000 -0.005477
v -0.057868 0.015000 -0.004298
v -0.057276 0.015000 -0.003272
v -0.056317 0.015000 -0.002576
v -0.022742 -0.005810 0.005000
v -0.022676 -0.006057 0.006159
v -0.022489 -0.006753 0.007118
v -0.022214 -0.007780 0.007711
v -0.021898 -0.008958 0.007834
v -0.021596 -0.010085 0.007468
v -0.021360 -0.010966 0.006675
v -0.021231 -0.011448 0.005593
v -0.021231 -0.011448 0.004407
v -0.021360 -0.010966 0.003325
v -0.021596 -0.010085 0.002532
v -0.021898 -0.008958 0.002166
v -0.022214 -0.007780 0.002289
v -0.022489 -0.006753 0.002882
v -0.022676 -0.006057 0.003841
v -0.027383 0.011510 -0.005000
v -0.027317 0.011264 -0.003841
v -0.027130 0.010567 -0.002882
v -0.026855 0.009541 -0.002289
v -0.026539 0.008362 -0.002166
v -0.026237 0.007235 -0.002532
v -0.026001 0.006355 -0.003325
v -0.025872 0.005873 -0.004407
v -0.025872 0.005873 -0.005593
v -0.026001 0.006355 -0.006675
v -0.026237 0.007235 -0.007468
v -0.026539 0.008362 -0.007834
v -0.026855 0.009541 -0.007711
v -0.027130 0.010567 -0.007118
v -0.027317 0.011264 -0.006159
v -0.025062 0.002850 0.010000
v -0.024996 0.002604 0.011159
v -0.024810 0.001907 0.012118
v -0.024535 0.000881 0.012711
v -0.024219 -0.000298 0.012834
v -0.023917 -0.001425 0.012468
v -0.023681 -0.002306 0.011675
v -0.023552 -0.002788 0.010593
v -0.023552 -0.002788 0.009407
v -0.023681 -0.002306 0.008325
v -0.023917 -0.001425 0.007532
v -0.024219 -0.000298 0.007166
v -0.024535 0.000881 0.007289
v -0.024810 0.001907 0.007882
v -0.024996 0.002604 0.008841
v -0.025062 0.002850 -0.010000
v -0.024996 0.002604 -0.008841
v -0.024810 0.001907 -0.007882
v -0.024535 0.000881 -0.007289
v -0.024219 -0.000298 -0.007166
v -0.023917 -0.001425 -0.007532
v -0.023681 -0.002306 -0.008325
v -0.023552 -0.002788 -0.009407
v -0.023552 -0.002788 -0.010593
v -0.023681 -0.002306 -0.011675
v -0.023917 -0.001425 -0.012468
v -0.024219 -0.000298 -0.012834
v -0.024535 0.000881 -0.012711
v -0.024810 0.001907 -0.012118
v -0.024996 0.002604 -0.011159
v -0.027383 0.011510 0.005000
v -0.027317 0.011264 0.006159
v -0.027130 0.010567 0.007118
v -0.026855 0.009541 0.007711
v -0.026539 0.008362 0.007834
v -0.026237 0.007235 0.007468
v -0.026001 0.006355 0.006675
v -0.025872 0.005873 0.005593
v -0.025872 0.005873 0.004407
v -0.026001 0.006355 0.003325
v -0.026237 0.007235 0.002532
v -0.026539 0.008362 0.002166
v -0.026855 0.009541 0.002289
v -0.027130 0.010567 0.002882
v -0.027317 0.011264 0.003841
v -0.022742 -0.005810 -0.005000
v -0.022676 -0.006057 -0.003841
v -0.022489 -0.006753 -0.002882
v -0.022214 -0.007780 -0.002289
v -0.021898 -0.008958 -0.002166
v -0.021596 -0.010085 -0.002532
v -0.021360 -0.010966 -0.003325
v -0.021231 -0.011448 -0.004407
v -0.021231 -0.011448 -0.005593
v -0.021360 -0.010966 -0.006675
v -0.021596 -0.010085 -0.007468
v -0.021898 -0.008958 -0.007834
v -0.022214 -0.007780 -0.007711
v -0.022489 -0.006753 -0.007118
v -0.022676 -0.006057 -0.006159
v -0.153000 -0.000000 0.009975
v -0.153000 -0.002300 0.009706
v -0.153000 -0.004477 0.008914
v -0.153000 -0.006412 0.007641
v -0.153000 -0.008001 0.005957
v -0.153000 -0.009159 0.003951
v -0.153000 -0.009823 0.001732
v -0.153000 -0.009958 -0.000580
v -0.153000 -0.009556 -0.002861
v -0.153000 -0.008639 -0.004987
v -0.153000 -0.007256 -0.006845
v -0.153000 -0.005481 -0.008334
v -0.153000 -0.003412 -0.009373
v -0.153000 -0.001158 -0.009908
v -0.153000 0.001158 -0.009908
v -0.153000 0.003412 -0.009373
v -0.153000 0.005481 -0.008334
v -0.153000 0.007256 -0.006845
v -0.153000 0.008639 -0.004987
v -0.153000 0.009556 -0.002861
v -0.153000 0.009958 -0.000580
v -0.153000 0.009823 0.001732
v -0.153000 0.009159 0.003951
v -0.153000 0.008001 0.005957
v -0.153000 0.006412 0.007641
v -0.153000 0.004477 0.008914
v -0.153000 0.002300 0.009706
v -0.147000 -0.000000 0.009975
v -0.147000 0.002300 0.009706
v -0.147000 0.004477 0.008914
v -0.147000 0.006412 0.007641
v -0.147000 0.008001 0.005957
v -0.147000 0.009159 0.003951
v -0.147000 0.009823 0.001732
v -0.147000 0.009958 -0.000580
v -0.147000 0.009556 -0.002861
v -0.147000 0.008639 -0.004987
v -0.147000 0.007256 -0.006845
v -0.147000 0.005481 -0.008334
v -0.147000 0.003412 -0.009373
v -0.147000 0.001158 -0.009908
v -0.147000 -0.001158 -0.009908
v -0.147000 -0.003412 -0.009373
v -0.147000 -0.005481 -0.008334
v -0.147000 -0.007256 -0.006845
v -0.147000 -0.008639 -0.004987
v -0.147000 -0.009556 -0.002861
v -0.147000 -0.009958 -0.000580
v -0.147000 -0.009823 0.001732
v -0.147000 -0.009159 0.003951
v -0.147000 -0.008001 0.005957
v -0.147000 -0.006412 0.007641
v -0.147000 -0.004477 0.008914
v -0.147000 -0.002300 0.009706
v -0.147000 -0.000000 0.013000
v -0.147000 -0.002617 0.012734
v -0.147000 -0.005127 0.011946
v -0.147000 -0.007426 0.010670
v -0.147000 -0.009422 0.008957
v -0.147000 -0.011032 0.006877
v -0.147000 -0.012191 0.004515
v -0.147000 -0.012850 0.001969
v -0.147000 -0.012983 -0.000658
v -0.147000 -0.012585 -0.003258
v -0.147000 -0.011671 -0.005725
v -0.147000 -0.010280 -0.007957
v -0.147000 -0.008468 -0.009864
v -0.147000 -0.006309 -0.011367
v -0.147000 -0.003892 -0.012404
v -0.147000 -0.001315 -0.012933
v -0.147000 0.001315 -0.012933
v -0.147000 0.003892 -0.012404
v -0.147000 0.006309 -0.011367
v -0.147000 0.008468 -0.009864
v -0.147000 0.010280 -0.007957
v -0.147000 0.011671 -0.005725
v -0.147000 0.012585 -0.003258
v -0.147000 0.012983 -0.000658
v -0.147000 0.012850 0.001969
v -0.147000 0.012191 0.004515
v -0.147000 0.011032 0.006877
v -0.147000 0.009422 0.008957
v -0.147000 0.007426 0.010670
v -0.147000 0.005127 0.011946
v -0.147000 0.002617 0.012734
v -0.055158 0.020500 -0.002329
v -0.056317 0.020500 -0.002576
v -0.057276 0.020500 -0.003272
v -0.057868 0.020500 -0.004298
v -0.057992 0.020500 -0.005477
v -0.057626 0.020500 -0.006604
v -0.056833 0.020500 -0.007485
v -0.055750 0.020500 -0.007967
v -0.054565 0.020500 -0.007967
v -0.053482 0.020500 -0.007485
v -0.052689 0.020500 -0.006604
v -0.052323 0.020500 -0.005477
v -0.052447 0.020500 -0.004298
v -0.053040 0.020500 -0.003272
v -0.053998 0.020500 -0.002576
v -0.055158 0.020500 -0.006729
v -0.055933 0.020500 -0.006521
v -0.056500 0.020500 -0.005954
v -0.056708 0.020500 -0.005179
v -0.056500 0.020500 -0.004404
v -0.055933 0.020500 -0.003837
v -0.055158 0.020500 -0.003629
v -0.054383 0.020500 -0.003837
v -0.053815 0.020500 -0.004404
v -0.053608 0.020500 -0.005179
v -0.053815 0.020500 -0.005954
v -0.054383 0.020500 -0.006521
v -0.055158 0.052000 -0.006729
v -0.055933 0.052000 -0.006521
v -0.056500 0.052000 -0.005954
v -0.056708 0.052000 -0.005179
v -0.056500 0.052000 -0.004404
v -0.055933 0.052000 -0.003837
v -0.055158 0.052000 -0.003629
v -0.054383 0.052000 -0.003837
v -0.053815 0.052000 -0.004404
v -0.053608 0.052000 -0.005179
v -0.053815 0.052000 -0.005954
v -0.054383 0.052000 -0.006521
v -0.055158 0.036250 -0.006729
v -0.054383 0.036250 -0.006521
v -0.053815 0.036250 -0.005954
v -0.053608 0.036250 -0.005179
v -0.053815 0.036250 -0.004404
v -0.054383 0.036250 -0.003837
v -0.055158 0.036250 -0.003629
v -0.055933 0.036250 -0.003837
v -0.056500 0.036250 -0.004404
v -0.056708 0.036250 -0.005179
v -0.056500 0.036250 -0.005954
v -0.055933 0.036250 -0.006521
v -0.046811 0.020500 0.012848
v -0.047971 0.020500 0.012601
v -0.048929 0.020500 0.011905
v -0.049522 0.020500 0.010879
v -0.049646 0.020500 0.009700
v -0.049279 0.020500 0.008573
v -0.048487 0.020500 0.007692
v -0.047404 0.020500 0.007210
v -0.046219 0.020500 0.007210
v -0.045136 0.020500 0.007692
v -0.044343 0.020500 0.008573
v -0.043977 0.020500 0.009700
v -0.044101 0.020500 0.010879
v -0.044693 0.020500 0.011905
v -0.045652 0.020500 0.012601
v -0.046811 0.020500 0.008448
v -0.047586 0.020500 0.008655
v -0.048154 0.020500 0.009223
v -0.048361 0.020500 0.009998
v -0.048154 0.020500 0.010773
v -0.047586 0.020500 0.011340
v -0.046811 0.020500 0.011548
v -0.046036 0.020500 0.011340
v -0.045469 0.020500 0.010773
v -0.045261 0.020500 0.009998
v -0.045469 0.020500 0.009223
v -0.046036 0.020500 0.008655
v -0.046811 0.052000 0.008448
v -0.047586 0.052000 0.008655
v -0.048154 0.052000 0.009223
v -0.048361 0.052000 0.009998
v -0.048154 0.052000 0.010773
v -0.047586 0.052000 0.011340
v -0.046811 0.052000 0.011548
v -0.046036 0.052000 0.011340
v -0.045469 0.052000 0.010773
v -0.045261 0.052000 0.009998
v -0.045469 0.052000 0.009223
v -0.046036 0.052000 0.008655
v -0.046811 0.036250 0.008448
v -0.046036 0.036250 0.008655
v -0.045469 0.036250 0.009223
v -0.045261 0.036250 0.009998
v -0.045469 0.036250 0.010773
v -0.046036 0.036250 0.011340
v -0.046811 0.036250 0.011548
v -0.047586 0.036250 0.011340
v -0.048154 0.036250 0.010773
v -0.048361 0.036250 0.009998
v -0.048154 0.036250 0.009223
v -0.047586 0.036250 0.008655
v -0.037841 0.020500 -0.001969
v -0.039000 0.020500 -0.002215
v -0.039959 0.020500 -0.002912
v -0.040551 0.020500 -0.003938
v -0.040675 0.020500 -0.005117
v -0.040309 0.020500 -0.006244
v -0.039516 0.020500 -0.007124
v -0.038433 0.020500 -0.007606
v -0.037248 0.020500 -0.007606
v -0.036166 0.020500 -0.007124
v -0.035373 0.020500 -0.006244
v -0.035006 0.020500 -0.005117
v -0.035130 0.020500 -0.003938
v -0.035723 0.020500 -0.002912
v -0.036682 0.020500 -0.002215
v -0.037841 0.020500 -0.006369
v -0.038616 0.020500 -0.006161
v -0.039183 0.020500 -0.005594
v -0.039391 0.020500 -0.004819
v -0.039183 0.020500 -0.004044
v -0.038616 0.020500 -0.003476
v -0.037841 0.020500 -0.003269
v -0.037066 0.020500 -0.003476
v -0.036498 0.020500 -0.004044
v -0.036291 0.020500 -0.004819
v -0.036498 0.020500 -0.005594
v -0.037066 0.020500 -0.006161
v -0.037841 0.052000 -0.006369
v -0.038616 0.052000 -0.006161
v -0.039183 0.052000 -0.005594
v -0.039391 0.052000 -0.004819
v -0.039183 0.052000 -0.004044
v -0.038616 0.052000 -0.003476
v -0.037841 0.052000 -0.003269
v -0.037066 0.052000 -0.003476
v -0.036498 0.052000 -0.004044
v -0.036291 0.052000 -0.004819
v -0.036498 0.052000 -0.005594
v -0.037066 0.052000 -0.006161
v -0.037841 0.036250 -0.006369
v -0.037066 0.036250 -0.006161
v -0.036498 0.036250 -0.005594
v -0.036291 0.036250 -0.004819
v -0.036498 0.036250 -0.004044
v -0.037066 0.036250 -0.003476
v -0.037841 0.036250 -0.003269
v -0.038616 0.036250 -0.003476
v -0.039183 0.036250 -0.004044
v -0.039391 0.036250 -0.004819
v -0.039183 0.036250 -0.005594
v -0.038616 0.036250 -0.006161
v -0.038049 0.020500 0.008029
v -0.039208 0.020500 0.007783
v -0.040167 0.020500 0.007086
v -0.040759 0.020500 0.006060
v -0.040883 0.020500 0.004881
v -0.040517 0.020500 0.003754
v -0.039724 0.020500 0.002873
v -0.038641 0.020500 0.002391
v -0.037456 0.020500 0.002391
v -0.036374 0.020500 0.002873
v -0.035581 0.020500 0.003754
v -0.035214 0.020500 0.004881
v -0.035338 0.020500 0.006060
v -0.035931 0.020500 0.007086
v -0.036890 0.020500 0.007783
v -0.038049 0.020500 0.003629
v -0.038824 0.020500 0.003837
v -0.039391 0.020500 0.004404
v -0.039599 0.020500 0.005179
v -0.039391 0.020500 0.005954
v -0.038824 0.020500 0.006521
v -0.038049 0.020500 0.006729
v -0.037274 0.020500 0.006521
v -0.036707 0.020500 0.005954
v -0.036499 0.020500 0.005179
v -0.036707 0.020500 0.004404
v -0.037274 0.020500 0.003837
v -0.038049 0.052000 0.003629
v -0.038824 0.052000 0.003837
v -0.039391 0.052000 0.004404
v -0.039599 0.052000 0.005179
v -0.039391 0.052000 0.005954
v -0.038824 0.052000 0.006521
v -0.038049 0.052000 0.006729
v -0.037274 0.052000 0.006521
v -0.036707 0.052000 0.005954
v -0.036499 0.052000 0.005179
v -0.036707 0.052000 0.004404
v -0.037274 0.052000 0.003837
v -0.038049 0.036250 0.003629
v -0.037274 0.036250 0.003837
v -0.036707 0.036250 0.004404
v -0.036499 0.036250 0.005179
v -0.036707 0.036250 0.005954
v -0.037274 0.036250 0.006521
v -0.038049 0.036250 0.006729
v -0.038824 0.036250 0.006521
v -0.039391 0.036250 0.005954
v -0.039599 0.036250 0.005179
v -0.039391 0.036250 0.004404
v -0.038824 0.036250 0.003837
v -0.055366 0.020500 0.007669
v -0.056525 0.020500 0.007422
v -0.057484 0.020500 0.006726
v -0.058076 0.020500 0.005699
v -0.058200 0.020500 0.004521
v -0.057834 0.020500 0.003394
v -0.057041 0.020500 0.002513
v -0.055958 0.020500 0.002031
v -0.054773 0.020500 0.002031
v -0.053690 0.020500 0.002513
v -0.052897 0.020500 0.003394
v -0.052531 0.020500 0.004521
v -0.052655 0.020500 0.005699
v -0.053248 0.020500 0.006726
v -0.054206 0.020500 0.007422
v -0.055366 0.020500 0.003269
v -0.056141 0.020500 0.003476
v -0.056708 0.020500 0.004044
v -0.056916 0.020500 0.004819
v -0.056708 0.020500 0.005594
v -0.056141 0.020500 0.006161
v -0.055366 0.020500 0.006369
v -0.054591 0.020500 0.006161
v -0.054023 0.020500 0.005594
v -0.053816 0.020500 0.004819
v -0.054023 0.020500 0.004044
v -0.054591 0.020500 0.003476
v -0.055366 0.052000 0.003269
v -0.056141 0.052000 0.003476
v -0.056708 0.052000 0.004044
v -0.056916 0.052000 0.004819
v -0.056708 0.052000 0.005594
v -0.056141 0.052000 0.006161
v -0.055366 0.052000 0.006369
v -0.054591 0.052000 0.006161
v -0.054023 0.052000 0.005594
v -0.053816 0.052000 0.004819
v -0.054023 0.052000 0.004044
v -0.054591 0.052000 0.003476
v -0.055366 0.036250 0.003269
v -0.054591 0.036250 0.003476
v -0.054023 0.036250 0.004044
v -0.053816 0.036250 0.004819
v -0.054023 0.036250 0.005594
v -0.054591 0.036250 0.006161
v -0.055366 0.036250 0.006369
v -0.056141 0.036250 0.006161
v -0.056708 0.036250 0.005594
v -0.056916 0.036250 0.004819
v -0.056708 0.036250 0.004044
v -0.056141 0.036250 0.003476
v -0.046395 0.020500 -0.007148
v -0.047554 0.020500 -0.007394
v -0.048513 0.020500 -0.008091
v -0.049106 0.020500 -0.009117
v -0.049229 0.020500 -0.010296
v -0.048863 0.020500 -0.011423
v -0.048070 0.020500 -0.012304
v -0.046988 0.020500 -0.012786
v -0.045803 0.020500 -0.012786
v -0.044720 0.020500 -0.012304
v -0.043927 0.020500 -0.011423
v -0.043561 0.020500 -0.010296
v -0.043685 0.020500 -0.009117
v -0.044277 0.020500 -0.008091
v -0.045236 0.020500 -0.007394
v -0.046395 0.020500 -0.011548
v -0.047170 0.020500 -0.011340
v -0.047737 0.020500 -0.010773
v -0.047945 0.020500 -0.009998
v -0.047737 0.020500 -0.009223
v -0.047170 0.020500 -0.008655
v -0.046395 0.020500 -0.008448
v -0.045620 0.020500 -0.008655
v -0.045053 0.020500 -0.009223
v -0.044845 0.020500 -0.009998
v -0.045053 0.020500 -0.010773
v -0.045620 0.020500 -0.011340
v -0.046395 0.052000 -0.011548
v -0.047170 0.052000 -0.011340
v -0.047737 0.052000 -0.010773
v -0.047945 0.052000 -0.009998
v -0.047737 0.052000 -0.009223
v -0.047170 0.052000 -0.008655
v -0.046395 0.052000 -0.008448
v -0.045620 0.052000 -0.008655
v -0.045053 0.052000 -0.009223
v -0.044845 0.052000 -0.009998
v -0.045053 0.052000 -0.010773
v -0.045620 0.052000 -0.011340
v -0.046395 0.036250 -0.011548
v -0.045620 0.036250 -0.011340
v -0.045053 0.036250 -0.010773
v -0.044845 0.036250 -0.009998
v -0.045053 0.036250 -0.009223
v -0.045620 0.036250 -0.008655
v -0.046395 0.036250 -0.008448
v -0.047170 0.036250 -0.008655
v -0.047737 0.036250 -0.009223
v -0.047945 0.036250 -0.009998
v -0.047737 0.036250 -0.010773
v -0.047170 0.036250 -0.011340
v -0.012000 -0.002850 0.010000
v -0.012000 -0.002604 0.011159
v -0.012000 -0.001907 0.012118
v -0.012000 -0.000881 0.012711
v -0.012000 0.000298 0.012834
v -0.012000 0.001425 0.012468
v -0.012000 0.002306 0.011675
v -0.012000 0.002788 0.010593
v -0.012000 0.002788 0.009407
v -0.012000 0.002306 0.008325
v -0.012000 0.001425 0.007532
v -0.012000 0.000298 0.007166
v -0.012000 -0.000881 0.007289
v -0.012000 -0.001907 0.007882
v -0.012000 -0.002604 0.008841
v -0.012000 0.001550 0.010000
v -0.012000 0.001342 0.010775
v -0.012000 0.000775 0.011342
v -0.012000 -0.000000 0.011550
v -0.012000 -0.000775 0.011342
v -0.012000 -0.001342 0.010775
v -0.012000 -0.001550 0.010000
v -0.012000 -0.001342 0.009225
v -0.012000 -0.000775 0.008658
v -0.012000 -0.000000 0.008450
v -0.012000 0.000775 0.008658
v -0.012000 0.001342 0.009225
v -0.012000 0.005810 -0.005000
v -0.012000 0.006057 -0.003841
v -0.012000 0.006753 -0.002882
v -0.012000 0.007780 -0.002289
v -0.012000 0.008958 -0.002166
v -0.012000 0.010085 -0.002532
v -0.012000 0.010966 -0.003325
v -0.012000 0.011448 -0.004407
v -0.012000 0.011448 -0.005593
v -0.012000 0.010966 -0.006675
v -0.012000 0.010085 -0.007468
v -0.012000 0.008958 -0.007834
v -0.012000 0.007780 -0.007711
v -0.012000 0.006753 -0.007118
v -0.012000 0.006057 -0.006159
v -0.012000 0.010210 -0.005000
v -0.012000 0.010003 -0.004225
v -0.012000 0.009435 -0.003658
v -0.012000 0.008660 -0.003450
v -0.012000 0.007885 -0.003658
v -0.012000 0.007318 -0.004225
v -0.012000 0.007110 -0.005000
v -0.012000 0.007318 -0.005775
v -0.012000 0.007885 -0.006342
v -0.012000 0.008660 -0.006550
v -0.012000 0.009435 -0.006342
v -0.012000 0.010003 -0.005775
v -0.012000 -0.011510 -0.005000
v -0.012000 -0.011264 -0.003841
v -0.012000 -0.010567 -0.002882
v -0.012000 -0.009541 -0.002289
v -0.012000 -0.008362 -0.002166
v -0.012000 -0.007235 -0.002532
v -0.012000 -0.006355 -0.003325
v -0.012000 -0.005873 -0.004407
v -0.012000 -0.005873 -0.005593
v -0.012000 -0.006355 -0.006675
v -0.012000 -0.007235 -0.007468
v -0.012000 -0.008362 -0.007834
v -0.012000 -0.009541 -0.007711
v -0.012000 -0.010567 -0.007118
v -0.012000 -0.011264 -0.006159
v -0.012000 -0.007110 -0.005000
v -0.012000 -0.007318 -0.004225
v -0.012000 -0.007885 -0.003658
v -0.012000 -0.008660 -0.003450
v -0.012000 -0.009435 -0.003658
v -0.012000 -0.010003 -0.004225
v -0.012000 -0.010210 -0.005000
v -0.012000 -0.010003 -0.005775
v -0.012000 -0.009435 -0.006342
v -0.012000 -0.008660 -0.006550
v -0.012000 -0.007885 -0.006342
v -0.012000 -0.007318 -0.005775
v -0.012000 -0.002850 -0.010000
v -0.012000 -0.002604 -0.008841
v -0.012000 -0.001907 -0.007882
v -0.012000 -0.000881 -0.007289
v -0.012000 0.000298 -0.007166
v -0.012000 0.001425 -0.007532
v -0.012000 0.002306 -0.008325
v -0.012000 0.002788 -0.009407
v -0.012000 0.002788 -0.010593
v -0.012000 0.002306 -0.011675
v -0.012000 0.001425 -0.012468
v -0.012000 0.000298 -0.012834
v -0.012000 -0.000881 -0.012711
v -0.012000 -0.001907 -0.012118
v -0.012000 -0.002604 -0.011159
v -0.012000 0.001550 -0.010000
v -0.012000 0.001342 -0.009225
v -0.012000 0.000775 -0.008658
v -0.012000 0.000000 -0.008450
v -0.012000 -0.000775 -0.008658
v -0.012000 -0.001342 -0.009225
v -0.012000 -0.001550 -0.010000
v -0.012000 -0.001342 -0.010775
v -0.012000 -0.000775 -0.011342
v -0.012000 0.000000 -0.011550
v -0.012000 0.000775 -0.011342
v -0.012000 0.001342 -0.010775
v -0.012000 0.005810 0.005000
v -0.012000 0.006057 0.006159
v -0.012000 0.006753 0.007118
v -0.012000 0.007780 0.007711
v -0.012000 0.008958 0.007834
v -0.012000 0.010085 0.007468
v -0.012000 0.010966 0.006675
v -0.012000 0.011448 0.005593
v -0.012000 0.011448 0.004407
v -0.012000 0.010966 0.003325
v -0.012000 0.010085 0.002532
v -0.012000 0.008958 0.002166
v -0.012000 0.007780 0.002289
v -0.012000 0.006753 0.002882
v -0.012000 0.006057 0.003841
v -0.012000 0.010210 0.005000
v -0.012000 0.010003 0.005775
v -0.012000 0.009435 0.006342
v -0.012000 0.008660 0.006550
v -0.012000 0.007885 0.006342
v -0.012000 0.007318 0.005775
v -0.012000 0.007110 0.005000
v -0.012000 0.007318 0.004225
v -0.012000 0.007885 0.003658
v -0.012000 0.008660 0.003450
v -0.012000 0.009435 0.003658
v -0.012000 0.010003 0.004225
v -0.012000 -0.011510 0.005000
v -0.012000 -0.011264 0.006159
v -0.012000 -0.010567 0.007118
v -0.012000 -0.009541 0.007711
v -0.012000 -0.008362 0.007834
v -0.012000 -0.007235 0.007468
v -0.012000 -0.006355 0.006675
v -0.012000 -0.005873 0.005593
v -0.012000 -0.005873 0.004407
v -0.012000 -0.006355 0.003325
v -0.012000 -0.007235 0.002532
v -0.012000 -0.008362 0.002166
v -0.012000 -0.009541 0.002289
v -0.012000 -0.010567 0.002882
v -0.012000 -0.011264 0.003841
v -0.012000 -0.007110 0.005000
v -0.012000 -0.007318 0.005775
v -0.012000 -0.007885 0.006342
v -0.012000 -0.008660 0.006550
v -0.012000 -0.009435 0.006342
v -0.012000 -0.010003 0.005775
v -0.012000 -0.010210 0.005000
v -0.012000 -0.010003 0.004225
v -0.012000 -0.009435 0.003658
v -0.012000 -0.008660 0.003450
v -0.012000 -0.007885 0.003658
v -0.012000 -0.007318 0.004225
vn -0.6367 0.7071 -0.3075
vn -0.6511 0.7071 -0.2758
vn -0.6672 0.7071 -0.2341
vn -0.6783 0.7071 -0.1996
vn -0.6893 0.7071 -0.1577
vn -0.6967 0.7071 -0.1208
vn -0.7026 0.7071 -0.0794
vn -0.7027 0.7071 -0.0794
vn -0.7060 0.7071 -0.0405
vn -0.7026 0.7071 -0.0793
vn -0.7060 0.7071 -0.0404
vn -0.7071 0.7071 -0.0000
vn -0.7060 0.7071 0.0405
vn -0.7059 0.7071 0.0405
vn -0.7026 0.7071 0.0794
vn -0.6967 0.7071 0.1209
vn -0.6893 0.7071 0.1577
vn -0.6893 0.7071 0.1578
vn -0.6783 0.7071 0.1997
vn -0.6672 0.7071 0.2341
vn -0.6511 0.7071 0.2759
vn -0.6672 0.7071 0.2342
vn -0.6367 0.7071 0.3075
vn -0.0000 0.7071 0.7071
vn -0.8966 -0.0000 -0.4429
vn -0.9005 -0.0000 -0.4348
vn -0.9414 -0.0000 -0.3374
vn -0.9005 -0.0000 -0.4349
vn -0.9436 -0.0000 -0.3311
vn -0.9436 -0.0000 -0.3310
vn -0.9738 -0.0000 -0.2274
vn -0.9748 -0.0000 -0.2230
vn -0.9934 -0.0000 -0.1144
vn -0.9934 -0.0000 -0.1145
vn -0.9937 -0.0000 -0.1122
vn -1.0000 -0.0000 -0.0000
vn -1.0000 -0.0000 0.0001
vn -0.9937 -0.0000 0.1123
vn -0.9937 -0.0000 0.1122
vn -0.9934 -0.0000 0.1145
vn -0.9748 -0.0000 0.2231
vn -0.9738 -0.0000 0.2274
vn -0.9738 -0.0000 0.2275
vn -0.9436 -0.0000 0.3311
vn -0.9413 -0.0000 0.3374
vn -0.9005 -0.0000 0.4349
vn -0.8965 -0.0000 0.4430
vn 0.6010 0.7071 -0.3726
vn 0.6092 0.7071 -0.3590
vn 0.6423 0.7071 -0.2958
vn 0.6514 0.7071 -0.2750
vn 0.6515 0.7071 -0.2749
vn 0.6738 0.7071 -0.2146
vn 0.6822 0.7071 -0.1861
vn 0.6738 0.7071 -0.2145
vn 0.6950 0.7071 -0.1301
vn 0.6951 0.7071 -0.1301
vn 0.7009 0.7071 -0.0939
vn 0.7008 0.7071 -0.0939
vn 0.7058 0.7071 -0.0436
vn 0.7071 0.7071 -0.0000
vn 0.7058 0.7071 0.0435
vn 0.7009 0.7071 0.0938
vn 0.7058 0.7071 0.0436
vn 0.6951 0.7071 0.1300
vn 0.6950 0.7071 0.1300
vn 0.7008 0.7071 0.0938
vn 0.6822 0.7071 0.1860
vn 0.6738 0.7071 0.2145
vn 0.6515 0.7071 0.2749
vn 0.6423 0.7071 0.2957
vn 0.6423 0.7071 0.2958
vn 0.6093 0.7071 0.3589
vn 0.6092 0.7071 0.3589
vn 0.6011 0.7071 0.3725
vn 0.8438 -0.0000 -0.5366
vn 0.8500 -0.0000 -0.5269
vn 0.9045 -0.0000 -0.4265
vn 0.8500 -0.0000 -0.5268
vn 0.9083 -0.0000 -0.4183
vn 0.9045 -0.0000 -0.4264
vn 0.9509 -0.0000 -0.3095
vn 0.9528 -0.0000 -0.3035
vn 0.9822 -0.0000 -0.1877
vn 0.9529 -0.0000 -0.3034
vn 0.9829 -0.0000 -0.1839
vn 0.9980 -0.0000 -0.0630
vn 0.9981 -0.0000 -0.0617
vn 0.9980 -0.0000 -0.0629
vn 0.9981 -0.0000 -0.0616
vn 0.9980 -0.0000 0.0628
vn 0.9980 -0.0000 0.0629
vn 0.9981 -0.0000 0.0615
vn 0.9981 -0.0000 0.0616
vn 0.9830 -0.0000 0.1839
vn 0.9822 -0.0000 0.1876
vn 0.9822 -0.0000 0.1877
vn 0.9829 -0.0000 0.1839
vn 0.9529 -0.0000 0.3034
vn 0.9529 -0.0000 0.3033
vn 0.9509 -0.0000 0.3094
vn 0.9509 -0.0000 0.3095
vn 0.9083 -0.0000 0.4182
vn 0.9046 -0.0000 0.4263
vn 0.9045 -0.0000 0.4264
vn 0.9083 -0.0000 0.4183
vn 0.8500 -0.0000 0.5268
vn 0.9045 -0.0001 0.4264
vn 0.8439 -0.0000 0.5365
vn 0.6367 0.7071 0.3075
vn 0.6511 0.7071 0.2759
vn 0.6672 0.7071 0.2341
vn 0.6783 0.7071 0.1997
vn 0.6893 0.7071 0.1578
vn 0.6967 0.7071 0.1209
vn 0.6893 0.7071 0.1577
vn 0.7026 0.7071 0.0794
vn 0.6967 0.7071 0.1208
vn 0.7060 0.7071 0.0405
vn 0.7059 0.7071 0.0405
vn 0.7060 0.7071 -0.0404
vn 0.7059 0.7071 -0.0404
vn 0.7026 0.7071 -0.0793
vn 0.6967 0.7071 -0.1208
vn 0.7026 0.7071 -0.0794
vn 0.6893 0.7071 -0.1577
vn 0.6783 0.7071 -0.1996
vn 0.6672 0.7071 -0.2341
vn 0.6783 0.7071 -0.1997
vn 0.6511 0.7071 -0.2758
vn 0.6367 0.7071 -0.3075
vn -0.0000 1.0000 -0.0000
vn -0.6011 0.7071 0.3725
vn -0.6092 0.7071 0.3589
vn -0.6423 0.7071 0.2957
vn -0.6423 0.7071 0.2958
vn -0.6515 0.7071 0.2749
vn -0.6738 0.7071 0.2145
vn -0.6822 0.7071 0.1860
vn -0.6951 0.7071 0.1300
vn -0.7009 0.7071 0.0938
vn -0.7058 0.7071 0.0436
vn -0.7057 0.7071 0.0435
vn -0.7058 0.7071 0.0435
vn -0.7058 0.7071 -0.0436
vn -0.7008 0.7071 -0.0938
vn -0.7008 0.7071 -0.0939
vn -0.6951 0.7071 -0.1301
vn -0.6950 0.7071 -0.1301
vn -0.6822 0.7071 -0.1860
vn -0.6738 0.7071 -0.2145
vn -0.6738 0.7071 -0.2146
vn -0.6822 0.7071 -0.1861
vn -0.6515 0.7071 -0.2749
vn -0.6423 0.7071 -0.2958
vn -0.6514 0.7071 -0.2750
vn -0.6092 0.7071 -0.3590
vn -0.6010 0.7071 -0.3726
vn -0.8439 -0.0000 0.5365
vn -0.8500 -0.0000 0.5268
vn -0.9045 -0.0000 0.4264
vn -0.9045 0.0001 0.4264
vn -0.8500 0.0001 0.5268
vn -0.9083 -0.0000 0.4182
vn -0.9509 -0.0000 0.3095
vn -0.9529 -0.0000 0.3034
vn -0.9509 -0.0001 0.3094
vn -0.9529 -0.0001 0.3034
vn -0.9822 -0.0001 0.1877
vn -0.9822 0.0002 0.1876
vn -0.9529 0.0002 0.3033
vn -0.9829 0.0002 0.1839
vn -0.9822 -0.0001 0.1876
vn -0.9830 -0.0000 0.1839
vn -0.9980 -0.0001 0.0629
vn -0.9980 0.0001 0.0629
vn -0.9830 0.0001 0.1838
vn -0.9981 -0.0000 0.0616
vn -0.9980 -0.0000 0.0628
vn -0.9981 -0.0000 -0.0617
vn -0.9980 -0.0001 0.0628
vn -0.9981 -0.0001 -0.0616
vn -0.9980 -0.0001 -0.0629
vn -0.9980 0.0001 -0.0629
vn -0.9981 0.0001 -0.0616
vn -0.9829 0.0001 -0.1839
vn -0.9980 -0.0000 -0.0630
vn -0.9829 -0.0000 -0.1840
vn -0.9822 -0.0000 -0.1877
vn -0.9829 -0.0000 -0.1839
vn -0.9529 -0.0000 -0.3034
vn -0.9822 -0.0001 -0.1877
vn -0.9529 -0.0001 -0.3034
vn -0.9509 -0.0001 -0.3095
vn -0.9083 -0.0000 -0.4183
vn -0.9509 0.0001 -0.3095
vn -0.9083 0.0001 -0.4183
vn -0.9045 0.0001 -0.4264
vn -0.8500 -0.0000 -0.5268
vn -0.9045 -0.0000 -0.4265
vn -0.8500 -0.0001 -0.5269
vn -0.8438 -0.0000 -0.5366
vn 0.6193 0.7071 0.3413
vn 0.6340 0.7071 0.3132
vn 0.6166 0.7071 0.3461
vn 0.6339 0.7071 0.3132
vn 0.6519 0.7071 0.2740
vn 0.6656 0.7071 0.2386
vn 0.6787 0.7071 0.1983
vn 0.6886 0.7071 0.1609
vn 0.6885 0.7071 0.1608
vn 0.6968 0.7071 0.1200
vn 0.6969 0.7071 0.1200
vn 0.6886 0.7071 0.1608
vn 0.7025 0.7071 0.0810
vn 0.7060 0.7071 0.0402
vn 0.7060 0.7071 -0.0401
vn 0.7025 0.7071 -0.0809
vn 0.7060 0.7071 -0.0402
vn 0.7024 0.7071 -0.0809
vn 0.6969 0.7071 -0.1200
vn 0.6886 0.7071 -0.1608
vn 0.6787 0.7071 -0.1982
vn 0.6788 0.7071 -0.1982
vn 0.6657 0.7071 -0.2386
vn 0.6787 0.7071 -0.1983
vn 0.6519 0.7071 -0.2739
vn 0.6340 0.7071 -0.3132
vn 0.6519 0.7071 -0.2740
vn 0.6193 0.7071 -0.3414
vn 0.6193 0.7071 -0.3413
vn 0.6166 0.7071 -0.3461
vn -0.6193 0.7071 -0.3413
vn -0.6340 0.7071 -0.3132
vn -0.6166 0.7071 -0.3461
vn -0.6519 0.7071 -0.2740
vn -0.6519 0.7071 -0.2739
vn -0.6656 0.7071 -0.2386
vn -0.6657 0.7071 -0.2386
vn -0.6788 0.7071 -0.1982
vn -0.6787 0.7071 -0.1982
vn -0.6886 0.7071 -0.1608
vn -0.6968 0.7071 -0.1200
vn -0.7025 0.7071 -0.0809
vn -0.6969 0.7071 -0.1200
vn -0.7024 0.7071 -0.0809
vn -0.7060 0.7071 -0.0402
vn -0.7060 0.7071 -0.0401
vn -0.7060 0.7071 0.0402
vn -0.7025 0.7071 0.0810
vn -0.6968 0.7071 0.1200
vn -0.6969 0.7071 0.1200
vn -0.6886 0.7071 0.1609
vn -0.6886 0.7071 0.1608
vn -0.6787 0.7071 0.1983
vn -0.6788 0.7071 0.1983
vn -0.6656 0.7071 0.2386
vn -0.6519 0.7071 0.2740
vn -0.6340 0.7071 0.3132
vn -0.6339 0.7071 0.3132
vn -0.6192 0.7071 0.3414
vn -0.6166 0.7071 0.3462
vn -0.5900 0.7071 0.3897
vn -0.5967 0.7071 0.3794
vn -0.5939 0.7071 0.3837
vn -0.5940 0.7071 0.3837
vn -0.6379 0.7071 0.3051
vn -0.6396 0.7071 0.3015
vn -0.6379 0.7071 0.3050
vn -0.6715 0.7071 0.2215
vn -0.6724 0.7071 0.2188
vn -0.6942 0.7071 0.1343
vn -0.6945 0.7071 0.1327
vn -0.7057 0.7071 0.0450
vn -0.6946 0.7071 0.1326
vn -0.7057 0.7071 0.0444
vn -0.7057 0.7071 -0.0450
vn -0.7057 0.7071 -0.0445
vn -0.7057 0.7071 -0.0451
vn -0.6945 0.7071 -0.1327
vn -0.6942 0.7071 -0.1344
vn -0.6724 0.7071 -0.2189
vn -0.6715 0.7071 -0.2215
vn -0.6715 0.7071 -0.2216
vn -0.6396 0.7071 -0.3015
vn -0.6379 0.7071 -0.3051
vn -0.6396 0.7071 -0.3016
vn -0.5967 0.7071 -0.3794
vn -0.5967 0.7071 -0.3795
vn -0.5939 0.7071 -0.3837
vn -0.5900 0.7071 -0.3898
vn 0.5900 0.7071 -0.3897
vn 0.5967 0.7071 -0.3794
vn 0.5939 0.7071 -0.3838
vn 0.5939 0.7071 -0.3837
vn 0.6379 0.7071 -0.3051
vn 0.6396 0.7071 -0.3015
vn 0.6715 0.7071 -0.2216
vn 0.6724 0.7071 -0.2189
vn 0.6715 0.7071 -0.2215
vn 0.6942 0.7071 -0.1344
vn 0.6945 0.7071 -0.1327
vn 0.7057 0.7071 -0.0451
vn 0.7057 0.7071 -0.0445
vn 0.7057 0.7071 0.0444
vn 0.7057 0.7071 0.0450
vn 0.6946 0.7071 0.1326
vn 0.6945 0.7071 0.1327
vn 0.6942 0.7071 0.1343
vn 0.6724 0.7071 0.2188
vn 0.6715 0.7071 0.2215
vn 0.6396 0.7071 0.3015
vn 0.6379 0.7071 0.3050
vn 0.6379 0.7071 0.3051
vn 0.5967 0.7071 0.3794
vn 0.5940 0.7071 0.3837
vn 0.5900 0.7071 0.3897
vn 0.8965 0.0001 0.4430
vn 0.9005 -0.0000 0.4349
vn 0.9413 0.0001 0.3375
vn 0.9413 -0.0000 0.3375
vn 0.9436 -0.0000 0.3311
vn 0.9414 -0.0000 0.3374
vn 0.9738 -0.0000 0.2275
vn 0.9738 -0.0001 0.2275
vn 0.9748 -0.0000 0.2231
vn 0.9738 -0.0000 0.2274
vn 0.9934 -0.0000 0.1145
vn 0.9937 -0.0000 0.1123
vn 0.9934 -0.0001 0.1145
vn 0.9937 -0.0001 0.1123
vn 1.0000 -0.0001 0.0001
vn 1.0000 -0.0000 0.0001
vn 1.0000 -0.0000 -0.0000
vn 0.9937 -0.0000 -0.1122
vn 1.0000 -0.0001 -0.0000
vn 0.9937 -0.0001 -0.1122
vn 0.9934 -0.0001 -0.1144
vn 0.9748 -0.0001 -0.2230
vn 0.9934 -0.0000 -0.1144
vn 0.9748 0.0001 -0.2230
vn 0.9738 -0.0000 -0.2274
vn 0.9738 -0.0001 -0.2274
vn 0.9748 -0.0000 -0.2230
vn 0.9436 -0.0001 -0.3310
vn 0.9436 0.0001 -0.3310
vn 0.9414 0.0001 -0.3373
vn 0.9414 0.0001 -0.3374
vn 0.9436 0.0001 -0.3311
vn 0.9005 0.0001 -0.4348
vn 0.9414 -0.0000 -0.3374
vn 0.9005 -0.0000 -0.4348
vn 0.8966 -0.0000 -0.4429
vn -0.0000 -0.0000 1.0000
vn -0.0000 0.7071 -0.7071
vn -0.1423 0.7071 0.6926
vn -0.1299 0.7071 0.6951
vn 0.1299 0.7071 0.6951
vn -0.1300 0.7071 0.6951
vn -0.2554 0.7071 0.6594
vn -0.1424 0.7071 0.6926
vn -0.2788 0.7071 0.6498
vn -0.2789 0.7071 0.6498
vn -0.3722 0.7071 0.6012
vn -0.3723 0.7071 0.6012
vn -0.4040 0.7071 0.5804
vn -0.4039 0.7071 0.5804
vn -0.4764 0.7071 0.5226
vn -0.4040 0.7071 0.5803
vn -0.5125 0.7071 0.4872
vn -0.4764 0.7071 0.5225
vn -0.5643 0.7071 0.4262
vn -0.5643 0.7071 0.4261
vn -0.6001 0.7071 0.3740
vn -0.6330 0.7071 0.3152
vn -0.6631 0.7071 0.2456
vn -0.6801 0.7071 0.1935
vn -0.6989 0.7071 0.1071
vn -0.6990 0.7071 0.1071
vn -0.7041 0.7071 0.0653
vn -0.7041 0.7071 0.0652
vn -0.6989 0.7071 0.1070
vn -0.7062 0.7071 -0.0358
vn -0.7041 0.7071 -0.0652
vn -0.7041 0.7071 -0.0653
vn -0.6845 0.7071 -0.1772
vn -0.6801 0.7071 -0.1935
vn -0.6845 0.7071 -0.1773
vn -0.6349 0.7071 -0.3114
vn -0.6348 0.7071 -0.3114
vn -0.6330 0.7071 -0.3152
vn -0.5643 0.7071 -0.4261
vn -0.5592 0.7071 -0.4328
vn -0.4764 0.7071 -0.5226
vn -0.4764 0.7071 -0.5225
vn -0.5591 0.7071 -0.4328
vn -0.4606 0.7071 -0.5365
vn -0.4763 0.7071 -0.5226
vn -0.3723 0.7071 -0.6012
vn -0.3432 0.7071 -0.6183
vn -0.3722 0.7071 -0.6012
vn -0.3432 0.7071 -0.6182
vn -0.2555 0.7071 -0.6593
vn -0.2554 0.7071 -0.6594
vn -0.3431 0.7071 -0.6183
vn -0.2117 0.7071 -0.6747
vn -0.1299 0.7071 -0.6951
vn -0.0715 0.7071 -0.7035
vn 0.0715 0.7071 -0.7035
vn 0.1299 0.7071 -0.6951
vn 0.2117 0.7071 -0.6747
vn 0.1300 0.7071 -0.6951
vn 0.2554 0.7071 -0.6594
vn 0.3431 0.7071 -0.6183
vn 0.3722 0.7071 -0.6012
vn 0.3723 0.7071 -0.6012
vn 0.3432 0.7071 -0.6183
vn 0.4606 0.7071 -0.5365
vn 0.4764 0.7071 -0.5226
vn 0.5592 0.7071 -0.4328
vn 0.5643 0.7071 -0.4261
vn 0.6348 0.7071 -0.3114
vn 0.6330 0.7071 -0.3152
vn 0.6349 0.7071 -0.3114
vn 0.6801 0.7071 -0.1935
vn 0.6845 0.7071 -0.1773
vn 0.6845 0.7071 -0.1772
vn 0.7041 0.7071 -0.0653
vn 0.7062 0.7071 -0.0359
vn 0.7041 0.7071 -0.0652
vn 0.7062 0.7071 -0.0358
vn 0.7041 0.7071 0.0652
vn 0.6990 0.7071 0.1071
vn 0.7041 0.7071 0.0653
vn 0.6801 0.7071 0.1935
vn 0.6989 0.7071 0.1071
vn 0.6631 0.7071 0.2455
vn 0.6631 0.7071 0.2456
vn 0.6330 0.7071 0.3152
vn 0.6001 0.7071 0.3740
vn 0.5643 0.7071 0.4261
vn 0.5125 0.7071 0.4872
vn 0.4764 0.7071 0.5226
vn 0.4040 0.7071 0.5803
vn 0.4039 0.7071 0.5804
vn 0.3723 0.7071 0.6012
vn 0.4040 0.7071 0.5804
vn 0.2789 0.7071 0.6498
vn 0.3722 0.7071 0.6012
vn 0.2554 0.7071 0.6594
vn 0.2788 0.7071 0.6498
vn 0.1423 0.7071 0.6926
vn 0.1424 0.7071 0.6926
vn -0.2012 -0.0000 0.9796
vn -0.0001 -0.0000 1.0000
vn 0.0001 -0.0000 1.0000
vn 0.2012 -0.0000 0.9796
vn 0.2014 -0.0000 0.9795
vn 0.3942 -0.0000 0.9190
vn 0.3945 -0.0000 0.9189
vn 0.5712 -0.0000 0.8208
vn 0.5714 -0.0000 0.8207
vn 0.7247 -0.0000 0.6890
vn 0.7249 -0.0000 0.6889
vn 0.8486 -0.0000 0.5291
vn 0.7249 -0.0001 0.6889
vn 0.8487 -0.0000 0.5289
vn 0.9377 -0.0000 0.3474
vn 0.9378 -0.0000 0.3472
vn 0.9885 -0.0000 0.1515
vn 0.9885 -0.0000 0.1513
vn 0.9987 -0.0000 -0.0505
vn 0.9987 -0.0000 -0.0508
vn 0.9681 -0.0000 -0.2505
vn 0.9680 -0.0000 -0.2508
vn 0.8979 -0.0000 -0.4403
vn 0.8978 -0.0000 -0.4405
vn 0.7908 -0.0001 -0.6120
vn 0.7908 -0.0000 -0.6120
vn 0.7907 -0.0000 -0.6122
vn 0.6515 -0.0000 -0.7587
vn 0.6513 -0.0000 -0.7588
vn 0.4854 -0.0000 -0.8743
vn 0.4852 -0.0000 -0.8744
vn 0.2995 -0.0000 -0.9541
vn 0.2992 -0.0000 -0.9542
vn 0.1013 -0.0000 -0.9949
vn 0.1010 -0.0000 -0.9949
vn -0.1010 -0.0000 -0.9949
vn -0.1013 -0.0000 -0.9949
vn -0.2992 -0.0000 -0.9542
vn -0.2995 -0.0000 -0.9541
vn -0.4852 -0.0000 -0.8744
vn -0.4854 -0.0000 -0.8743
vn -0.6513 -0.0000 -0.7588
vn -0.6515 -0.0000 -0.7587
vn -0.7907 -0.0000 -0.6122
vn -0.7909 -0.0000 -0.6120
vn -0.8978 -0.0000 -0.4405
vn -0.8979 -0.0000 -0.4403
vn -0.9680 -0.0000 -0.2508
vn -0.9681 -0.0000 -0.2505
vn -0.9987 -0.0000 -0.0508
vn -0.9987 -0.0000 -0.0505
vn -0.9885 -0.0000 0.1513
vn -0.9885 -0.0000 0.1515
vn -0.9378 -0.0000 0.3472
vn -0.9377 -0.0000 0.3474
vn -0.8487 -0.0000 0.5289
vn -0.8486 -0.0000 0.5291
vn -0.7249 -0.0000 0.6889
vn -0.7247 -0.0000 0.6890
vn -0.5714 -0.0000 0.8207
vn -0.5712 -0.0000 0.8208
vn -0.3945 -0.0000 0.9189
vn -0.3943 -0.0000 0.9190
vn -0.2014 -0.0000 0.9795
vn -0.7071 -0.0000 0.7071
vn -0.4545 0.5417 0.7071
vn 0.7071 -0.0000 0.7071
vn -0.0000 -0.7071 0.7071
vn 0.6831 0.1830 0.7071
vn 0.6830 0.1830 0.7071
vn -0.6831 -0.1830 0.7071
vn -0.6829 -0.1830 0.7072
vn 0.4545 -0.5417 0.7071
vn -1.0000 -0.0001 -0.0000
vn -0.6428 0.7660 -0.0000
vn 0.9659 0.2588 -0.0000
vn -0.0000 -0.7071 -0.7071
vn -0.7071 -0.0000 -0.7071
vn -0.4545 0.5417 -0.7071
vn 0.7071 -0.0000 -0.7071
vn 0.6830 0.1830 -0.7071
vn 0.6831 0.1830 -0.7071
vn -0.6829 -0.1830 -0.7072
vn -0.6831 -0.1830 -0.7071
vn 0.4545 -0.5417 -0.7071
vn -0.0000 -1.0000 -0.0000
vn 0.6428 -0.7660 -0.0000
vn -0.9659 -0.2588 -0.0000
vn -0.9659 -0.2588 -0.0001
vn -0.9659 -0.2589 -0.0000
vn -0.9659 -0.2590 0.0001
vn -0.9659 -0.2589 -0.0003
vn -0.9660 -0.2587 -0.0000
vn -0.9659 -0.2589 0.0002
vn -0.9659 -0.2588 0.0001
vn -0.9659 -0.2588 -0.0002
vn -0.9659 -0.2588 0.0002
vn -0.9660 -0.2586 -0.0000
vn -0.9659 -0.2589 0.0001
vn -0.9659 -0.2587 0.0003
vn -0.9659 -0.2590 0.0004
vn -0.9659 -0.2589 -0.0002
vn -0.9659 -0.2588 -0.0003
vn -0.9660 -0.2587 -0.0002
vn -0.9659 -0.2590 0.0002
vn -0.9659 -0.2587 -0.0000
vn -0.9660 -0.2586 0.0001
vn -0.9660 -0.2585 -0.0000
vn -0.9659 -0.2591 -0.0000
vn -0.9659 -0.2590 -0.0001
vn -0.9658 -0.2591 -0.0000
vn -0.9659 -0.2590 -0.0000
vn -0.9659 -0.2589 -0.0001
vn -0.9660 -0.2587 0.0002
vn -0.9660 -0.2587 -0.0006
vn -0.9659 -0.2589 0.0003
vn -0.9659 -0.2590 -0.0004
vn -0.9659 -0.2591 -0.0003
vn -0.9659 -0.2590 -0.0002
vn -0.9657 -0.2595 -0.0000
vn -0.9660 -0.2586 -0.0001
vn -0.0000 -0.0000 -1.0000
vn -0.0000 -0.2305 0.9731
vn -0.0000 -0.0001 1.0000
vn -0.0000 0.0001 1.0000
vn -0.0000 0.2305 0.9731
vn -0.0000 0.2307 0.9730
vn -0.0000 0.4487 0.8937
vn -0.0000 0.4489 0.8936
vn -0.0000 0.6427 0.7661
vn -0.0000 0.6429 0.7660
vn -0.0000 0.8020 0.5973
vn -0.0000 0.8022 0.5971
vn -0.0000 0.9182 0.3962
vn -0.0000 0.9183 0.3959
vn -0.0000 0.9848 0.1738
vn -0.0000 0.9848 0.1735
vn -0.0000 0.9983 -0.0580
vn -0.0000 0.9983 -0.0583
vn -0.0000 0.9580 -0.2867
vn -0.0000 0.9580 -0.2869
vn -0.0000 0.8661 -0.4999
vn -0.0000 0.8660 -0.5001
vn -0.0000 0.7275 -0.6861
vn -0.0000 0.7273 -0.6863
vn -0.0000 0.5496 -0.8354
vn -0.0000 0.5494 -0.8356
vn -0.0000 0.3421 -0.9397
vn -0.0000 0.3419 -0.9397
vn -0.0000 0.1162 -0.9932
vn -0.0000 0.1160 -0.9933
vn -0.0000 -0.1160 -0.9933
vn -0.0000 -0.1162 -0.9932
vn -0.0000 -0.3419 -0.9397
vn -0.0000 -0.3421 -0.9397
vn -0.0000 -0.5494 -0.8356
vn -0.0000 -0.5496 -0.8354
vn -0.0000 -0.7273 -0.6863
vn -0.0000 -0.7275 -0.6861
vn -0.0000 -0.8660 -0.5001
vn -0.0000 -0.8661 -0.4999
vn -0.0000 -0.9580 -0.2869
vn -0.0000 -0.9580 -0.2867
vn -0.0000 -0.9983 -0.0583
vn -0.0000 -0.9983 -0.0580
vn -0.0000 -0.9848 0.1735
vn -0.0000 -0.9848 0.1738
vn -0.0000 -0.9183 0.3959
vn -0.0000 -0.9182 0.3962
vn -0.0000 -0.8022 0.5971
vn -0.0000 -0.8020 0.5973
vn -0.0000 -0.6429 0.7660
vn -0.0000 -0.6427 0.7661
vn 0.0001 -0.4489 0.8936
vn -0.0000 -0.4489 0.8936
vn -0.0000 -0.4487 0.8937
vn -0.0000 -0.2307 0.9730
vn -0.0000 -0.2012 0.9796
vn -0.0000 0.2012 0.9796
vn -0.0000 0.2014 0.9795
vn -0.0000 0.3942 0.9190
vn -0.0000 0.3943 0.9190
vn 0.0001 0.2014 0.9795
vn -0.0000 0.3945 0.9189
vn 0.0001 0.5712 0.8208
vn -0.0000 0.5712 0.8208
vn -0.0000 0.5713 0.8207
vn -0.0000 0.7248 0.6890
vn -0.0000 0.7247 0.6890
vn -0.0000 0.5714 0.8207
vn -0.0000 0.7249 0.6889
vn -0.0000 0.8486 0.5291
vn -0.0000 0.8487 0.5289
vn -0.0000 0.9377 0.3474
vn -0.0000 0.9378 0.3472
vn -0.0000 0.9885 0.1515
vn -0.0000 0.9885 0.1513
vn -0.0000 0.9987 -0.0505
vn -0.0000 0.9987 -0.0508
vn -0.0000 0.9681 -0.2505
vn -0.0000 0.9680 -0.2508
vn -0.0000 0.8979 -0.4403
vn -0.0000 0.8978 -0.4405
vn -0.0000 0.7908 -0.6120
vn -0.0000 0.7907 -0.6122
vn -0.0000 0.6515 -0.7587
vn -0.0000 0.6513 -0.7588
vn -0.0000 0.4854 -0.8743
vn -0.0000 0.4852 -0.8744
vn -0.0000 0.2995 -0.9541
vn -0.0000 0.2992 -0.9542
vn -0.0000 0.1013 -0.9949
vn -0.0000 0.1010 -0.9949
vn -0.0000 -0.1010 -0.9949
vn -0.0000 -0.1013 -0.9949
vn -0.0000 -0.2992 -0.9542
vn -0.0000 -0.2995 -0.9541
vn -0.0000 -0.4852 -0.8744
vn -0.0000 -0.4854 -0.8743
vn -0.0000 -0.6513 -0.7588
vn -0.0000 -0.6515 -0.7587
vn -0.0000 -0.7907 -0.6122
vn -0.0000 -0.7908 -0.6120
vn -0.0000 -0.8978 -0.4405
vn -0.0000 -0.8979 -0.4403
vn -0.0000 -0.9680 -0.2508
vn -0.0000 -0.9681 -0.2505
vn -0.0000 -0.9987 -0.0508
vn -0.0000 -0.9987 -0.0505
vn -0.0000 -0.9885 0.1513
vn -0.0000 -0.9885 0.1515
vn -0.0000 -0.9378 0.3472
vn -0.0000 -0.9377 0.3474
vn -0.0000 -0.8487 0.5289
vn -0.0000 -0.8486 0.5291
vn -0.0000 -0.7249 0.6889
vn -0.0000 -0.7248 0.6890
vn -0.0000 -0.7247 0.6891
vn -0.0000 -0.5713 0.8207
vn -0.0000 -0.5714 0.8207
vn -0.0000 -0.5712 0.8208
vn -0.0000 -0.3945 0.9189
vn -0.0000 -0.3943 0.9190
vn -0.0001 -0.2014 0.9795
vn -0.0000 -0.2014 0.9795
vn 0.4066 -0.0000 -0.9136
vn 0.0001 -0.0000 -1.0000
vn -0.0001 -0.0000 -1.0000
vn -0.4066 -0.0000 -0.9136
vn -0.4068 -0.0000 -0.9135
vn -0.7430 -0.0000 -0.6692
vn -0.7432 -0.0000 -0.6690
vn -0.9510 -0.0000 -0.3091
vn -0.9511 -0.0000 -0.3089
vn -0.9945 -0.0000 0.1044
vn -0.9945 -0.0000 0.1047
vn -0.8661 -0.0000 0.4999
vn -0.8660 -0.0000 0.5001
vn -0.5879 -0.0000 0.8089
vn -0.5877 -0.0000 0.8091
vn -0.2081 -0.0000 0.9781
vn -0.2078 -0.0000 0.9782
vn 0.2078 -0.0000 0.9782
vn 0.2081 -0.0000 0.9781
vn 0.5877 -0.0000 0.8091
vn 0.5879 -0.0000 0.8089
vn 0.8660 -0.0000 0.5001
vn 0.8661 -0.0000 0.4999
vn 0.9945 -0.0000 0.1047
vn 0.9945 -0.0000 0.1044
vn 0.9511 -0.0000 -0.3089
vn 0.9510 -0.0000 -0.3091
vn 0.7432 -0.0000 -0.6690
vn 0.7431 -0.0000 -0.6692
vn 0.4069 -0.0000 -0.9135
vn -0.4999 -0.0000 0.8661
vn 0.4999 -0.0000 0.8661
vn 0.5001 -0.0000 0.8659
vn 0.8659 -0.0000 0.5001
vn 0.5001 -0.0000 0.8660
vn 1.0000 -0.0000 -0.0001
vn 0.8661 -0.0000 -0.4999
vn 0.8659 -0.0000 -0.5001
vn 0.5001 -0.0000 -0.8659
vn 0.4999 -0.0000 -0.8661
vn -0.4999 -0.0000 -0.8661
vn -0.5001 -0.0000 -0.8660
vn -0.8660 -0.0000 -0.5001
vn -0.8661 -0.0000 -0.4999
vn -1.0000 -0.0000 -0.0001
vn -0.5001 -0.0000 0.8660
vn -0.4069 -0.0000 -0.9135
vn -0.7431 -0.0000 -0.6692
vn 0.5879 -0.0000 0.8090
vn 0.7430 -0.0000 -0.6692
vn 0.4068 -0.0000 -0.9135
vn 0.0002 -0.0000 -1.0000
vn 0.8660 -0.0000 -0.5001
vn 0.5001 -0.0000 -0.8660
vn -0.5001 -0.0000 -0.8659
vn -0.8659 -0.0000 -0.5001
vn -0.9945 -0.0000 0.1046
vn -0.8659 -0.0000 0.5001
vn -0.5001 -0.0000 0.8659
vn -0.0000 -0.9136 0.4066
vn -0.0000 -0.9781 0.2079
vn -0.0000 -1.0000 0.0001
vn -0.0000 -0.9782 0.2078
vn -0.0000 -0.9782 -0.2078
vn -0.0000 -1.0000 -0.0001
vn -0.0000 -0.9781 -0.2079
vn -0.0000 -0.9136 -0.4066
vn -0.0000 -0.9135 -0.4067
vn -0.0000 -0.9781 -0.2081
vn -0.0000 -0.8091 -0.5877
vn -0.0000 -0.9135 -0.4069
vn -0.0000 -0.8090 -0.5878
vn -0.0000 -0.6692 -0.7431
vn -0.0000 -0.6691 -0.7431
vn -0.0000 -0.8089 -0.5879
vn -0.0000 -0.5001 -0.8660
vn -0.0000 -0.6690 -0.7432
vn -0.0000 -0.5000 -0.8660
vn -0.0000 -0.3092 -0.9510
vn -0.0000 -0.3090 -0.9511
vn -0.0000 -0.4999 -0.8661
vn -0.0000 -0.1047 -0.9945
vn -0.0000 -0.3089 -0.9511
vn -0.0000 -0.1045 -0.9945
vn -0.0000 0.1044 -0.9945
vn -0.0000 0.1045 -0.9945
vn -0.0000 -0.1044 -0.9945
vn -0.0000 0.3089 -0.9511
vn -0.0000 0.1047 -0.9945
vn -0.0000 0.3090 -0.9511
vn -0.0000 0.4999 -0.8661
vn -0.0000 0.5000 -0.8660
vn -0.0000 0.3092 -0.9510
vn -0.0000 0.6690 -0.7432
vn -0.0000 0.5001 -0.8660
vn -0.0000 0.6691 -0.7431
vn -0.0000 0.8089 -0.5879
vn -0.0000 0.8090 -0.5878
vn -0.0000 0.6692 -0.7431
vn -0.0000 0.9135 -0.4069
vn -0.0000 0.8091 -0.5877
vn -0.0000 0.9135 -0.4067
vn -0.0000 0.9781 -0.2080
vn -0.0000 0.9781 -0.2079
vn -0.0000 0.9136 -0.4066
vn -0.0000 1.0000 -0.0002
vn -0.0000 0.9782 -0.2078
vn -0.0000 0.9782 0.2078
vn -0.0000 0.9782 0.2079
vn -0.0000 1.0000 0.0002
vn -0.0000 0.9136 0.4066
vn -0.0000 0.9781 0.2080
vn -0.0000 0.9135 0.4067
vn -0.0000 0.8091 0.5877
vn -0.0000 0.8090 0.5878
vn -0.0000 0.9135 0.4069
vn -0.0000 0.6692 0.7431
vn -0.0000 0.8089 0.5879
vn -0.0000 0.6691 0.7431
vn -0.0000 0.5001 0.8660
vn -0.0000 0.5000 0.8660
vn -0.0000 0.6690 0.7432
vn -0.0000 0.3092 0.9510
vn -0.0000 0.4999 0.8661
vn -0.0000 0.3090 0.9511
vn -0.0000 0.1047 0.9945
vn -0.0000 0.1045 0.9945
vn -0.0000 0.3089 0.9511
vn -0.0000 -0.1044 0.9945
vn -0.0000 0.1044 0.9945
vn -0.0000 -0.1045 0.9945
vn -0.0000 -0.3089 0.9511
vn -0.0000 -0.3090 0.9511
vn -0.0000 -0.1047 0.9945
vn -0.0000 -0.4999 0.8661
vn -0.0000 -0.3092 0.9510
vn -0.0000 -0.5000 0.8660
vn -0.0000 -0.6690 0.7432
vn -0.0000 -0.6692 0.7431
vn -0.0000 -0.5001 0.8660
vn -0.0000 -0.8089 0.5879
vn 0.0001 -0.8090 0.5878
vn -0.0000 -0.9135 0.4069
vn -0.0000 -0.9136 0.4067
vn -0.0000 -0.8091 0.5877
vn -0.0000 -0.9781 0.2081
vn -0.0000 -0.8661 0.4999
vn -0.0000 -0.8659 -0.5001
vn -0.0000 -0.5001 -0.8659
vn -0.0000 -0.0001 -1.0000
vn -0.0000 0.0001 -1.0000
vn -0.0000 0.5001 -0.8659
vn -0.0000 0.8659 -0.5001
vn -0.0000 1.0000 -0.0001
vn -0.0000 1.0000 0.0001
vn -0.0000 0.8661 0.4999
vn -0.0000 0.8659 0.5001
vn -0.0000 0.5001 0.8659
vn -0.0000 -0.5001 0.8659
vn -0.0000 -0.8659 0.5001
vn -0.0000 -1.0000 0.0002
vn -0.0000 -1.0000 -0.0002
vn 0.0001 -0.9781 -0.2079
vn 0.0001 -0.5000 -0.8660
vn -0.0000 -0.3091 -0.9510
vn -0.0000 0.3091 -0.9510
vn -0.0000 0.9781 -0.2081
vn -0.0001 0.9781 0.2079
vn -0.0000 0.9781 0.2081
vn -0.0000 0.3091 0.9510
vn -0.0000 -0.3090 0.9510
vn -0.0000 -0.3091 0.9510
vn -0.0000 -0.6691 0.7431
vn -0.0000 -0.8090 0.5878
vn -0.0000 -0.9135 0.4068
vn -0.0000 -0.8660 0.5001
vn -0.0000 -0.9781 -0.2080
vn -0.0000 -0.6692 -0.7430
vn -0.0000 0.9781 0.2079
vn -0.0000 0.9135 0.4068
vn -0.0001 -0.6691 0.7431
vn -0.0000 -0.6692 0.7430
vn -0.0001 -0.9135 0.4067
vn -0.0000 -0.9781 0.2080
vn -0.0000 0.8660 0.5001
vn -0.0001 -0.9135 -0.4067
vn -0.0001 0.9781 -0.2079
vn -0.0000 0.6691 0.7432
vn -0.0001 0.1045 0.9945
vn -0.0000 -0.9135 0.4067
vt -0.084853 -7.648309
vt 0.084853 -7.462215
vt -0.084853 -7.222566
vt 0.084853 -7.028824
vt -0.084853 -6.796823
vt 0.084853 -6.595432
vt -0.084853 -6.371080
vt 0.084853 -6.162040
vt -0.084853 -5.945337
vt 0.084853 -5.728648
vt -0.084853 -5.519594
vt 0.084853 -5.295256
vt -0.084853 -5.093851
vt 0.084853 -4.861864
vt -0.084853 -4.668108
vt 0.084853 -4.428472
vt -0.084853 -4.242365
vt 0.176777 0.341635
vt 0.176777 0.779582
vt -0.176777 0.533467
vt 0.007071 0.965633
vt -0.035355 0.980287
vt -0.176777 1.145304
vt 0.150000 7.560455
vt 0.120000 7.527067
vt 0.150000 7.133114
vt 0.120000 7.108073
vt 0.150000 6.705773
vt 0.120000 6.689079
vt 0.150000 6.278432
vt 0.120000 6.270085
vt 0.150000 5.851091
vt 0.120000 5.851091
vt 0.120000 5.432097
vt 0.150000 5.423750
vt 0.120000 5.013103
vt 0.150000 4.996409
vt 0.120000 4.594109
vt 0.150000 4.569067
vt 0.120000 4.175115
vt 0.150000 4.141726
vt 0.084853 -3.062901
vt -0.084853 -3.130591
vt 0.084853 -3.434661
vt -0.084853 -3.531898
vt 0.084853 -3.806421
vt -0.084853 -3.933204
vt 0.084853 -4.178181
vt -0.084853 -4.334511
vt 0.084853 -4.549941
vt -0.084853 -4.735818
vt 0.084853 -4.921701
vt -0.084853 -5.137124
vt 0.084853 -5.293461
vt -0.084853 -5.538431
vt 0.084853 -5.665221
vt -0.084853 -5.939738
vt 0.084853 -6.036982
vt -0.084853 -6.341044
vt 0.084853 -6.408742
vt -0.150000 3.088430
vt -0.120000 3.123854
vt -0.150000 3.475460
vt -0.120000 3.503012
vt -0.150000 3.862490
vt -0.120000 3.882171
vt -0.150000 4.249520
vt -0.120000 4.261329
vt -0.150000 4.636550
vt -0.120000 4.640487
vt -0.150000 5.023580
vt -0.120000 5.019645
vt -0.120000 5.398804
vt -0.150000 5.410610
vt -0.120000 5.777962
vt -0.150000 5.797640
vt -0.120000 6.157120
vt -0.150000 6.184670
vt -0.120000 6.536279
vt -0.150000 6.571700
vt 0.176777 1.773924
vt 0.176777 4.318686
vt 0.007071 1.706241
vt 0.007071 6.933703
vt -0.035355 6.914870
vt 0.176777 6.866021
vt -0.176777 6.969221
vt -0.176777 1.670723
vt -0.035355 1.725074
vt -0.084853 4.242365
vt 0.084853 4.428472
vt -0.084853 4.668108
vt 0.084853 4.861864
vt -0.084853 5.093851
vt 0.084853 5.295256
vt -0.084853 5.519594
vt 0.084853 5.728648
vt -0.084853 5.945337
vt 0.084853 6.162040
vt -0.084853 6.371080
vt 0.084853 6.595432
vt -0.084853 6.796823
vt 0.084853 7.028824
vt -0.084853 7.222566
vt 0.084853 7.462215
vt -0.084853 7.648309
vt -0.035355 7.659657
vt 0.007071 7.674311
vt -0.176777 8.207656
vt 0.176777 7.860362
vt 0.176777 8.298649
vt -0.176777 7.494640
vt 7.518727 3.250000
vt 7.666910 2.835680
vt 7.957013 3.250000
vt 7.766785 2.407143
vt 7.817044 1.970001
vt 7.957013 0.250000
vt 7.817030 1.529980
vt 7.766743 1.092841
vt 7.666841 0.664310
vt 7.518632 0.250000
vt 0.084853 6.408742
vt -0.084853 6.341044
vt 0.084853 6.036982
vt -0.084853 5.939738
vt 0.084853 5.665221
vt -0.084853 5.538431
vt 0.084853 5.293461
vt -0.084853 5.137124
vt 0.084853 4.921701
vt -0.084853 4.735818
vt 0.084853 4.549941
vt -0.084853 4.334511
vt 0.084853 4.178181
vt -0.084853 3.933204
vt 0.084853 3.806421
vt -0.084853 3.531898
vt 0.084853 3.434661
vt -0.084853 3.130591
vt 0.084853 3.062901
vt -0.150000 -6.571700
vt -0.120000 -6.536279
vt -0.150000 -6.184670
vt -0.120000 -6.157120
vt -0.150000 -5.797640
vt -0.120000 -5.777962
vt -0.150000 -5.410610
vt -0.120000 -5.398804
vt -0.150000 -5.023580
vt -0.120000 -5.019645
vt -0.120000 -4.640487
vt -0.150000 -4.636550
vt -0.120000 -4.261329
vt -0.150000 -4.249520
vt -0.120000 -3.882171
vt -0.150000 -3.862490
vt -0.120000 -3.503012
vt -0.150000 -3.475460
vt -0.120000 -3.123854
vt -0.150000 -3.088430
vt -0.035355 3.894400
vt 0.106066 4.058336
vt -0.106066 3.866197
vt -0.106066 4.281103
vt 0.106066 4.477073
vt -0.106066 4.696009
vt 0.106066 4.895810
vt -0.106066 5.110915
vt 0.106066 5.314547
vt -0.106066 5.525822
vt 0.106066 5.733284
vt -0.106066 5.940728
vt 0.106066 6.152021
vt -0.106066 6.355634
vt 0.106066 6.570757
vt -0.106066 6.770541
vt 0.106066 6.989494
vt -0.106066 7.185447
vt 0.106066 7.408231
vt -0.035355 7.572154
vt -0.106066 7.600353
vt 1.385224 3.295721
vt 1.010474 3.062608
vt 1.750113 3.117328
vt 1.391582 2.909317
vt 1.750113 2.708825
vt 0.612972 3.166211
vt 1.002456 3.431575
vt 0.205524 3.218444
vt 0.606749 3.523135
vt 0.203210 3.569220
vt -0.205257 3.218462
vt -0.202952 3.569235
vt -0.606495 3.523179
vt -1.002209 3.431647
vt -0.612709 3.166262
vt -1.384987 3.295821
vt -1.010219 3.062692
vt -1.749887 3.117454
vt -1.391340 2.909433
vt -1.749887 2.708970
vt -0.035355 -7.572154
vt 0.106066 -7.408231
vt -0.106066 -7.600353
vt -0.106066 -7.185447
vt 0.106066 -6.989494
vt -0.106066 -6.770541
vt 0.106066 -6.570757
vt -0.106066 -6.355634
vt 0.106066 -6.152021
vt -0.106066 -5.940728
vt 0.106066 -5.733284
vt -0.106066 -5.525822
vt 0.106066 -5.314547
vt -0.106066 -5.110915
vt 0.106066 -4.895810
vt -0.106066 -4.696009
vt 0.106066 -4.477073
vt -0.106066 -4.281103
vt 0.106066 -4.058336
vt -0.035355 -3.894400
vt -0.106066 -3.866197
vt -1.384987 -3.295821
vt -1.010219 -3.062692
vt -1.749887 -3.117454
vt -1.391340 -2.909433
vt -1.749887 -2.708970
vt -0.612709 -3.166262
vt -1.002209 -3.431647
vt -0.205257 -3.218462
vt -0.606495 -3.523179
vt -0.202952 -3.569235
vt 0.203210 -3.569220
vt 0.205524 -3.218444
vt 0.606749 -3.523135
vt 1.002456 -3.431575
vt 0.612972 -3.166211
vt 1.385224 -3.295721
vt 1.010474 -3.062608
vt 1.750113 -3.117328
vt 1.391582 -2.909317
vt 1.750113 -2.708825
vt 0.035355 6.786779
vt -0.106066 6.731986
vt 0.106066 6.754629
vt 0.106066 6.353128
vt -0.106066 6.335516
vt 0.106066 5.951628
vt -0.106066 5.939046
vt 0.106066 5.550128
vt -0.106066 5.542576
vt 0.106066 5.148628
vt -0.106066 5.146107
vt 0.106066 4.747127
vt -0.106066 4.749637
vt -0.106066 4.353167
vt 0.106066 4.345627
vt -0.106066 3.956697
vt 0.106066 3.944127
vt -0.106066 3.560228
vt 0.106066 3.542627
vt -0.106066 3.163758
vt 0.106066 3.141127
vt 0.035355 3.108970
vt 0.035355 -3.108970
vt -0.106066 -3.163758
vt 0.106066 -3.141127
vt 0.106066 -3.542627
vt -0.106066 -3.560228
vt 0.106066 -3.944127
vt -0.106066 -3.956697
vt 0.106066 -4.345627
vt -0.106066 -4.353167
vt 0.106066 -4.747127
vt -0.106066 -4.749637
vt -0.106066 -5.146107
vt 0.106066 -5.148628
vt -0.106066 -5.542576
vt 0.106066 -5.550128
vt -0.106066 -5.939046
vt 0.106066 -5.951628
vt -0.106066 -6.335516
vt 0.106066 -6.353128
vt -0.106066 -6.731986
vt 0.106066 -6.754629
vt 0.035355 -6.786779
vt 0.150000 -4.141726
vt 0.120000 -4.175115
vt 0.150000 -4.569067
vt 0.120000 -4.594109
vt 0.150000 -4.996409
vt 0.120000 -5.013103
vt 0.150000 -5.423750
vt 0.120000 -5.432097
vt 0.150000 -5.851091
vt 0.120000 -5.851091
vt 0.120000 -6.270085
vt 0.150000 -6.278432
vt 0.120000 -6.689079
vt 0.150000 -6.705773
vt 0.120000 -7.108073
vt 0.150000 -7.133114
vt 0.120000 -7.527067
vt 0.150000 -7.560455
vt 5.750000 7.779061
vt 3.500000 8.342200
vt 5.750000 7.370577
vt 3.500000 2.639954
vt 5.750000 1.952637
vt 5.750000 1.544153
vt 3.467087 0.250000
vt 5.800000 0.875102
vt 5.800000 7.836276
vt 5.800000 8.549291
vt 3.000000 11.886201
vt 0.500000 11.917461
vt 3.000000 14.250000
vt 0.500000 14.250000
vt 0.250000 1.769119
vt 0.250000 0.250000
vt 5.800000 1.486939
vt 5.800000 2.012359
vt 5.800000 7.310856
vt 0.035355 0.980398
vt -0.007071 0.965742
vt 0.176777 0.533467
vt -0.176777 0.779677
vt -0.176777 0.341635
vt 0.176777 1.145428
vt -0.176777 8.298649
vt -0.176777 7.860267
vt 0.176777 8.207656
vt -0.007071 7.674202
vt 0.035355 7.659546
vt 0.176777 7.494516
vt -0.176777 1.774056
vt -0.007071 1.706381
vt -0.176777 4.318686
vt -0.007071 6.933564
vt -0.176777 6.865888
vt 0.035355 6.914727
vt 0.035355 1.725217
vt 0.176777 1.670872
vt 0.176777 6.969072
vt 0.438042 0.250000
vt 0.289833 0.664310
vt 0.000000 0.250000
vt 0.189931 1.092841
vt 0.139644 1.529980
vt 0.139630 1.970001
vt 0.000000 3.250000
vt 0.189889 2.407143
vt 0.289764 2.835680
vt 0.437947 3.250000
vt 0.141421 -4.114473
vt -0.141421 -4.139510
vt 0.141421 -4.398230
vt -0.141421 -4.398230
vt 0.141421 4.398230
vt -0.141421 4.398230
vt -0.141421 4.139510
vt -0.141421 -3.880791
vt 0.141421 -3.830716
vt -0.141421 -3.622072
vt 0.141421 -3.546959
vt -0.141421 -3.363352
vt 0.141421 -3.263203
vt -0.141421 -3.104633
vt 0.141421 -2.979446
vt -0.141421 -2.845913
vt 0.141421 -2.695689
vt -0.141421 -2.587194
vt 0.141421 -2.411932
vt -0.141421 -2.328475
vt 0.141421 -2.128176
vt -0.141421 -2.069755
vt 0.141421 -1.844419
vt -0.141421 -1.811036
vt 0.141421 -1.560662
vt -0.141421 -1.552316
vt -0.141421 -1.293597
vt 0.141421 -1.276905
vt -0.141421 -1.034878
vt 0.141421 -0.993149
vt -0.141421 -0.776158
vt 0.141421 -0.709392
vt -0.141421 -0.517439
vt 0.141421 -0.425635
vt -0.141421 -0.258719
vt 0.141421 -0.141878
vt -0.141421 0.000000
vt 0.141421 0.141878
vt -0.141421 0.258719
vt 0.141421 0.425635
vt -0.141421 0.517439
vt 0.141421 0.709392
vt -0.141421 0.776158
vt 0.141421 0.993149
vt -0.141421 1.034878
vt 0.141421 1.276905
vt -0.141421 1.293597
vt 0.141421 1.560662
vt -0.141421 1.552316
vt -0.141421 1.811036
vt 0.141421 1.844419
vt -0.141421 2.069755
vt 0.141421 2.128176
vt -0.141421 2.328475
vt 0.141421 2.411932
vt -0.141421 2.587194
vt 0.141421 2.695689
vt -0.141421 2.845913
vt 0.141421 2.979446
vt -0.141421 3.104633
vt 0.141421 3.263203
vt -0.141421 3.363352
vt 0.141421 3.546959
vt -0.141421 3.622072
vt 0.141421 3.830716
vt -0.141421 3.880791
vt 0.141421 4.114473
vt 6.700815 0.601139
vt 5.319796 1.081392
vt 6.524253 0.250000
vt 5.174077 0.846048
vt 4.987594 0.641487
vt 5.419789 1.339506
vt 6.829215 0.972604
vt 6.907182 1.357823
vt 5.470652 1.611597
vt 6.933337 1.749982
vt 5.470652 1.888403
vt 6.907217 2.142143
vt 5.419789 2.160494
vt 6.829284 2.527369
vt 6.700916 2.898845
vt 5.319796 2.418608
vt 6.524385 3.250000
vt 5.174077 2.653952
vt 4.987594 2.858513
vt 4.766699 3.025326
vt 4.518913 3.148708
vt 4.252675 3.224460
vt 3.977051 3.250000
vt 4.766699 0.474674
vt 4.518913 0.351292
vt 4.252675 0.275540
vt 3.977051 0.250000
vt 1.255758 2.898845
vt 2.634306 2.418608
vt 1.432288 3.250000
vt 2.780025 2.653952
vt 2.966507 2.858513
vt 2.534312 2.160494
vt 1.127390 2.527369
vt 1.049457 2.142143
vt 2.483450 1.888403
vt 1.023337 1.749982
vt 2.483450 1.611597
vt 1.049492 1.357823
vt 2.534312 1.339506
vt 1.127459 0.972604
vt 1.255859 0.601139
vt 2.634306 1.081392
vt 1.432421 0.250000
vt 2.780025 0.846048
vt 2.966507 0.641487
vt 3.187403 0.474674
vt 3.435188 0.351292
vt 3.701427 0.275540
vt 3.187403 3.025326
vt 3.435188 3.148708
vt 3.701427 3.224460
vt -0.900000 3.820582
vt -0.200000 3.820582
vt -0.900000 4.084070
vt -0.200000 4.084070
vt -0.900000 -4.084070
vt -0.200000 -4.084070
vt -0.900000 -3.820582
vt -0.200000 -3.820582
vt -0.900000 -3.557094
vt -0.200000 -3.557094
vt -0.900000 -3.293605
vt -0.200000 -3.293605
vt -0.900000 -3.030117
vt -0.200000 -3.030117
vt -0.900000 -2.766628
vt -0.200000 -2.766628
vt -0.900000 -2.503140
vt -0.200000 -2.503140
vt -0.900000 -2.239652
vt -0.200000 -2.239652
vt -0.900000 -1.976163
vt -0.200000 -1.976163
vt -0.900000 -1.712675
vt -0.200000 -1.712675
vt -0.900000 -1.449186
vt -0.200000 -1.449186
vt -0.900000 -1.185698
vt -0.200000 -1.185698
vt -0.900000 -0.922209
vt -0.200000 -0.922209
vt -0.900000 -0.658721
vt -0.200000 -0.658721
vt -0.900000 -0.395233
vt -0.200000 -0.395233
vt -0.900000 -0.131744
vt -0.200000 -0.131744
vt -0.900000 0.131744
vt -0.200000 0.131744
vt -0.900000 0.395233
vt -0.200000 0.395233
vt -0.900000 0.658721
vt -0.200000 0.658721
vt -0.900000 0.922209
vt -0.200000 0.922209
vt -0.900000 1.185698
vt -0.200000 1.185698
vt -0.900000 1.449186
vt -0.200000 1.449186
vt -0.900000 1.712675
vt -0.200000 1.712675
vt -0.900000 1.976163
vt -0.200000 1.976163
vt -0.900000 2.239652
vt -0.200000 2.239652
vt -0.900000 2.503140
vt -0.200000 2.503140
vt -0.900000 2.766628
vt -0.200000 2.766628
vt -0.900000 3.030117
vt -0.200000 3.030117
vt -0.900000 3.293605
vt -0.200000 3.293605
vt -0.900000 3.557094
vt -0.200000 3.557094
vt -1.125000 -0.176777
vt 1.375000 -0.176777
vt -1.375000 0.176777
vt 1.625000 0.176777
vt -0.176777 5.897604
vt 0.176777 5.988597
vt -0.176777 8.261403
vt 0.176777 8.511403
vt -3.117744 4.908192
vt -0.894979 1.161957
vt -2.767253 5.010347
vt -0.544487 1.264111
vt 2.592087 0.176777
vt -0.625000 0.176777
vt 2.625000 -0.176777
vt -0.875000 -0.176777
vt -0.176777 0.000000
vt 0.176777 0.250000
vt -0.176777 1.960951
vt 0.176777 1.769119
vt 3.807318 1.631778
vt 1.548824 0.775950
vt 4.111984 1.369141
vt 1.643328 0.433675
vt 1.747822 0.851358
vt -1.398504 -0.340902
vt 2.052488 0.588721
vt -1.093838 -0.603539
vt -0.176777 4.125604
vt -0.176777 -1.293818
vt 0.176777 4.216596
vt 0.176777 -1.485650
vt -2.422468 3.736378
vt -0.040933 -0.277446
vt -2.071977 3.838532
vt 0.309558 -0.175292
vt -0.176777 7.250000
vt -0.176777 4.576468
vt 0.176777 7.000000
vt 0.176777 4.667461
vt 1.761688 3.023389
vt 3.000000 3.250000
vt 1.500000 3.050000
vt 1.238312 3.023389
vt 0.987337 2.944645
vt 0.757351 2.816992
vt 0.557769 2.645657
vt 0.396762 2.437653
vt 0.280922 2.201497
vt 0.214991 1.946856
vt 0.201669 1.684156
vt 0.241500 1.424152
vt 0.332854 1.177488
vt 0.471992 0.954262
vt 0.653216 0.763614
vt 0.869107 0.613349
vt 1.110828 0.509619
vt 1.368481 0.456670
vt 3.000000 0.250000
vt 1.631519 0.456670
vt 1.889172 0.509619
vt 2.130893 0.613349
vt 2.346784 0.763614
vt 2.528008 0.954262
vt 2.667146 1.177488
vt 2.758500 1.424152
vt 2.798331 1.684156
vt 2.785009 1.946856
vt 2.719078 2.201497
vt 2.603238 2.437653
vt 2.442231 2.645657
vt 2.242649 2.816992
vt 2.012663 2.944645
vt 2.522806 3.250000
vt 2.522806 0.250000
vt 4.356027 3.250000
vt 4.356027 0.250000
vt 2.639954 3.250000
vt 2.639954 0.250000
vt -0.922500 0.134234
vt -0.634234 0.788525
vt -1.000000 0.155000
vt -0.655000 0.866025
vt -1.077500 0.134234
vt -1.500000 1.750000
vt -1.134234 0.077500
vt -1.155000 -0.000000
vt -1.500000 -1.750000
vt -1.134234 -0.077500
vt -1.077500 -0.134234
vt -0.655000 -0.866025
vt -1.000000 -0.155000
vt -0.634234 -0.788525
vt -0.922500 -0.134234
vt -0.577500 -0.731791
vt -0.865766 -0.077500
vt -0.500000 -0.711025
vt -0.845000 -0.000000
vt -0.422500 -0.731791
vt -0.422500 0.731791
vt 0.422500 -0.731791
vt 0.422500 0.731791
vt 0.845000 -0.000000
vt 0.500000 0.711025
vt 0.865766 0.077500
vt 0.577500 0.731791
vt 0.922500 0.134234
vt 0.634234 0.788525
vt 1.000000 0.155000
vt 0.655000 0.866025
vt 1.077500 0.134234
vt 1.500000 1.750000
vt 1.134234 0.077500
vt 1.155000 -0.000000
vt -0.577500 0.731791
vt -0.865766 0.077500
vt -0.500000 0.711025
vt 0.422500 1.000259
vt 0.500000 1.021025
vt 0.577500 1.000259
vt 0.634234 0.943525
vt -0.365766 0.788525
vt 0.365766 0.788525
vt -0.345000 0.866025
vt 0.345000 0.866025
vt -0.365766 0.943525
vt 0.365766 0.943525
vt -0.422500 1.000259
vt 0.577500 -0.731791
vt 0.865766 -0.077500
vt 0.500000 -0.711025
vt 0.922500 -0.134234
vt 0.634234 -0.788525
vt 1.000000 -0.155000
vt 0.655000 -0.866025
vt 1.077500 -0.134234
vt 1.500000 -1.750000
vt 1.134234 -0.077500
vt 0.634234 -0.943525
vt 0.577500 -1.000259
vt 0.500000 -1.021025
vt 0.422500 -1.000259
vt -0.422500 -1.000259
vt -0.500000 -1.021025
vt -0.577500 -1.000259
vt -0.365766 -0.943525
vt 0.365766 -0.943525
vt -0.345000 -0.866025
vt 0.345000 -0.866025
vt -0.365766 -0.788525
vt 0.365766 -0.788525
vt -0.577500 1.000259
vt -0.500000 1.021025
vt -0.634234 0.943525
vt -0.634234 -0.943525
vt 0.176777 7.250000
vt -0.176777 7.000000
vt 0.176777 4.576468
vt -0.176777 4.667461
vt 3.125000 0.176777
vt 0.125000 0.176777
vt 2.875000 -0.176777
vt 0.375000 -0.176777
vt -0.176777 8.511403
vt -0.176777 5.988597
vt 0.176777 8.261403
vt 0.176777 5.897604
vt 1.118483 2.231520
vt 1.468974 2.129366
vt 3.341249 5.977756
vt 3.691740 5.875601
vt -0.842087 0.176777
vt 2.375000 0.176777
vt -0.062641 -0.165306
vt 0.031863 0.176969
vt -2.531297 0.770160
vt -2.226631 1.032797
vt -0.176777 1.769119
vt -0.176777 0.250000
vt 0.176777 1.960951
vt 0.176777 0.000000
vt 2.674526 -1.202521
vt 2.979191 -0.939884
vt -0.471800 -0.010260
vt -0.167135 0.252377
vt -0.176777 -1.485650
vt 0.176777 -1.293818
vt -0.176777 4.216596
vt 0.176777 4.125604
vt 0.264438 0.792117
vt 0.614929 0.689963
vt 2.645972 4.805941
vt 2.996464 4.703787
vt 2.673532 3.250000
vt 2.673532 0.250000
vt 4.667171 3.250000
vt 4.667171 0.250000
vt 3.570076 3.034783
vt 5.419422 3.250000
vt 3.685996 3.010144
vt 3.781872 2.940486
vt 2.467826 2.089370
vt 2.431205 2.202079
vt 2.443592 2.319939
vt 5.419422 0.250000
vt 3.552442 0.471444
vt 3.444178 0.519647
vt 2.676199 0.953314
vt 3.364879 0.607717
vt 2.794708 0.953314
vt 3.328258 0.720426
vt 3.340645 0.838286
vt 4.738180 1.356200
vt 4.750568 1.238340
vt 4.713946 1.125630
vt 3.727616 1.010577
vt 4.183691 1.238340
vt 3.611696 1.035217
vt 4.196078 1.356200
vt 3.006505 1.320156
vt 2.947250 1.422788
vt 4.255333 1.458833
vt 2.882162 2.001300
vt 4.278800 2.037344
vt 2.961461 2.089370
vt 4.199502 2.125414
vt 2.998082 2.202079
vt 4.162880 2.238123
vt 3.629331 2.471011
vt 4.175268 2.355984
vt 3.737595 2.519214
vt 4.234523 2.458616
vt 3.816893 2.607283
vt 4.330399 2.528274
vt 3.853515 2.719993
vt 4.446319 2.552914
vt 3.841127 2.837853
vt 4.220312 1.125630
vt 3.823493 0.940919
vt 4.299610 1.037561
vt 3.882748 0.838286
vt 4.407874 0.989358
vt 3.895135 0.720426
vt 4.526384 0.989358
vt 3.858514 0.607717
vt 3.779215 0.519647
vt 3.670951 0.471444
vt 2.902972 1.001516
vt 3.399900 0.940919
vt 2.982271 1.089586
vt 3.495777 1.010577
vt 3.018892 1.202296
vt 2.830563 2.492230
vt 3.286637 2.719993
vt 2.714643 2.516870
vt 3.299025 2.837853
vt 3.358280 2.940486
vt 3.323259 2.607283
vt 2.926440 2.422572
vt 3.402557 2.519214
vt 2.985694 2.319939
vt 3.510821 2.471011
vt 2.851373 1.492447
vt 2.773898 1.953098
vt 2.735454 1.517086
vt 2.655389 1.953098
vt 2.619534 1.492447
vt 2.547125 2.001300
vt 2.523657 1.422788
vt 2.464402 1.320156
vt 2.452015 1.202296
vt 2.488636 1.089586
vt 2.567935 1.001516
vt 2.502847 2.422572
vt 2.598723 2.492230
vt 4.562239 2.528274
vt 4.658115 2.458616
vt 4.717370 2.355984
vt 4.729758 2.238123
vt 4.693136 2.125414
vt 4.678926 1.458833
vt 4.613838 2.037344
vt 4.583049 1.528491
vt 4.505574 1.989142
vt 4.467129 1.553130
vt 4.387064 1.989142
vt 4.351209 1.528491
vt 4.634648 1.037561
vt 3.454156 3.010144
vt 1.583756 3.033439
vt 3.364648 3.250000
vt 1.700441 2.996817
vt 1.791618 2.917519
vt 0.361285 2.250000
vt 0.386794 2.365920
vt 0.458909 2.461796
vt 3.364648 0.250000
vt 1.583756 0.466561
vt 1.461738 0.478949
vt 1.355485 0.538204
vt 2.738096 2.190745
vt 2.738096 1.309255
vt 2.738096 1.190745
vt 2.179945 2.365920
vt 1.700441 2.503183
vt 2.154436 2.250000
vt 1.583756 2.466561
vt 2.179945 2.134080
vt 0.895042 2.082481
vt 2.179945 1.365920
vt 0.895042 1.417519
vt 1.583756 1.033439
vt 0.944945 1.309255
vt 1.461738 1.021051
vt 0.944945 1.190745
vt 1.355485 0.961796
vt 0.895042 1.082481
vt 1.283369 0.865920
vt 0.803866 1.003183
vt 1.257861 0.750000
vt 0.687180 0.966561
vt 1.283369 0.634080
vt 1.791618 2.582481
vt 2.252060 2.461796
vt 1.841520 2.690745
vt 2.358313 2.521051
vt 1.841520 2.809255
vt 2.480331 2.533439
vt 2.597017 2.496817
vt 2.688193 2.417519
vt 2.738096 2.309255
vt 2.688193 1.417519
vt 2.688193 2.082481
vt 2.597017 2.003183
vt 2.597017 1.496817
vt 2.480331 1.966561
vt 2.480331 1.533439
vt 2.358313 1.521051
vt 2.358313 1.978949
vt 2.252060 1.461796
vt 2.252060 2.038204
vt 0.386794 1.365920
vt 0.361285 1.250000
vt 0.386794 1.134080
vt 0.458909 1.038204
vt 0.565162 0.978949
vt 0.458909 1.461796
vt 0.458909 2.038204
vt 0.386794 2.134080
vt 0.565162 1.978949
vt 0.565162 1.521051
vt 0.687180 1.966561
vt 0.687180 1.533439
vt 0.803866 1.496817
vt 0.803866 2.003183
vt 1.283369 2.865920
vt 0.687180 2.533439
vt 1.257861 2.750000
vt 0.803866 2.496817
vt 1.283369 2.634080
vt 0.895042 2.417519
vt 1.355485 2.538204
vt 0.944945 2.309255
vt 1.461738 2.478949
vt 0.944945 2.190745
vt 1.355485 2.961796
vt 1.461738 3.021051
vt 2.154436 1.250000
vt 1.700441 0.996817
vt 2.179945 1.134080
vt 1.791618 0.917519
vt 2.252060 1.038204
vt 1.841520 0.809255
vt 2.358313 0.978949
vt 1.841520 0.690745
vt 2.480331 0.966561
vt 1.791618 0.582481
vt 1.700441 0.503183
vt 0.565162 2.521051
vt 2.688193 1.082481
vt 2.597017 1.003183
vt 3.250000 1.960951
vt 0.250000 1.960951
vt 3.250000 0.000000
vt 0.250000 0.000000
vt -2.300000 7.310707
vt -2.300000 2.012507
vt -2.250000 7.370432
vt -2.250000 1.952783
vt -0.000000 2.639954
vt -2.250000 1.544280
vt 0.032913 0.250000
vt -2.300000 0.875102
vt -2.300000 1.487063
vt 3.250000 0.250000
vt 3.250000 1.769119
vt 0.000000 8.342200
vt -2.250000 7.778935
vt -2.300000 8.549291
vt -2.300000 7.836152
vt 0.500000 11.886201
vt 3.000000 11.917461
vt -0.800000 2.901610
vt -0.200000 2.901610
vt -0.800000 3.133739
vt -0.200000 3.133739
vt -0.800000 -3.133739
vt -0.200000 -3.133739
vt -0.800000 -2.901610
vt -0.200000 -2.901610
vt -0.800000 -2.669481
vt -0.200000 -2.669481
vt -0.800000 -2.437352
vt -0.200000 -2.437352
vt -0.800000 -2.205224
vt -0.200000 -2.205224
vt -0.800000 -1.973095
vt -0.200000 -1.973095
vt -0.800000 -1.740966
vt -0.200000 -1.740966
vt -0.800000 -1.508837
vt -0.200000 -1.508837
vt -0.800000 -1.276708
vt -0.200000 -1.276708
vt -0.800000 -1.044580
vt -0.200000 -1.044580
vt -0.800000 -0.812451
vt -0.200000 -0.812451
vt -0.800000 -0.580322
vt -0.200000 -0.580322
vt -0.800000 -0.348193
vt -0.200000 -0.348193
vt -0.800000 -0.116064
vt -0.200000 -0.116064
vt -0.800000 0.116064
vt -0.200000 0.116064
vt -0.800000 0.348193
vt -0.200000 0.348193
vt -0.800000 0.580322
vt -0.200000 0.580322
vt -0.800000 0.812451
vt -0.200000 0.812451
vt -0.800000 1.044580
vt -0.200000 1.044580
vt -0.800000 1.276708
vt -0.200000 1.276708
vt -0.800000 1.508837
vt -0.200000 1.508837
vt -0.800000 1.740966
vt -0.200000 1.740966
vt -0.800000 1.973095
vt -0.200000 1.973095
vt -0.800000 2.205224
vt -0.200000 2.205224
vt -0.800000 2.437352
vt -0.200000 2.437352
vt -0.800000 2.669481
vt -0.200000 2.669481
vt -0.997500 -0.000000
vt -0.970612 -0.230039
vt -0.970612 0.230039
vt -0.891399 0.447677
vt -0.891399 -0.447677
vt -0.764129 0.641181
vt -0.764129 -0.641181
vt -0.595666 0.800118
vt -0.595666 -0.800118
vt -0.395090 0.915921
vt -0.173214 0.982346
vt 0.057999 0.995812
vt 0.286086 0.955595
vt 0.498750 0.863860
vt 0.684526 0.725555
vt 0.833399 0.548135
vt 0.937343 0.341165
vt 0.990755 0.115803
vt 0.990755 -0.115803
vt 0.937343 -0.341165
vt 0.833399 -0.548135
vt 0.684526 -0.725555
vt -0.395090 -0.915921
vt 0.498750 -0.863860
vt 0.286086 -0.955595
vt -0.173214 -0.982346
vt 0.057999 -0.995812
vt -0.000000 3.820582
vt -0.000000 4.084070
vt -0.000000 -4.084070
vt -0.000000 -3.820582
vt -0.000000 -3.557094
vt -0.000000 -3.293605
vt -0.000000 -3.030117
vt -0.000000 -2.766628
vt -0.000000 -2.503140
vt -0.000000 -2.239652
vt -0.000000 -1.976163
vt -0.000000 -1.712675
vt -0.000000 -1.449186
vt -0.000000 -1.185698
vt -0.000000 -0.922209
vt -0.000000 -0.658721
vt -0.000000 -0.395233
vt -0.000000 -0.131744
vt -0.000000 0.131744
vt -0.000000 0.395233
vt -0.000000 0.658721
vt -0.000000 0.922209
vt -0.000000 1.185698
vt -0.000000 1.449186
vt -0.000000 1.712675
vt -0.000000 1.976163
vt -0.000000 2.239652
vt -0.000000 2.503140
vt -0.000000 2.766628
vt -0.000000 3.030117
vt -0.000000 3.293605
vt -0.000000 3.557094
vt -1.273389 0.261688
vt -1.300000 -0.000000
vt -1.273389 -0.261688
vt -1.194645 0.512663
vt -1.066992 0.742649
vt -0.895657 0.942231
vt -0.687653 1.103238
vt -0.451497 1.219078
vt -0.196856 1.285009
vt 0.065844 1.298331
vt 0.325848 1.258500
vt 0.572512 1.167146
vt 0.795738 1.028008
vt 0.986386 0.846784
vt 1.136651 0.630893
vt 1.240381 0.389172
vt 1.293330 0.131519
vt 1.293330 -0.131519
vt 1.240381 -0.389172
vt 1.136651 -0.630893
vt 0.986386 -0.846784
vt 0.795738 -1.028008
vt 0.572512 -1.167146
vt 0.325848 -1.258500
vt 0.065844 -1.298331
vt -0.196856 -1.285009
vt -0.451497 -1.219078
vt -0.687653 -1.103238
vt -0.895657 -0.942231
vt -1.066992 -0.742649
vt -1.194645 -0.512663
vt -0.260360 0.115920
vt -0.285000 -0.000000
vt -0.155000 -0.000000
vt -0.260360 -0.115920
vt -0.134234 -0.077500
vt -0.190702 -0.211796
vt -0.077500 -0.134234
vt -0.088070 -0.271051
vt -0.000000 -0.155000
vt 0.029791 -0.283439
vt 0.077500 -0.134234
vt 0.142500 -0.246817
vt 0.230570 -0.167519
vt 0.134234 -0.077500
vt 0.278772 -0.059255
vt 0.155000 0.000000
vt 0.278772 0.059255
vt 0.134234 0.077500
vt 0.230570 0.167519
vt 0.077500 0.134234
vt 0.142500 0.246817
vt 0.029791 0.283439
vt -0.000000 0.155000
vt -0.088070 0.271051
vt -0.077500 0.134234
vt -0.190702 0.211796
vt -0.134234 0.077500
vt -0.275000 -0.119381
vt 0.275000 -0.000000
vt -0.275000 0.000000
vt 0.275000 0.119381
vt -0.275000 0.119381
vt 0.275000 0.238761
vt -0.275000 0.238761
vt 0.275000 0.358142
vt -0.275000 0.358142
vt 0.275000 0.477522
vt -0.275000 0.477522
vt 0.275000 0.596903
vt -0.275000 0.596903
vt 0.275000 0.716283
vt -0.275000 0.716283
vt 0.275000 0.835664
vt -0.275000 0.835664
vt -0.275000 -0.955044
vt 0.275000 -0.955044
vt 0.275000 -0.835664
vt -0.275000 -0.835664
vt 0.275000 -0.716283
vt -0.275000 -0.716283
vt 0.275000 -0.596903
vt -0.275000 -0.596903
vt 0.275000 -0.477522
vt -0.275000 -0.477522
vt 0.275000 -0.358142
vt -0.275000 -0.358142
vt 0.275000 -0.238761
vt -0.275000 -0.238761
vt 0.275000 -0.119381
vt -1.485000 0.405789
vt 0.090000 0.405789
vt -1.485000 0.486947
vt 0.090000 0.486947
vt -1.485000 -0.486947
vt 0.090000 -0.486947
vt -1.485000 -0.405789
vt 0.090000 -0.405789
vt -1.485000 -0.324631
vt 0.090000 -0.324631
vt -1.485000 -0.243473
vt 0.090000 -0.243473
vt -1.485000 -0.162316
vt 0.090000 -0.162316
vt -1.485000 -0.081158
vt 0.090000 -0.081158
vt -1.485000 0.000000
vt 0.090000 -0.000000
vt -1.485000 0.081158
vt 0.090000 0.081158
vt -1.485000 0.162316
vt 0.090000 0.162316
vt -1.485000 0.243473
vt 0.090000 0.243473
vt -1.485000 0.324631
vt 0.090000 0.324631
vt 1.665000 -0.405789
vt 1.665000 -0.486947
vt 1.665000 0.486947
vt 1.665000 0.405789
vt 1.665000 0.324631
vt 1.665000 0.243473
vt 1.665000 0.162316
vt 1.665000 0.081158
vt 1.665000 -0.000000
vt 1.665000 -0.081158
vt 1.665000 -0.162316
vt 1.665000 -0.243473
vt 1.665000 -0.324631
vt 0.652148 0.777933
vt 0.672914 0.855433
vt 0.652148 0.932933
vt 0.595414 0.989667
vt 0.517914 1.010433
vt 0.440414 0.989667
vt 0.383680 0.932933
vt 0.362914 0.855433
vt -0.326870 0.876243
vt -0.347636 0.798743
vt 0.595414 0.721199
vt 0.922283 0.113424
vt 0.517914 0.700433
vt 0.865550 0.056690
vt 0.440414 0.721199
vt 0.844783 -0.020810
vt 0.404370 -0.742009
vt 0.481870 -0.721243
vt -0.404370 0.742009
vt 0.383680 0.777933
vt -0.865550 -0.056690
vt -0.440414 -0.721199
vt -0.844783 0.020810
vt -0.481870 0.721243
vt -0.517914 -0.700433
vt -0.922283 -0.113424
vt -0.595414 -0.721199
vt -0.999783 -0.134190
vt -1.077283 -0.113424
vt -1.134017 -0.056690
vt -1.154783 0.020810
vt -1.134017 0.098310
vt -1.077283 0.155044
vt -0.999783 0.175810
vt -0.922283 0.155044
vt -0.865550 0.098310
vt -0.559370 0.742009
vt 0.616104 -0.953743
vt 0.636870 -0.876243
vt 0.616104 -0.798743
vt 0.559370 -0.742009
vt 0.922283 -0.155044
vt 0.865550 -0.098310
vt 0.559370 -1.010477
vt 0.481870 -1.031243
vt 0.404370 -1.010477
vt 0.347636 -0.953743
vt 0.326870 -0.876243
vt -0.362914 -0.855433
vt 0.347636 -0.798743
vt -0.383680 -0.777933
vt -0.383680 -0.932933
vt -0.440414 -0.989667
vt -0.517914 -1.010433
vt -0.595414 -0.989667
vt -0.652148 -0.932933
vt -0.672914 -0.855433
vt -0.652148 -0.777933
vt -0.616104 0.798743
vt -0.636870 0.876243
vt -0.616104 0.953743
vt -0.559370 1.010477
vt -0.481870 1.031243
vt -0.404370 1.010477
vt -0.347636 0.953743
vt 1.134017 -0.098310
vt 1.154783 -0.020810
vt 1.134017 0.056690
vt 1.077283 0.113424
vt 0.999783 0.134190
vt 1.077283 -0.155044
vt 0.999783 -0.175810
vt -1.149626 0.775973
vt 0.150000 0.835664
vt -1.156228 0.895354
vt -1.156228 -0.895354
vt 0.150000 -0.955044
vt 0.150000 -0.835664
vt -1.149626 -0.775973
vt 0.150000 -0.716283
vt -1.130961 -0.656593
vt 0.150000 -0.596903
vt -1.103460 -0.537212
vt 0.150000 -0.477522
vt -1.071880 -0.417832
vt 0.150000 -0.358142
vt -1.041679 -0.298451
vt 0.150000 -0.238761
vt -1.018081 -0.179071
vt 0.150000 -0.119381
vt -1.005165 -0.059690
vt 0.150000 0.000000
vt -1.005165 0.059690
vt 0.150000 0.119381
vt -1.018081 0.179071
vt 0.150000 0.238761
vt -1.041679 0.298451
vt 0.150000 0.358142
vt -1.071880 0.417832
vt 0.150000 0.477522
vt -1.103460 0.537212
vt 0.150000 0.596903
vt -1.130961 0.656593
vt 0.150000 0.716283
vt -0.525000 0.405789
vt 0.675000 0.405789
vt -0.525000 0.486947
vt 0.675000 0.486947
vt -0.525000 -0.486947
vt 0.675000 -0.486947
vt -0.525000 -0.405789
vt 0.675000 -0.405789
vt -0.525000 -0.324631
vt 0.675000 -0.324631
vt -0.525000 -0.243473
vt 0.675000 -0.243473
vt -0.525000 -0.162316
vt 0.675000 -0.162316
vt -0.525000 -0.081158
vt 0.675000 -0.081158
vt -0.525000 0.000000
vt 0.675000 0.000000
vt -0.525000 0.081158
vt 0.675000 0.081158
vt -0.525000 0.162316
vt 0.675000 0.162316
vt -0.525000 0.243473
vt 0.675000 0.243473
vt -0.525000 0.324631
vt 0.675000 0.324631
vt -1.381676 0.775973
vt -1.388279 0.895354
vt -1.388279 -0.895354
vt -1.381676 -0.775973
vt -1.363012 -0.656593
vt -1.335511 -0.537212
vt -1.303931 -0.417832
vt -1.273730 -0.298451
vt -1.250132 -0.179071
vt -1.237216 -0.059690
vt -1.237216 0.059690
vt -1.250132 0.179071
vt -1.273730 0.298451
vt -1.303931 0.417832
vt -1.335511 0.537212
vt -1.363012 0.656593
vt -0.917575 0.775973
vt -0.924177 0.895354
vt -0.924177 -0.895354
vt -0.917575 -0.775973
vt -0.898910 -0.656593
vt -0.871410 -0.537212
vt -0.839829 -0.417832
vt -0.809629 -0.298451
vt -0.786030 -0.179071
vt -0.773115 -0.059690
vt -0.773115 0.059690
vt -0.786030 0.179071
vt -0.809629 0.298451
vt -0.839829 0.417832
vt -0.871410 0.537212
vt -0.898910 0.656593
s 0
f 1/1/1 2/2/2 17/3/3
f 17/3/3 2/2/2 3/4/4
f 17/3/3 3/4/4 16/5/5
f 16/5/5 3/4/4 4/6/6
f 16/5/5 4/6/6 15/7/7
f 15/7/8 4/6/6 5/8/9
f 15/7/10 5/8/11 14/9/12
f 14/9/12 5/8/11 6/10/13
f 14/9/12 6/10/14 13/11/15
f 13/11/15 6/10/14 7/12/16
f 13/11/15 7/12/16 12/13/17
f 12/13/18 7/12/16 8/14/19
f 12/13/18 8/14/19 11/15/20
f 11/15/20 8/14/19 9/16/21
f 11/15/22 9/16/21 10/17/23
f 21/18/24 2/19/24 20/20/24
f 20/20/24 2/19/24 1/21/24
f 20/20/24 1/21/24 18/22/24
f 18/22/24 19/23/24 20/20/24
f 18/24/25 1/25/26 29/26/27
f 29/26/27 1/25/28 17/27/29
f 29/26/27 17/27/30 28/28/31
f 28/28/31 17/27/30 16/29/32
f 28/28/31 16/29/32 27/30/33
f 27/30/34 16/29/32 15/31/35
f 27/30/33 15/31/35 26/32/36
f 26/32/36 15/31/35 14/33/36
f 26/32/37 14/33/37 13/34/38
f 26/32/36 13/34/39 25/35/40
f 25/35/40 13/34/38 12/36/41
f 25/35/40 12/36/41 24/37/42
f 24/37/43 12/36/41 11/38/44
f 24/37/43 11/38/44 23/39/45
f 23/39/45 11/38/44 10/40/46
f 23/39/45 10/40/46 22/41/47
f 30/42/48 31/43/49 48/44/50
f 48/44/50 31/43/49 32/45/51
f 48/44/50 32/45/52 47/46/53
f 47/46/53 32/45/52 33/47/54
f 47/46/55 33/47/54 46/48/56
f 46/48/57 33/47/54 34/49/58
f 46/48/56 34/49/59 45/50/60
f 45/50/60 34/49/59 35/51/61
f 45/50/60 35/51/61 44/52/62
f 44/52/62 35/51/61 36/53/63
f 44/52/64 36/53/63 43/54/65
f 43/54/66 36/53/67 37/55/68
f 43/54/65 37/55/68 42/56/69
f 42/56/69 37/55/68 38/57/70
f 42/56/69 38/57/70 41/58/71
f 41/58/72 38/57/70 39/59/73
f 41/58/72 39/59/74 40/60/75
f 58/61/76 30/62/77 57/63/78
f 57/63/78 30/62/79 48/64/80
f 57/63/81 48/64/80 56/65/82
f 56/65/82 48/64/80 47/66/83
f 56/65/82 47/66/83 55/67/84
f 55/67/84 47/66/85 46/68/86
f 55/67/84 46/68/86 54/69/87
f 54/69/87 46/68/86 45/70/88
f 54/69/89 45/70/90 53/71/91
f 53/71/92 45/70/90 44/72/93
f 53/71/91 44/72/94 43/73/95
f 53/71/92 43/73/95 52/74/96
f 52/74/97 43/73/98 42/75/99
f 52/74/97 42/75/100 51/76/101
f 51/76/102 42/75/99 41/77/103
f 51/76/102 41/77/103 50/78/104
f 50/78/105 41/77/106 40/79/107
f 50/78/108 40/79/107 49/80/109
f 39/81/24 59/82/24 40/83/24
f 40/83/24 59/82/24 61/84/24
f 40/83/24 61/84/24 62/85/24
f 59/82/24 60/86/24 61/84/24
f 63/87/24 64/88/24 62/85/24
f 62/85/24 64/88/24 49/89/24
f 62/85/24 49/89/24 40/83/24
f 65/90/110 66/91/111 81/92/112
f 81/92/112 66/91/111 67/93/113
f 81/92/112 67/93/113 80/94/114
f 80/94/114 67/93/113 68/95/115
f 80/94/116 68/95/115 79/96/117
f 79/96/117 68/95/118 69/97/119
f 79/96/117 69/97/120 78/98/61
f 78/98/61 69/97/119 70/99/121
f 78/98/61 70/99/122 77/100/123
f 77/100/123 70/99/122 71/101/124
f 77/100/125 71/101/124 76/102/126
f 76/102/126 71/101/124 72/103/127
f 76/102/126 72/103/127 75/104/128
f 75/104/128 72/103/129 73/105/130
f 75/104/128 73/105/130 74/106/131
f 85/107/24 74/108/24 83/109/24
f 83/109/24 74/108/24 73/110/24
f 83/109/24 73/110/24 82/111/24
f 83/109/24 84/112/24 85/107/24
f 73/113/132 72/114/132 82/115/132
f 82/115/132 72/114/132 71/116/132
f 82/115/132 71/116/132 70/117/132
f 82/115/132 70/117/132 86/118/132
f 86/118/132 70/117/132 69/119/132
f 86/118/132 69/119/132 68/120/132
f 68/120/132 67/121/132 86/118/132
f 86/118/132 67/121/132 66/122/132
f 61/123/133 60/124/134 103/125/135
f 103/125/136 60/124/134 87/126/137
f 103/125/135 87/126/137 102/127/138
f 102/127/138 87/126/137 88/128/139
f 102/127/138 88/128/139 101/129/140
f 101/129/140 88/128/139 89/130/141
f 101/129/140 89/130/141 100/131/142
f 100/131/143 89/130/141 90/132/12
f 100/131/144 90/132/12 99/133/145
f 99/133/145 90/132/12 91/134/146
f 99/133/145 91/134/147 98/135/148
f 98/135/149 91/134/147 92/136/150
f 98/135/149 92/136/150 97/137/151
f 97/137/152 92/136/153 93/138/154
f 97/137/152 93/138/154 96/139/155
f 96/139/155 93/138/156 94/140/157
f 96/139/155 94/140/157 95/141/158
f 62/142/159 61/143/160 112/144/161
f 112/144/162 61/143/163 103/145/164
f 112/144/162 103/145/164 111/146/165
f 111/146/165 103/145/164 102/147/166
f 111/146/167 102/147/168 110/148/169
f 110/148/170 102/147/171 101/149/172
f 110/148/173 101/149/174 109/150/175
f 109/150/176 101/149/177 100/151/178
f 109/150/179 100/151/178 99/152/180
f 109/150/181 99/152/182 108/153/183
f 108/153/184 99/152/185 98/154/186
f 108/153/187 98/154/188 107/155/189
f 107/155/189 98/154/190 97/156/191
f 107/155/192 97/156/193 106/157/194
f 106/157/194 97/156/193 96/158/195
f 106/157/196 96/158/197 105/159/198
f 105/159/198 96/158/197 95/160/199
f 105/159/200 95/160/201 104/161/202
f 113/162/203 114/163/204 131/164/205
f 131/164/205 114/163/206 130/165/207
f 130/165/207 114/163/204 115/166/208
f 130/165/207 115/166/208 129/167/209
f 129/167/209 115/166/208 116/168/210
f 129/167/209 116/168/211 128/169/212
f 128/169/213 116/168/214 117/170/215
f 128/169/212 117/170/215 127/171/216
f 127/171/216 117/170/215 118/172/61
f 127/171/216 118/172/61 126/173/217
f 126/173/217 118/172/61 119/174/218
f 126/173/219 119/174/220 125/175/221
f 125/175/221 119/174/218 120/176/222
f 125/175/221 120/176/222 124/177/223
f 124/177/224 120/176/222 121/178/225
f 124/177/226 121/178/225 123/179/227
f 123/179/227 121/178/225 85/180/228
f 123/179/229 85/180/228 84/181/230
f 84/181/231 122/182/232 123/179/227
f 130/183/132 139/184/132 131/185/132
f 131/185/132 139/184/132 140/186/132
f 131/185/132 140/186/132 141/187/132
f 139/184/132 130/183/132 138/188/132
f 138/188/132 130/183/132 129/189/132
f 138/188/132 129/189/132 137/190/132
f 137/190/132 129/189/132 128/191/132
f 137/190/132 128/191/132 127/192/132
f 137/190/132 127/192/132 136/193/132
f 136/193/132 127/192/132 126/194/132
f 136/193/132 126/194/132 125/195/132
f 125/195/132 124/196/132 136/193/132
f 136/193/132 124/196/132 135/197/132
f 135/197/132 124/196/132 123/198/132
f 135/197/132 123/198/132 134/199/132
f 134/199/132 123/198/132 122/200/132
f 134/199/132 122/200/132 133/201/132
f 133/201/132 122/200/132 132/202/132
f 19/203/233 18/204/234 152/205/235
f 152/205/235 18/204/234 151/206/236
f 151/206/237 18/204/234 29/207/238
f 151/206/237 29/207/239 150/208/240
f 150/208/241 29/207/239 28/209/242
f 150/208/240 28/209/242 149/210/243
f 149/210/243 28/209/242 27/211/244
f 149/210/245 27/211/246 148/212/247
f 148/212/248 27/211/244 26/213/12
f 148/212/248 26/213/12 147/214/249
f 147/214/249 26/213/12 25/215/250
f 147/214/249 25/215/250 146/216/251
f 146/216/252 25/215/250 24/217/253
f 146/216/252 24/217/254 145/218/255
f 145/218/256 24/217/253 23/219/257
f 145/218/255 23/219/257 144/220/258
f 144/220/258 23/219/257 22/221/259
f 144/220/258 22/221/260 142/222/261
f 142/222/261 143/223/262 144/220/258
f 151/224/132 160/225/132 152/226/132
f 152/226/132 160/225/132 161/227/132
f 152/226/132 161/227/132 162/228/132
f 160/225/132 151/224/132 159/229/132
f 159/229/132 151/224/132 150/230/132
f 159/229/132 150/230/132 158/231/132
f 158/231/132 150/230/132 149/232/132
f 158/231/132 149/232/132 148/233/132
f 148/233/132 147/234/132 158/231/132
f 158/231/132 147/234/132 157/235/132
f 157/235/132 147/234/132 146/236/132
f 157/235/132 146/236/132 145/237/132
f 157/235/132 145/237/132 156/238/132
f 156/238/132 145/237/132 144/239/132
f 156/238/132 144/239/132 155/240/132
f 155/240/132 144/239/132 143/241/132
f 155/240/132 143/241/132 154/242/132
f 154/242/132 143/241/132 153/243/132
f 63/244/263 62/245/264 132/246/265
f 132/246/266 62/245/264 133/247/267
f 133/247/267 62/245/264 112/248/268
f 133/247/269 112/248/268 134/249/270
f 134/249/270 112/248/268 111/250/271
f 134/249/270 111/250/271 135/251/272
f 135/251/272 111/250/271 110/252/273
f 135/251/272 110/252/273 136/253/274
f 136/253/274 110/252/275 109/254/276
f 136/253/274 109/254/276 137/255/277
f 137/255/277 109/254/276 108/256/278
f 137/255/279 108/256/278 107/257/280
f 137/255/279 107/257/280 138/258/281
f 138/258/281 107/257/280 106/259/282
f 138/258/281 106/259/282 139/260/283
f 139/260/284 106/259/282 105/261/285
f 139/260/284 105/261/285 140/262/286
f 140/262/286 105/261/287 104/263/288
f 140/262/286 104/263/289 141/264/290
f 141/264/290 104/263/288 163/265/291
f 164/266/292 58/267/293 153/268/294
f 153/268/295 58/267/293 154/269/296
f 154/269/296 58/267/293 57/270/297
f 154/269/296 57/270/297 155/271/298
f 155/271/298 57/270/297 56/272/299
f 155/271/300 56/272/299 156/273/301
f 156/273/301 56/272/299 55/274/302
f 156/273/301 55/274/302 157/275/303
f 157/275/303 55/274/302 54/276/304
f 157/275/303 54/276/304 53/277/305
f 157/275/303 53/277/305 158/278/306
f 158/278/306 53/277/305 52/279/307
f 158/278/306 52/279/308 159/280/309
f 159/280/309 52/279/308 51/281/310
f 159/280/309 51/281/310 160/282/311
f 160/282/311 51/281/310 50/283/312
f 160/282/311 50/283/312 161/284/313
f 161/284/314 50/283/312 49/285/315
f 161/284/314 49/285/315 162/286/316
f 162/286/316 49/285/315 64/287/317
f 114/288/318 65/289/319 115/290/320
f 115/290/321 65/289/319 81/291/322
f 115/290/323 81/291/322 116/292/324
f 116/292/325 81/291/322 80/293/326
f 116/292/327 80/293/326 117/294/328
f 117/294/328 80/293/326 79/295/329
f 117/294/330 79/295/331 118/296/332
f 118/296/333 79/295/329 78/297/333
f 118/296/334 78/297/334 77/298/335
f 118/296/336 77/298/337 119/299/338
f 119/299/338 77/298/337 76/300/339
f 119/299/340 76/300/341 120/301/342
f 120/301/343 76/300/344 75/302/345
f 120/301/342 75/302/346 121/303/347
f 121/303/348 75/302/349 74/304/350
f 121/303/351 74/304/352 85/305/353
f 122/306/354 169/307/354 132/308/354
f 132/308/354 169/307/354 170/309/354
f 132/308/354 170/309/354 162/310/354
f 162/310/354 170/309/354 152/311/354
f 152/311/354 170/309/354 173/312/354
f 152/311/354 173/312/354 20/313/354
f 84/314/354 83/315/354 122/306/354
f 122/306/354 83/315/354 169/307/354
f 83/315/354 165/316/354 169/307/354
f 169/307/354 165/316/354 168/317/354
f 168/317/354 165/316/354 166/318/354
f 168/317/354 166/318/354 167/319/354
f 170/309/354 171/320/354 173/312/354
f 173/312/354 171/320/354 172/321/354
f 20/313/354 19/322/354 152/311/354
f 162/310/354 64/323/354 132/308/354
f 132/308/354 64/323/354 63/324/354
f 22/325/355 10/326/355 175/327/355
f 175/327/355 10/326/355 9/328/355
f 175/327/355 9/328/355 174/329/355
f 175/327/355 142/330/355 22/325/355
f 86/331/355 66/332/355 176/333/355
f 176/333/355 66/332/355 65/334/355
f 176/333/355 65/334/355 114/335/355
f 114/335/355 113/336/355 176/333/355
f 31/337/355 30/338/355 177/339/355
f 177/339/355 30/338/355 95/340/355
f 177/339/355 95/340/355 94/341/355
f 95/340/355 30/338/355 104/342/355
f 104/342/355 30/338/355 58/343/355
f 104/342/355 58/343/355 164/344/355
f 164/344/355 163/345/355 104/342/355
f 9/346/132 8/347/132 174/348/132
f 174/348/132 8/347/132 7/349/132
f 174/348/132 7/349/132 6/350/132
f 6/350/132 5/351/132 174/348/132
f 174/348/132 5/351/132 21/352/132
f 21/352/132 5/351/132 4/353/132
f 21/352/132 4/353/132 3/354/132
f 3/354/132 2/355/132 21/352/132
f 179/356/356 224/357/357 178/358/24
f 178/358/24 224/357/357 59/359/24
f 178/360/24 59/361/24 225/362/358
f 224/357/359 179/356/356 223/363/360
f 223/363/360 179/356/361 180/364/362
f 223/363/360 180/364/363 222/365/364
f 222/365/365 180/364/363 181/366/366
f 222/365/365 181/366/367 221/367/368
f 221/367/368 181/366/369 182/368/370
f 221/367/371 182/368/370 220/369/372
f 220/369/373 182/368/370 183/370/374
f 220/369/373 183/370/374 219/371/375
f 219/371/375 183/370/374 184/372/376
f 219/371/375 184/372/376 218/373/377
f 218/373/377 184/372/376 185/374/378
f 218/373/377 185/374/379 217/375/380
f 217/375/381 185/374/382 186/376/383
f 217/375/381 186/376/383 216/377/384
f 216/377/385 186/376/383 187/378/386
f 216/377/385 187/378/386 215/379/387
f 215/379/387 187/378/388 188/380/389
f 215/379/387 188/380/390 214/381/391
f 214/381/391 188/380/390 213/382/392
f 213/382/392 188/380/390 189/383/393
f 213/382/392 189/383/393 212/384/394
f 212/384/395 189/383/396 190/385/397
f 212/384/398 190/385/397 211/386/399
f 211/386/399 190/385/397 191/387/400
f 211/386/401 191/387/402 210/388/403
f 210/388/404 191/387/405 192/389/406
f 210/388/404 192/389/406 209/390/407
f 209/390/407 192/389/406 193/391/408
f 209/390/407 193/391/408 177/392/355
f 177/392/355 193/391/408 194/393/409
f 177/392/355 194/393/409 240/394/410
f 240/394/410 194/393/409 195/395/411
f 240/394/412 195/395/411 239/396/413
f 239/396/413 195/395/411 196/397/414
f 239/396/413 196/397/414 238/398/415
f 238/398/416 196/397/417 197/399/418
f 238/398/416 197/399/418 237/400/419
f 237/400/419 197/399/418 198/401/420
f 237/400/419 198/401/420 236/402/421
f 236/402/421 198/401/420 199/403/422
f 236/402/421 199/403/422 235/404/423
f 235/404/423 199/403/424 234/405/425
f 234/405/425 199/403/422 200/406/426
f 234/405/425 200/406/427 233/407/428
f 233/407/428 200/406/427 201/408/429
f 233/407/430 201/408/431 232/409/432
f 232/409/432 201/408/431 202/410/433
f 232/409/434 202/410/433 231/411/435
f 231/411/435 202/410/436 203/412/437
f 231/411/435 203/412/438 230/413/439
f 230/413/439 203/412/438 204/414/440
f 230/413/439 204/414/440 229/415/441
f 229/415/441 204/414/440 205/416/442
f 229/415/441 205/416/442 228/417/443
f 228/417/443 205/416/442 206/418/444
f 228/417/443 206/418/445 227/419/446
f 227/419/446 206/418/447 207/420/448
f 227/419/449 207/420/448 226/421/450
f 226/421/450 207/420/451 208/422/452
f 226/421/450 208/422/453 225/362/358
f 225/362/358 208/422/452 178/360/24
f 93/423/132 214/424/132 94/425/132
f 94/425/132 214/424/132 213/426/132
f 94/425/132 213/426/132 212/427/132
f 214/424/132 93/423/132 215/428/132
f 215/428/132 93/423/132 92/429/132
f 215/428/132 92/429/132 91/430/132
f 215/428/132 91/430/132 216/431/132
f 216/431/132 91/430/132 90/432/132
f 216/431/132 90/432/132 217/433/132
f 217/433/132 90/432/132 89/434/132
f 217/433/132 89/434/132 218/435/132
f 218/435/132 89/434/132 88/436/132
f 218/435/132 88/436/132 87/437/132
f 218/435/132 87/437/132 219/438/132
f 219/438/132 87/437/132 60/439/132
f 219/438/132 60/439/132 220/440/132
f 220/440/132 60/439/132 221/441/132
f 221/441/132 60/439/132 222/442/132
f 222/442/132 60/439/132 223/443/132
f 223/443/132 60/439/132 224/444/132
f 224/444/132 60/439/132 59/445/132
f 212/427/132 211/446/132 94/425/132
f 94/425/132 211/446/132 210/447/132
f 94/425/132 210/447/132 209/448/132
f 209/448/132 177/449/132 94/425/132
f 38/450/132 230/451/132 39/452/132
f 39/452/132 230/451/132 229/453/132
f 39/452/132 229/453/132 228/454/132
f 230/451/132 38/450/132 231/455/132
f 231/455/132 38/450/132 37/456/132
f 231/455/132 37/456/132 36/457/132
f 231/455/132 36/457/132 232/458/132
f 232/458/132 36/457/132 35/459/132
f 232/458/132 35/459/132 233/460/132
f 233/460/132 35/459/132 34/461/132
f 233/460/132 34/461/132 234/462/132
f 234/462/132 34/461/132 33/463/132
f 234/462/132 33/463/132 32/464/132
f 234/462/132 32/464/132 235/465/132
f 235/465/132 32/464/132 31/466/132
f 235/465/132 31/466/132 236/467/132
f 236/467/132 31/466/132 237/468/132
f 237/468/132 31/466/132 238/469/132
f 238/469/132 31/466/132 239/470/132
f 239/470/132 31/466/132 240/471/132
f 240/471/132 31/466/132 177/449/132
f 228/454/132 227/472/132 39/452/132
f 39/452/132 227/472/132 226/473/132
f 39/452/132 226/473/132 225/474/132
f 225/474/132 59/445/132 39/452/132
f 242/475/454 179/476/454 241/477/455
f 241/477/455 179/476/454 178/478/455
f 241/479/456 178/480/456 271/481/457
f 271/481/457 178/480/456 208/482/457
f 271/481/458 208/482/458 270/483/459
f 270/483/459 208/482/458 207/484/459
f 270/483/460 207/484/460 269/485/461
f 269/485/461 207/484/460 206/486/461
f 269/485/462 206/486/462 268/487/463
f 268/487/463 206/486/462 205/488/463
f 268/487/464 205/488/464 267/489/465
f 267/489/465 205/488/466 204/490/465
f 267/489/467 204/490/467 266/491/468
f 266/491/468 204/490/467 203/492/468
f 266/491/469 203/492/469 265/493/470
f 265/493/470 203/492/469 202/494/470
f 265/493/471 202/494/471 264/495/472
f 264/495/472 202/494/471 201/496/472
f 264/495/473 201/496/473 263/497/474
f 263/497/474 201/496/473 200/498/474
f 263/497/475 200/498/475 262/499/476
f 262/499/476 200/498/475 199/500/476
f 262/499/477 199/500/477 261/501/478
f 261/501/479 199/500/477 198/502/479
f 261/501/480 198/502/480 260/503/481
f 260/503/481 198/502/480 197/504/481
f 260/503/482 197/504/482 259/505/483
f 259/505/483 197/504/482 196/506/483
f 259/505/484 196/506/484 258/507/485
f 258/507/485 196/506/484 195/508/485
f 258/507/486 195/508/486 257/509/487
f 257/509/487 195/508/486 194/510/487
f 257/509/488 194/510/488 256/511/489
f 256/511/489 194/510/488 193/512/489
f 256/511/490 193/512/490 255/513/491
f 255/513/491 193/512/490 192/514/491
f 255/513/492 192/514/492 254/515/493
f 254/515/493 192/514/492 191/516/493
f 254/515/494 191/516/494 253/517/495
f 253/517/495 191/516/494 190/518/495
f 253/517/496 190/518/496 252/519/497
f 252/519/497 190/518/496 189/520/497
f 252/519/498 189/520/498 251/521/499
f 251/521/499 189/520/498 188/522/499
f 251/521/500 188/522/500 250/523/501
f 250/523/501 188/522/500 187/524/501
f 250/523/502 187/524/502 249/525/503
f 249/525/503 187/524/502 186/526/503
f 249/525/504 186/526/504 248/527/505
f 248/527/505 186/526/504 185/528/505
f 248/527/506 185/528/506 247/529/507
f 247/529/507 185/528/506 184/530/507
f 247/529/508 184/530/508 246/531/509
f 246/531/509 184/530/508 183/532/509
f 246/531/510 183/532/510 245/533/511
f 245/533/511 183/532/510 182/534/511
f 245/533/512 182/534/512 244/535/513
f 244/535/513 182/534/512 181/536/513
f 244/535/514 181/536/514 243/537/515
f 243/537/515 181/536/514 180/538/515
f 243/537/516 180/538/516 242/475/517
f 242/475/517 180/538/516 179/476/517
f 167/539/518 166/540/518 273/541/518
f 273/541/518 166/540/518 272/542/518
f 165/543/24 274/544/24 166/545/24
f 166/545/24 274/544/24 272/546/24
f 165/547/519 83/548/519 274/549/519
f 274/549/519 83/548/519 82/550/519
f 173/551/520 172/552/520 276/553/520
f 276/553/520 172/552/520 275/554/520
f 275/555/521 172/556/521 277/557/521
f 277/557/521 172/556/521 171/558/521
f 20/559/522 173/560/522 21/561/522
f 21/561/523 173/560/523 276/562/523
f 278/563/524 277/564/524 170/565/524
f 170/565/525 277/564/525 171/566/525
f 279/567/521 278/568/521 169/569/521
f 169/569/521 278/568/521 170/570/521
f 280/571/526 279/572/526 168/573/526
f 168/573/526 279/572/526 169/574/526
f 273/575/521 280/576/521 167/577/521
f 167/577/521 280/576/521 168/578/521
f 282/579/36 273/580/36 281/581/36
f 281/581/36 273/580/36 272/352/36
f 281/581/36 272/352/36 311/582/36
f 311/582/36 272/352/36 310/583/36
f 310/583/36 272/352/36 309/584/36
f 309/584/36 272/352/36 308/585/36
f 308/585/36 272/352/36 307/586/36
f 307/586/36 272/352/36 306/587/36
f 306/587/36 272/352/36 305/588/36
f 305/588/527 272/352/527 304/589/527
f 304/589/36 272/352/36 312/348/36
f 304/589/36 312/348/36 303/590/36
f 303/590/36 312/348/36 302/591/36
f 302/591/36 312/348/36 301/592/36
f 301/592/36 312/348/36 300/593/36
f 300/593/36 312/348/36 299/594/36
f 299/594/36 312/348/36 298/595/36
f 298/595/36 312/348/36 297/596/36
f 297/596/36 312/348/36 313/597/36
f 297/596/36 313/597/36 296/598/36
f 296/598/36 313/597/36 295/599/36
f 295/599/36 313/597/36 294/600/36
f 294/600/36 313/597/36 293/601/36
f 293/601/36 313/597/36 292/602/36
f 292/602/36 313/597/36 291/603/36
f 291/603/36 313/597/36 290/604/36
f 290/604/36 313/597/36 289/605/36
f 289/605/36 313/597/36 273/580/36
f 289/605/36 273/580/36 288/606/36
f 288/606/36 273/580/36 287/607/36
f 287/607/36 273/580/36 286/608/36
f 286/608/36 273/580/36 285/609/36
f 285/609/36 273/580/36 284/610/36
f 284/610/36 273/580/36 283/611/36
f 283/611/36 273/580/36 282/579/36
f 272/612/132 274/352/132 312/613/132
f 312/613/132 274/352/132 314/348/132
f 274/614/528 82/352/528 314/615/528
f 314/615/528 82/352/528 86/348/528
f 21/616/529 276/352/529 174/617/529
f 174/617/529 276/352/529 315/348/529
f 317/618/334 372/619/334 316/620/334
f 316/620/334 372/619/334 373/621/334
f 316/620/334 373/621/334 327/622/334
f 327/622/334 373/621/334 276/623/334
f 327/622/334 276/623/334 326/624/334
f 326/624/334 276/623/334 325/625/334
f 325/625/334 276/623/334 275/626/334
f 325/625/334 275/626/334 324/627/334
f 324/627/334 275/626/334 323/628/334
f 323/628/334 275/626/334 385/629/334
f 323/628/334 385/629/334 322/630/334
f 322/630/334 385/629/334 386/631/334
f 322/630/334 386/631/334 321/632/334
f 321/632/334 386/631/334 387/633/334
f 321/632/334 387/633/334 320/634/334
f 320/634/334 387/633/334 376/635/334
f 320/634/334 376/635/334 319/636/334
f 319/636/334 376/635/334 377/637/334
f 319/636/334 377/637/334 369/638/334
f 369/638/334 377/637/334 351/639/334
f 369/638/334 351/639/334 335/640/334
f 335/640/334 351/639/334 361/641/334
f 335/640/334 361/641/334 334/642/334
f 334/642/334 361/641/334 362/643/334
f 334/642/334 362/643/334 333/644/334
f 333/644/334 362/643/334 363/645/334
f 333/644/334 363/645/334 332/646/334
f 332/646/334 363/645/334 352/647/334
f 332/646/334 352/647/334 331/648/334
f 331/648/334 352/647/334 353/649/334
f 331/648/334 353/649/334 315/650/334
f 315/650/334 353/649/334 354/651/334
f 315/650/334 354/651/334 355/652/334
f 372/619/334 317/618/334 371/653/334
f 371/653/334 317/618/334 318/654/334
f 371/653/334 318/654/334 370/655/334
f 370/655/334 318/654/334 319/636/334
f 370/655/334 319/636/334 369/638/334
f 339/656/334 328/657/334 315/650/334
f 315/650/334 328/657/334 329/658/334
f 315/650/334 329/658/334 330/659/334
f 330/659/334 331/648/334 315/650/334
f 369/638/334 335/640/334 368/660/334
f 368/660/334 335/640/334 336/661/334
f 368/660/334 336/661/334 367/662/334
f 367/662/334 336/661/334 337/663/334
f 367/662/334 337/663/334 366/664/334
f 366/664/334 337/663/334 338/665/334
f 366/664/334 338/665/334 365/666/334
f 365/666/334 338/665/334 339/656/334
f 365/666/334 339/656/334 276/623/334
f 276/623/334 339/656/334 315/650/334
f 341/667/334 360/668/334 340/669/334
f 340/669/334 360/668/334 361/641/334
f 340/669/334 361/641/334 351/639/334
f 360/668/334 341/667/334 359/670/334
f 359/670/334 341/667/334 342/671/334
f 359/670/334 342/671/334 358/672/334
f 358/672/334 342/671/334 343/673/334
f 358/672/334 343/673/334 357/674/334
f 357/674/334 343/673/334 388/675/334
f 357/674/334 388/675/334 356/676/334
f 356/676/334 388/675/334 355/652/334
f 355/652/334 388/675/334 315/650/334
f 343/673/334 344/677/334 388/675/334
f 388/675/334 344/677/334 345/678/334
f 388/675/334 345/678/334 346/679/334
f 346/679/334 347/680/334 388/675/334
f 388/675/334 347/680/334 381/681/334
f 388/675/334 381/681/334 275/626/334
f 275/626/334 381/681/334 382/682/334
f 275/626/334 382/682/334 383/683/334
f 381/681/334 347/680/334 380/684/334
f 380/684/334 347/680/334 348/685/334
f 380/684/334 348/685/334 379/686/334
f 379/686/334 348/685/334 349/687/334
f 379/686/334 349/687/334 378/688/334
f 378/688/334 349/687/334 350/689/334
f 378/688/334 350/689/334 377/637/334
f 377/637/334 350/689/334 351/639/334
f 375/690/334 364/691/334 276/623/334
f 276/623/334 364/691/334 365/666/334
f 373/621/334 374/692/334 276/623/334
f 276/623/334 374/692/334 375/690/334
f 383/683/334 384/693/334 275/626/334
f 275/626/334 384/693/334 385/629/334
f 313/694/530 390/695/530 389/696/530
f 389/696/530 390/695/530 391/697/530
f 313/698/531 312/699/531 390/700/531
f 390/700/531 312/699/531 392/701/531
f 312/702/355 314/703/355 392/704/355
f 392/704/355 314/703/355 393/705/355
f 86/706/532 176/707/532 314/708/532
f 314/708/532 176/707/532 393/709/532
f 395/710/533 315/554/533 394/711/533
f 394/711/533 315/554/533 388/553/533
f 315/712/534 395/713/534 174/714/534
f 174/714/535 395/713/535 175/715/535
f 396/716/530 394/717/530 397/718/530
f 397/718/530 394/717/530 388/719/530
f 396/720/536 397/721/536 398/722/536
f 398/722/537 397/721/537 399/723/537
f 398/724/530 399/725/530 400/726/530
f 400/726/530 399/725/530 401/727/530
f 400/728/538 401/729/538 391/730/538
f 391/730/538 401/729/538 389/731/538
f 280/732/539 273/352/539 389/733/539
f 389/733/539 273/352/539 313/348/539
f 279/734/540 280/352/540 401/735/540
f 401/735/540 280/352/540 389/348/540
f 279/352/539 462/736/539 278/737/539
f 278/737/539 462/736/539 463/738/539
f 278/737/539 463/738/539 464/739/539
f 401/348/539 427/740/539 279/352/539
f 279/352/539 427/740/539 428/741/539
f 279/352/539 428/741/539 429/742/539
f 399/743/539 410/744/539 401/348/539
f 401/348/539 410/744/539 411/745/539
f 401/348/539 411/745/539 485/746/539
f 485/746/539 411/745/539 412/747/539
f 485/746/539 412/747/539 484/748/539
f 484/748/539 412/747/539 413/749/539
f 484/748/539 413/749/539 414/750/539
f 278/737/539 450/751/539 399/743/539
f 399/743/539 450/751/539 451/752/539
f 399/743/539 451/752/539 452/753/539
f 403/754/539 458/755/539 402/756/539
f 402/756/539 458/755/539 459/757/539
f 402/756/539 459/757/539 480/758/539
f 480/758/539 459/757/539 479/759/539
f 479/759/539 459/757/539 460/760/539
f 479/759/539 460/760/539 423/761/539
f 423/761/539 460/760/539 441/762/539
f 423/761/539 441/762/539 422/763/539
f 422/763/539 441/762/539 442/764/539
f 422/763/539 442/764/539 421/765/539
f 421/765/539 442/764/539 443/766/539
f 421/765/539 443/766/539 469/767/539
f 469/767/539 443/766/539 444/768/539
f 469/767/539 444/768/539 468/769/539
f 468/769/539 444/768/539 445/770/539
f 468/769/539 445/770/539 467/771/539
f 467/771/539 445/770/539 446/772/539
f 467/771/539 446/772/539 466/773/539
f 466/773/539 446/772/539 432/774/539
f 466/773/539 432/774/539 465/775/539
f 465/775/539 432/774/539 278/737/539
f 465/775/539 278/737/539 464/739/539
f 458/755/539 403/754/539 457/776/539
f 457/776/539 403/754/539 404/777/539
f 457/776/539 404/777/539 456/778/539
f 456/778/539 404/777/539 405/779/539
f 456/778/539 405/779/539 455/780/539
f 455/780/539 405/779/539 406/781/539
f 455/780/539 406/781/539 454/782/539
f 454/782/539 406/781/539 407/783/539
f 454/782/539 407/783/539 399/743/539
f 399/743/539 407/783/539 408/784/539
f 399/743/539 408/784/539 409/785/539
f 409/785/539 410/744/539 399/743/539
f 484/748/539 414/750/539 483/786/539
f 483/786/539 414/750/539 415/787/539
f 483/786/539 415/787/539 482/788/539
f 482/788/539 415/787/539 416/789/539
f 482/788/539 416/789/539 481/790/539
f 481/790/539 416/789/539 402/756/539
f 481/790/539 402/756/539 480/758/539
f 418/791/539 473/792/539 417/793/539
f 417/793/539 473/792/539 474/794/539
f 417/793/539 474/794/539 475/795/539
f 473/792/539 418/791/539 472/796/539
f 472/796/539 418/791/539 419/797/539
f 472/796/539 419/797/539 471/798/539
f 471/798/539 419/797/539 420/799/539
f 471/798/539 420/799/539 470/800/539
f 470/800/539 420/799/539 421/765/539
f 470/800/539 421/765/539 469/767/539
f 479/759/539 423/761/539 478/801/539
f 478/801/539 423/761/539 424/802/539
f 478/801/539 424/802/539 477/803/539
f 477/803/539 424/802/539 425/804/539
f 477/803/539 425/804/539 491/805/539
f 491/805/539 425/804/539 426/806/539
f 491/805/539 426/806/539 490/807/539
f 490/807/539 426/806/539 427/740/539
f 490/807/539 427/740/539 489/808/539
f 489/808/539 427/740/539 401/348/539
f 489/808/539 401/348/539 488/809/539
f 488/809/539 401/348/539 487/810/539
f 487/810/539 401/348/539 486/811/539
f 486/811/539 401/348/539 485/746/539
f 429/742/539 430/812/539 279/352/539
f 279/352/539 430/812/539 431/813/539
f 279/352/539 431/813/539 475/795/539
f 475/795/539 431/813/539 417/793/539
f 432/774/539 433/814/539 278/737/539
f 278/737/539 433/814/539 434/815/539
f 278/737/539 434/815/539 435/816/539
f 435/816/539 436/817/539 278/737/539
f 278/737/539 436/817/539 450/751/539
f 436/817/539 437/818/539 450/751/539
f 450/751/539 437/818/539 449/819/539
f 449/819/539 437/818/539 438/820/539
f 449/819/539 438/820/539 448/821/539
f 448/821/539 438/820/539 439/822/539
f 448/821/539 439/822/539 447/823/539
f 447/823/539 439/822/539 440/824/539
f 447/823/539 440/824/539 461/825/539
f 461/825/539 440/824/539 441/762/539
f 461/825/539 441/762/539 460/760/539
f 452/753/539 453/826/539 399/743/539
f 399/743/539 453/826/539 454/782/539
f 475/795/539 476/827/539 279/352/539
f 279/352/539 476/827/539 462/736/539
f 278/352/541 526/828/541 277/829/541
f 277/829/542 526/828/542 527/830/542
f 277/829/541 527/830/541 528/831/541
f 399/348/541 552/832/541 278/352/541
f 278/352/543 552/832/543 553/833/543
f 278/352/544 553/833/544 554/834/544
f 397/835/541 548/836/541 399/348/541
f 399/348/545 548/836/545 549/837/545
f 399/348/542 549/837/542 550/838/542
f 277/829/546 500/839/546 397/835/546
f 397/835/546 500/839/546 574/840/546
f 397/835/546 574/840/546 575/841/546
f 493/842/542 532/843/542 492/844/542
f 492/844/541 532/843/541 533/845/541
f 492/844/547 533/845/547 506/846/542
f 506/846/542 533/845/542 561/847/542
f 506/846/541 561/847/541 568/848/541
f 568/848/541 561/847/541 513/849/541
f 568/848/548 513/849/548 541/850/548
f 541/850/548 513/849/548 514/851/548
f 541/850/549 514/851/549 540/852/549
f 540/852/546 514/851/546 515/853/546
f 540/852/550 515/853/550 539/854/550
f 539/854/551 515/853/551 516/855/551
f 539/854/541 516/855/552 538/856/542
f 538/856/547 516/855/547 517/857/547
f 538/856/552 517/857/552 537/858/552
f 537/858/541 517/857/541 518/859/541
f 537/858/542 518/859/542 551/860/542
f 551/860/543 518/859/543 399/348/543
f 551/860/550 399/348/550 550/838/553
f 532/843/541 493/842/541 531/861/541
f 531/861/554 493/842/552 494/862/552
f 531/861/555 494/862/555 530/863/555
f 530/863/556 494/862/556 495/864/556
f 530/863/543 495/864/543 529/865/543
f 529/865/557 495/864/552 496/866/552
f 529/865/558 496/866/558 528/831/558
f 528/831/542 496/866/542 277/829/542
f 496/866/542 497/867/542 277/829/542
f 277/829/559 497/867/559 498/868/559
f 277/829/560 498/868/560 499/869/560
f 499/869/546 500/839/546 277/829/546
f 574/840/561 500/839/561 573/870/561
f 573/870/561 500/839/561 501/871/561
f 573/870/541 501/871/541 502/872/541
f 573/870/541 502/872/541 572/873/541
f 572/873/541 502/872/541 503/874/541
f 572/873/541 503/874/541 571/875/541
f 571/875/562 503/874/562 570/876/562
f 570/876/562 503/874/562 504/877/562
f 570/876/546 504/877/546 569/878/546
f 569/878/546 504/877/546 505/879/546
f 569/878/551 505/879/551 506/846/551
f 508/880/541 552/832/541 507/881/541
f 507/881/541 552/832/541 399/348/541
f 507/881/543 399/348/543 521/882/543
f 521/882/546 399/348/563 520/883/563
f 520/883/543 399/348/543 519/884/543
f 519/884/543 399/348/543 518/859/543
f 509/885/541 565/886/541 508/880/541
f 508/880/564 565/886/541 566/887/564
f 508/880/551 566/887/551 552/832/551
f 565/886/543 509/885/543 564/888/543
f 564/888/543 509/885/543 510/889/543
f 564/888/543 510/889/543 563/890/543
f 563/890/543 510/889/543 511/891/543
f 563/890/541 511/891/541 512/892/541
f 563/890/541 512/892/541 562/893/541
f 562/893/565 512/892/565 513/849/565
f 562/893/565 513/849/565 561/847/551
f 523/894/548 556/895/548 522/896/548
f 522/896/541 556/895/541 557/897/541
f 522/896/566 557/897/566 536/898/566
f 536/898/555 557/897/555 558/899/555
f 536/898/567 558/899/567 535/900/567
f 535/900/551 558/899/551 559/901/551
f 535/900/549 559/901/549 534/902/549
f 534/902/546 559/901/546 560/903/546
f 534/902/545 560/903/545 533/845/545
f 533/845/542 560/903/542 561/847/542
f 556/895/543 523/894/543 278/352/543
f 278/352/568 523/894/568 524/904/549
f 278/352/548 524/904/548 525/905/548
f 525/905/569 526/828/569 278/352/569
f 568/848/555 541/850/555 567/906/548
f 567/906/541 541/850/541 542/907/541
f 567/906/548 542/907/548 581/908/548
f 581/908/541 542/907/541 543/909/541
f 581/908/566 543/909/570 580/910/570
f 580/910/547 543/909/547 544/911/547
f 580/910/542 544/911/549 579/912/549
f 579/912/543 544/911/543 545/913/543
f 579/912/571 545/913/571 578/914/571
f 578/914/572 545/913/572 546/915/572
f 578/914/548 546/915/548 397/835/548
f 397/835/541 546/915/541 547/916/541
f 397/835/548 547/916/548 548/836/548
f 554/834/543 555/917/543 278/352/543
f 278/352/543 555/917/543 556/895/543
f 568/848/573 569/878/573 506/846/573
f 575/841/574 576/918/565 397/835/574
f 397/835/559 576/918/559 577/919/559
f 397/835/548 577/919/548 578/914/548
f 277/920/539 397/921/539 275/922/539
f 275/922/539 397/921/539 388/923/539
f 163/924/575 164/925/575 141/926/575
f 141/926/575 164/925/575 153/927/575
f 141/926/575 153/927/575 398/928/575
f 398/928/575 153/927/575 143/929/575
f 398/928/575 143/929/575 395/930/575
f 395/930/575 143/929/575 175/931/575
f 175/931/575 143/929/575 142/932/575
f 394/933/575 396/934/575 395/930/575
f 395/930/575 396/934/575 398/928/575
f 398/928/575 400/935/575 141/926/575
f 141/926/575 400/935/575 131/936/575
f 131/936/575 400/935/575 176/937/575
f 131/936/575 176/937/575 113/938/575
f 176/937/575 400/935/575 393/939/575
f 393/939/575 400/935/575 391/940/575
f 393/939/575 391/940/575 392/319/575
f 392/319/575 391/940/575 390/318/575
f 583/941/576 635/942/576 582/943/577
f 582/943/577 635/942/576 609/944/577
f 582/945/578 609/946/578 608/947/579
f 608/947/579 609/946/578 610/948/579
f 608/947/580 610/948/580 607/949/581
f 607/949/581 610/948/580 611/950/581
f 607/949/582 611/950/582 606/951/583
f 606/951/583 611/950/582 612/952/583
f 606/951/584 612/952/584 605/953/585
f 605/953/585 612/952/584 613/954/585
f 605/953/586 613/954/586 604/955/587
f 604/955/587 613/954/586 614/956/587
f 604/955/588 614/956/588 603/957/589
f 603/957/589 614/956/588 615/958/589
f 603/957/590 615/958/590 602/959/591
f 602/959/591 615/958/590 616/960/591
f 602/959/592 616/960/592 601/961/593
f 601/961/593 616/960/592 617/962/593
f 601/961/594 617/962/594 600/963/595
f 600/963/595 617/962/594 618/964/595
f 600/963/596 618/964/596 599/965/597
f 599/965/597 618/964/596 619/966/597
f 599/965/598 619/966/598 598/967/599
f 598/967/599 619/966/598 620/968/599
f 598/967/600 620/968/600 597/969/601
f 597/969/601 620/968/600 621/970/601
f 597/969/602 621/970/602 596/971/603
f 596/971/603 621/970/602 622/972/603
f 596/971/604 622/972/604 595/973/605
f 595/973/605 622/972/604 623/974/605
f 595/973/606 623/974/606 594/975/607
f 594/975/607 623/974/606 624/976/607
f 594/975/608 624/976/608 593/977/609
f 593/977/609 624/976/608 625/978/609
f 593/977/610 625/978/610 592/979/611
f 592/979/611 625/978/610 626/980/611
f 592/979/612 626/980/612 591/981/613
f 591/981/613 626/980/612 627/982/613
f 591/981/614 627/982/614 590/983/615
f 590/983/615 627/982/614 628/984/615
f 590/983/616 628/984/616 589/985/617
f 589/985/617 628/984/616 629/986/617
f 589/985/618 629/986/618 588/987/619
f 588/987/619 629/986/618 630/988/619
f 588/987/620 630/988/620 587/989/621
f 587/989/621 630/988/620 631/990/621
f 587/989/622 631/990/622 586/991/623
f 586/991/623 631/990/622 632/992/623
f 586/991/624 632/992/624 585/993/625
f 585/993/625 632/992/624 633/994/625
f 585/993/626 633/994/626 584/995/627
f 584/995/628 633/994/626 634/996/628
f 584/995/629 634/996/629 583/941/630
f 583/941/630 634/996/629 635/942/630
f 582/997/36 608/998/36 583/999/36
f 583/999/36 608/998/36 584/1000/36
f 584/1000/36 608/998/36 607/1001/36
f 584/1000/36 607/1001/36 585/1002/36
f 585/1002/36 607/1001/36 606/1003/36
f 585/1002/36 606/1003/36 586/1004/36
f 586/1004/36 606/1003/36 605/1005/36
f 586/1004/36 605/1005/36 587/1006/36
f 587/1006/36 605/1005/36 588/1007/36
f 588/1007/36 605/1005/36 589/1008/36
f 589/1008/36 605/1005/36 590/1009/36
f 590/1009/36 605/1005/36 591/1010/36
f 591/1010/36 605/1005/36 592/1011/36
f 592/1011/36 605/1005/36 593/1012/36
f 593/1012/36 605/1005/36 594/1013/36
f 594/1013/36 605/1005/36 595/1014/36
f 595/1014/36 605/1005/36 596/1015/36
f 596/1015/36 605/1005/36 597/1016/36
f 597/1016/36 605/1005/36 598/1017/36
f 598/1017/36 605/1005/36 599/1018/36
f 599/1018/36 605/1005/36 604/1019/36
f 599/1018/36 604/1019/36 600/1020/36
f 600/1020/36 604/1019/36 601/1021/36
f 601/1021/36 604/1019/36 603/1022/36
f 601/1021/36 603/1022/36 602/1023/36
f 637/476/631 282/1024/631 636/478/577
f 636/478/577 282/1024/631 281/1025/577
f 636/480/578 281/1026/578 666/482/632
f 666/482/632 281/1026/578 311/1027/632
f 666/482/633 311/1027/633 665/484/634
f 665/484/635 311/1027/636 310/1028/635
f 665/484/637 310/1028/637 664/486/638
f 664/486/639 310/1028/637 309/1029/639
f 664/486/640 309/1029/640 663/488/641
f 663/488/642 309/1029/643 308/1030/641
f 663/488/644 308/1030/644 662/490/645
f 662/490/645 308/1030/644 307/1031/645
f 662/490/646 307/1031/646 661/492/647
f 661/492/647 307/1031/646 306/1032/647
f 661/492/648 306/1032/648 660/494/649
f 660/494/649 306/1032/648 305/1033/649
f 660/494/650 305/1033/650 659/496/651
f 659/496/651 305/1033/650 304/1034/651
f 659/496/652 304/1034/652 658/498/653
f 658/498/653 304/1034/652 303/1035/653
f 658/498/654 303/1035/654 657/500/655
f 657/500/655 303/1035/654 302/1036/655
f 657/500/656 302/1036/656 656/502/657
f 656/502/657 302/1036/656 301/1037/657
f 656/502/658 301/1037/658 655/504/659
f 655/504/659 301/1037/658 300/1038/659
f 655/504/660 300/1038/660 654/506/661
f 654/506/661 300/1038/660 299/1039/661
f 654/506/662 299/1039/662 653/508/663
f 653/508/663 299/1039/662 298/1040/663
f 653/508/664 298/1040/664 652/510/665
f 652/510/665 298/1040/664 297/1041/665
f 652/510/666 297/1041/666 651/512/667
f 651/512/667 297/1041/666 296/1042/667
f 651/512/668 296/1042/668 650/514/669
f 650/514/669 296/1042/668 295/1043/669
f 650/514/670 295/1043/670 649/516/671
f 649/516/671 295/1043/670 294/1044/671
f 649/516/672 294/1044/672 648/518/673
f 648/518/673 294/1044/672 293/1045/673
f 648/518/674 293/1045/674 647/520/675
f 647/520/675 293/1045/674 292/1046/675
f 647/520/676 292/1046/676 646/522/677
f 646/522/677 292/1046/676 291/1047/677
f 646/522/678 291/1047/678 645/524/679
f 645/524/679 291/1047/678 290/1048/679
f 645/524/680 290/1048/680 644/526/681
f 644/526/681 290/1048/680 289/1049/681
f 644/526/682 289/1049/682 643/528/683
f 643/528/683 289/1049/682 288/1050/683
f 643/528/684 288/1050/684 642/530/685
f 642/530/685 288/1050/684 287/1051/685
f 642/530/686 287/1051/686 641/532/687
f 641/532/687 287/1051/686 286/1052/687
f 641/532/688 286/1052/688 640/534/689
f 640/534/689 286/1052/688 285/1053/689
f 640/534/690 285/1053/691 639/536/692
f 639/536/692 285/1053/690 284/1054/693
f 639/536/694 284/1054/694 638/538/695
f 638/538/695 284/1054/694 283/1055/695
f 638/538/696 283/1055/696 637/476/697
f 637/476/698 283/1055/696 282/1024/698
f 635/999/36 637/1056/36 609/997/36
f 609/997/36 637/1056/36 636/1057/36
f 609/997/36 636/1057/36 666/1058/36
f 637/1056/36 635/999/36 638/1059/36
f 638/1059/36 635/999/36 634/1000/36
f 638/1059/36 634/1000/36 639/1060/36
f 639/1060/36 634/1000/36 633/1002/36
f 639/1060/36 633/1002/36 640/1061/36
f 640/1061/36 633/1002/36 632/1004/36
f 640/1061/36 632/1004/36 641/1062/36
f 641/1062/36 632/1004/36 631/1006/36
f 641/1062/36 631/1006/36 642/1063/36
f 642/1063/36 631/1006/36 630/1007/36
f 642/1063/36 630/1007/36 643/1064/36
f 643/1064/36 630/1007/36 629/1008/36
f 643/1064/36 629/1008/36 644/1065/36
f 644/1065/36 629/1008/36 645/1066/36
f 645/1066/36 629/1008/36 628/1009/36
f 645/1066/36 628/1009/36 646/1067/36
f 646/1067/36 628/1009/36 627/1010/36
f 646/1067/36 627/1010/36 647/1068/36
f 647/1068/36 627/1010/36 626/1011/36
f 647/1068/36 626/1011/36 648/1069/36
f 648/1069/36 626/1011/36 625/1012/36
f 648/1069/36 625/1012/36 649/1070/36
f 649/1070/36 625/1012/36 624/1013/36
f 649/1070/36 624/1013/36 650/1071/36
f 650/1071/36 624/1013/36 623/1014/36
f 650/1071/36 623/1014/36 651/1072/36
f 651/1072/36 623/1014/36 652/1073/36
f 652/1073/36 623/1014/36 622/1015/36
f 652/1073/36 622/1015/36 653/1074/36
f 653/1074/36 622/1015/36 621/1016/36
f 653/1074/36 621/1016/36 654/1075/36
f 654/1075/36 621/1016/36 620/1017/36
f 654/1075/36 620/1017/36 655/1076/36
f 655/1076/36 620/1017/36 619/1018/36
f 655/1076/36 619/1018/36 656/1077/36
f 656/1077/36 619/1018/36 618/1020/36
f 656/1077/36 618/1020/36 657/1078/36
f 657/1078/36 618/1020/36 617/1021/36
f 657/1078/36 617/1021/36 658/1079/36
f 658/1079/36 617/1021/36 616/1023/36
f 658/1079/36 616/1023/36 659/1080/36
f 659/1080/36 616/1023/36 660/1081/36
f 660/1081/36 616/1023/36 615/1022/36
f 660/1081/36 615/1022/36 661/1082/36
f 661/1082/36 615/1022/36 614/1019/36
f 661/1082/36 614/1019/36 662/1083/36
f 662/1083/36 614/1019/36 613/1005/36
f 662/1083/36 613/1005/36 663/1084/36
f 663/1084/36 613/1005/36 612/1003/36
f 663/1084/36 612/1003/36 664/1085/36
f 664/1085/36 612/1003/36 611/1001/36
f 664/1085/36 611/1001/36 665/1086/36
f 665/1086/36 611/1001/36 610/998/36
f 665/1086/36 610/998/36 666/1058/36
f 666/1058/36 610/998/36 609/997/36
f 681/1087/539 667/1088/539 688/1089/539
f 688/1089/539 667/1088/539 668/1090/539
f 688/1089/539 668/1090/539 687/1091/539
f 687/1091/539 668/1090/539 669/1092/539
f 687/1091/539 669/1092/539 686/1093/539
f 686/1093/539 669/1092/539 670/1094/539
f 686/1093/539 670/1094/539 685/1095/539
f 685/1095/539 670/1094/539 671/1096/539
f 685/1095/539 671/1096/539 684/1097/539
f 684/1097/539 671/1096/539 672/1098/539
f 684/1097/539 672/1098/539 673/1099/539
f 684/1097/539 673/1099/539 683/1100/539
f 683/1100/539 673/1099/539 674/1101/539
f 683/1100/539 674/1101/539 682/1102/539
f 682/1102/539 674/1101/539 675/1103/539
f 682/1102/539 675/1103/539 693/1104/539
f 693/1104/539 675/1103/539 676/1105/539
f 693/1104/539 676/1105/539 692/1106/539
f 692/1106/539 676/1105/539 677/1107/539
f 692/1106/539 677/1107/539 678/1108/539
f 692/1106/539 678/1108/539 691/1109/539
f 691/1109/539 678/1108/539 679/1110/539
f 691/1109/539 679/1110/539 690/1111/539
f 690/1111/539 679/1110/539 680/1112/539
f 690/1111/539 680/1112/539 689/1113/539
f 689/1113/539 680/1112/539 681/1087/539
f 689/1113/539 681/1087/539 688/1089/539
f 491/1114/699 667/1115/700 477/1116/700
f 477/1116/701 667/1115/701 681/1117/702
f 477/1116/701 681/1117/702 478/1118/702
f 478/1118/703 681/1117/703 680/1119/704
f 478/1118/703 680/1119/704 479/1120/704
f 479/1120/705 680/1119/705 679/1121/706
f 479/1120/705 679/1121/706 480/1122/706
f 480/1122/707 679/1121/707 678/1123/708
f 480/1122/707 678/1123/708 481/1124/708
f 481/1124/709 678/1123/709 677/1125/710
f 481/1124/709 677/1125/710 482/1126/710
f 482/1126/711 677/1125/711 676/1127/712
f 482/1126/711 676/1127/712 483/1128/712
f 483/1128/713 676/1127/713 675/1129/714
f 483/1128/713 675/1129/714 484/1130/714
f 484/1131/715 675/1132/715 674/1133/716
f 484/1131/715 674/1133/716 485/1134/716
f 485/1134/717 674/1133/717 673/1135/718
f 485/1134/717 673/1135/718 486/1136/718
f 486/1136/719 673/1135/719 672/1137/720
f 486/1136/719 672/1137/720 487/1138/720
f 487/1138/721 672/1137/721 671/1139/722
f 487/1138/721 671/1139/722 488/1140/722
f 488/1140/723 671/1139/723 670/1141/724
f 488/1140/723 670/1141/724 489/1142/724
f 489/1142/725 670/1141/725 669/1143/726
f 489/1142/725 669/1143/726 490/1144/726
f 490/1144/727 669/1143/727 668/1145/728
f 490/1144/727 668/1145/728 491/1114/728
f 491/1114/699 668/1145/699 667/1115/700
f 693/1146/729 707/1147/729 682/1148/455
f 682/1148/455 707/1147/729 706/1149/455
f 682/1150/456 706/1151/456 683/1152/730
f 683/1152/730 706/1151/456 717/1153/730
f 683/1152/731 717/1153/731 684/1154/732
f 684/1154/732 717/1153/733 716/1155/732
f 684/1154/721 716/1155/721 685/1156/333
f 685/1156/333 716/1155/721 715/1157/333
f 685/1156/734 715/1157/734 686/1158/735
f 686/1158/735 715/1157/734 714/1159/735
f 686/1158/736 714/1159/736 687/1160/737
f 687/1160/737 714/1159/736 713/1161/737
f 687/1160/738 713/1161/738 688/1162/700
f 688/1162/700 713/1161/738 712/1163/700
f 688/1162/701 712/1163/701 689/1164/739
f 689/1164/739 712/1163/701 711/1165/739
f 689/1164/740 711/1165/740 690/1166/741
f 690/1166/741 711/1165/740 710/1167/741
f 690/1166/742 710/1167/742 691/1168/743
f 691/1168/743 710/1167/742 709/1169/743
f 691/1168/37 709/1169/37 692/1170/710
f 692/1170/710 709/1169/37 708/1171/710
f 692/1170/711 708/1171/711 693/1146/744
f 693/1146/744 708/1171/711 707/1147/744
f 695/1172/730 717/1153/730 694/1173/456
f 694/1173/456 717/1153/730 706/1151/456
f 694/1174/455 706/1149/455 705/1175/729
f 705/1175/729 706/1149/455 707/1147/729
f 705/1175/744 707/1147/744 704/1176/711
f 704/1176/711 707/1147/744 708/1171/711
f 704/1176/710 708/1171/710 703/1177/37
f 703/1177/37 708/1171/710 709/1169/37
f 703/1177/743 709/1169/743 702/1178/742
f 702/1178/742 709/1169/743 710/1167/742
f 702/1178/741 710/1167/741 701/1179/740
f 701/1179/740 710/1167/741 711/1165/740
f 701/1179/739 711/1165/739 700/1180/701
f 700/1180/701 711/1165/739 712/1163/701
f 700/1180/700 712/1163/700 699/1181/738
f 699/1181/738 712/1163/700 713/1161/738
f 699/1181/737 713/1161/737 698/1182/736
f 698/1182/736 713/1161/737 714/1159/736
f 698/1182/735 714/1159/735 697/1183/734
f 697/1183/734 714/1159/735 715/1157/734
f 697/1183/333 715/1157/333 696/1184/721
f 696/1184/721 715/1157/333 716/1155/721
f 696/1184/732 716/1155/732 695/1172/731
f 695/1172/733 716/1155/732 717/1153/733
f 732/1087/539 718/1088/539 739/1089/539
f 739/1089/539 718/1088/539 719/1090/539
f 739/1089/539 719/1090/539 738/1091/539
f 738/1091/539 719/1090/539 720/1092/539
f 738/1091/539 720/1092/539 737/1093/539
f 737/1093/539 720/1092/539 721/1094/539
f 737/1093/539 721/1094/539 736/1095/539
f 736/1095/539 721/1094/539 722/1096/539
f 736/1095/539 722/1096/539 735/1097/539
f 735/1097/539 722/1096/539 723/1098/539
f 735/1097/539 723/1098/539 724/1099/539
f 735/1097/539 724/1099/539 734/1100/539
f 734/1100/539 724/1099/539 725/1101/539
f 734/1100/539 725/1101/539 733/1102/539
f 733/1102/539 725/1101/539 726/1103/539
f 733/1102/539 726/1103/539 744/1104/539
f 744/1104/539 726/1103/539 727/1105/539
f 744/1104/539 727/1105/539 743/1106/539
f 743/1106/539 727/1105/539 728/1107/539
f 743/1106/539 728/1107/539 729/1108/539
f 743/1106/539 729/1108/539 742/1109/539
f 742/1109/539 729/1108/539 730/1110/539
f 742/1109/539 730/1110/539 741/1111/539
f 741/1111/539 730/1110/539 731/1112/539
f 741/1111/539 731/1112/539 740/1113/539
f 740/1113/539 731/1112/539 732/1087/539
f 740/1113/539 732/1087/539 739/1089/539
f 476/1114/699 718/1115/700 462/1116/700
f 462/1116/701 718/1115/701 732/1117/702
f 462/1116/701 732/1117/702 463/1118/702
f 463/1118/745 732/1117/745 731/1119/746
f 463/1118/745 731/1119/746 464/1120/746
f 464/1120/705 731/1119/705 730/1121/706
f 464/1120/705 730/1121/706 465/1122/706
f 465/1122/707 730/1121/707 729/1123/708
f 465/1122/707 729/1123/708 466/1124/708
f 466/1124/709 729/1123/709 728/1125/710
f 466/1124/709 728/1125/710 467/1126/710
f 467/1126/711 728/1125/711 727/1127/712
f 467/1126/711 727/1127/712 468/1128/712
f 468/1128/713 727/1127/713 726/1129/714
f 468/1128/713 726/1129/714 469/1130/714
f 469/1131/715 726/1132/715 725/1133/716
f 469/1131/715 725/1133/716 470/1134/716
f 470/1134/717 725/1133/717 724/1135/718
f 470/1134/717 724/1135/718 471/1136/718
f 471/1136/747 724/1135/747 723/1137/720
f 471/1136/719 723/1137/720 472/1138/720
f 472/1138/721 723/1137/721 722/1139/722
f 472/1138/721 722/1139/722 473/1140/722
f 473/1140/723 722/1139/723 721/1141/724
f 473/1140/723 721/1141/724 474/1142/724
f 474/1142/725 721/1141/725 720/1143/726
f 474/1142/725 720/1143/726 475/1144/726
f 475/1144/748 720/1143/748 719/1145/749
f 475/1144/748 719/1145/749 476/1114/749
f 476/1114/699 719/1145/699 718/1115/750
f 744/1146/729 758/1147/729 733/1148/455
f 733/1148/455 758/1147/729 757/1149/455
f 733/1150/456 757/1151/456 734/1152/730
f 734/1152/730 757/1151/456 768/1153/730
f 734/1152/731 768/1153/731 735/1154/720
f 735/1154/732 768/1153/731 767/1155/732
f 735/1154/721 767/1155/721 736/1156/333
f 736/1156/333 767/1155/721 766/1157/333
f 736/1156/734 766/1157/734 737/1158/735
f 737/1158/735 766/1157/734 765/1159/735
f 737/1158/751 765/1159/751 738/1160/752
f 738/1160/752 765/1159/751 764/1161/752
f 738/1160/738 764/1161/738 739/1162/700
f 739/1162/700 764/1161/738 763/1163/700
f 739/1162/701 763/1163/701 740/1164/739
f 740/1164/739 763/1163/701 762/1165/739
f 740/1164/753 762/1165/753 741/1166/754
f 741/1166/741 762/1165/753 761/1167/741
f 741/1166/742 761/1167/742 742/1168/743
f 742/1168/743 761/1167/742 760/1169/743
f 742/1168/37 760/1169/37 743/1170/710
f 743/1170/710 760/1169/37 759/1171/710
f 743/1170/711 759/1171/711 744/1146/744
f 744/1146/744 759/1171/711 758/1147/744
f 746/1172/730 768/1153/730 745/1173/456
f 745/1173/456 768/1153/730 757/1151/456
f 745/1174/455 757/1149/455 756/1175/729
f 756/1175/729 757/1149/455 758/1147/729
f 756/1175/744 758/1147/744 755/1176/711
f 755/1176/711 758/1147/744 759/1171/711
f 755/1176/710 759/1171/710 754/1177/37
f 754/1177/37 759/1171/710 760/1169/37
f 754/1177/743 760/1169/743 753/1178/742
f 753/1178/742 760/1169/743 761/1167/742
f 753/1178/754 761/1167/754 752/1179/753
f 752/1179/753 761/1167/741 762/1165/753
f 752/1179/739 762/1165/739 751/1180/701
f 751/1180/701 762/1165/739 763/1163/701
f 751/1180/700 763/1163/700 750/1181/738
f 750/1181/738 763/1163/700 764/1161/738
f 750/1181/752 764/1161/752 749/1182/751
f 749/1182/751 764/1161/752 765/1159/751
f 749/1182/735 765/1159/735 748/1183/734
f 748/1183/734 765/1159/735 766/1157/734
f 748/1183/333 766/1157/333 747/1184/721
f 747/1184/721 766/1157/333 767/1155/721
f 747/1184/732 767/1155/732 746/1172/731
f 746/1172/731 767/1155/720 768/1153/731
f 783/1087/539 769/1088/539 790/1089/539
f 790/1089/539 769/1088/539 770/1090/539
f 790/1089/539 770/1090/539 789/1091/539
f 789/1091/539 770/1090/539 771/1092/539
f 789/1091/539 771/1092/539 788/1093/539
f 788/1093/539 771/1092/539 772/1094/539
f 788/1093/539 772/1094/539 787/1095/539
f 787/1095/539 772/1094/539 773/1096/539
f 787/1095/539 773/1096/539 786/1097/539
f 786/1097/539 773/1096/539 774/1098/539
f 786/1097/539 774/1098/539 775/1099/539
f 786/1097/539 775/1099/539 785/1100/539
f 785/1100/539 775/1099/539 776/1101/539
f 785/1100/539 776/1101/539 784/1102/539
f 784/1102/539 776/1101/539 777/1103/539
f 784/1102/539 777/1103/539 795/1104/539
f 795/1104/539 777/1103/539 778/1105/539
f 795/1104/539 778/1105/539 794/1106/539
f 794/1106/539 778/1105/539 779/1107/539
f 794/1106/539 779/1107/539 780/1108/539
f 794/1106/539 780/1108/539 793/1109/539
f 793/1109/539 780/1108/539 781/1110/539
f 793/1109/539 781/1110/539 792/1111/539
f 792/1111/539 781/1110/539 782/1112/539
f 792/1111/539 782/1112/539 791/1113/539
f 791/1113/539 782/1112/539 783/1087/539
f 791/1113/539 783/1087/539 790/1089/539
f 461/1114/699 769/1115/700 447/1116/700
f 447/1116/701 769/1115/701 783/1117/702
f 447/1116/701 783/1117/702 448/1118/702
f 448/1118/703 783/1117/703 782/1119/746
f 448/1118/703 782/1119/746 449/1120/746
f 449/1120/705 782/1119/705 781/1121/706
f 449/1120/705 781/1121/706 450/1122/706
f 450/1122/707 781/1121/707 780/1123/708
f 450/1122/707 780/1123/708 451/1124/708
f 451/1124/755 780/1123/755 779/1125/710
f 451/1124/755 779/1125/710 452/1126/710
f 452/1126/711 779/1125/711 778/1127/712
f 452/1126/711 778/1127/712 453/1128/712
f 453/1128/713 778/1127/713 777/1129/714
f 453/1128/713 777/1129/714 454/1130/714
f 454/1131/715 777/1132/715 776/1133/716
f 454/1131/715 776/1133/716 455/1134/716
f 455/1134/717 776/1133/717 775/1135/718
f 455/1134/717 775/1135/718 456/1136/718
f 456/1136/719 775/1135/719 774/1137/720
f 456/1136/719 774/1137/720 457/1138/720
f 457/1138/721 774/1137/721 773/1139/722
f 457/1138/721 773/1139/722 458/1140/722
f 458/1140/723 773/1139/723 772/1141/724
f 458/1140/723 772/1141/724 459/1142/724
f 459/1142/725 772/1141/725 771/1143/726
f 459/1142/725 771/1143/726 460/1144/726
f 460/1144/727 771/1143/727 770/1145/749
f 460/1144/727 770/1145/749 461/1114/749
f 461/1114/699 770/1145/699 769/1115/700
f 795/1146/729 809/1147/729 784/1148/455
f 784/1148/455 809/1147/729 808/1149/455
f 784/1150/456 808/1151/456 785/1152/730
f 785/1152/730 808/1151/456 819/1153/730
f 785/1152/731 819/1153/731 786/1154/720
f 786/1154/720 819/1153/731 818/1155/720
f 786/1154/721 818/1155/721 787/1156/333
f 787/1156/333 818/1155/721 817/1157/333
f 787/1156/734 817/1157/734 788/1158/735
f 788/1158/735 817/1157/734 816/1159/735
f 788/1158/751 816/1159/751 789/1160/752
f 789/1160/752 816/1159/751 815/1161/752
f 789/1160/738 815/1161/738 790/1162/700
f 790/1162/700 815/1161/738 814/1163/700
f 790/1162/701 814/1163/701 791/1164/739
f 791/1164/739 814/1163/701 813/1165/739
f 791/1164/740 813/1165/740 792/1166/754
f 792/1166/754 813/1165/740 812/1167/754
f 792/1166/742 812/1167/742 793/1168/743
f 793/1168/743 812/1167/742 811/1169/743
f 793/1168/37 811/1169/37 794/1170/710
f 794/1170/710 811/1169/37 810/1171/710
f 794/1170/711 810/1171/711 795/1146/744
f 795/1146/744 810/1171/711 809/1147/744
f 797/1172/730 819/1153/730 796/1173/456
f 796/1173/456 819/1153/730 808/1151/456
f 796/1174/455 808/1149/455 807/1175/729
f 807/1175/729 808/1149/455 809/1147/729
f 807/1175/744 809/1147/744 806/1176/711
f 806/1176/711 809/1147/744 810/1171/711
f 806/1176/710 810/1171/710 805/1177/37
f 805/1177/37 810/1171/710 811/1169/37
f 805/1177/743 811/1169/743 804/1178/742
f 804/1178/742 811/1169/743 812/1167/742
f 804/1178/754 812/1167/754 803/1179/740
f 803/1179/740 812/1167/754 813/1165/740
f 803/1179/739 813/1165/739 802/1180/701
f 802/1180/701 813/1165/739 814/1163/701
f 802/1180/700 814/1163/700 801/1181/738
f 801/1181/738 814/1163/700 815/1161/738
f 801/1181/752 815/1161/752 800/1182/751
f 800/1182/751 815/1161/752 816/1159/751
f 800/1182/735 816/1159/735 799/1183/734
f 799/1183/734 816/1159/735 817/1157/734
f 799/1183/333 817/1157/333 798/1184/721
f 798/1184/721 817/1157/333 818/1155/721
f 798/1184/720 818/1155/720 797/1172/731
f 797/1172/731 818/1155/720 819/1153/731
f 834/1087/539 820/1088/539 841/1089/539
f 841/1089/539 820/1088/539 821/1090/539
f 841/1089/539 821/1090/539 840/1091/539
f 840/1091/539 821/1090/539 822/1092/539
f 840/1091/539 822/1092/539 839/1093/539
f 839/1093/539 822/1092/539 823/1094/539
f 839/1093/539 823/1094/539 838/1095/539
f 838/1095/539 823/1094/539 824/1096/539
f 838/1095/539 824/1096/539 837/1097/539
f 837/1097/539 824/1096/539 825/1098/539
f 837/1097/539 825/1098/539 826/1099/539
f 837/1097/539 826/1099/539 836/1100/539
f 836/1100/539 826/1099/539 827/1101/539
f 836/1100/539 827/1101/539 835/1102/539
f 835/1102/539 827/1101/539 828/1103/539
f 835/1102/539 828/1103/539 846/1104/539
f 846/1104/539 828/1103/539 829/1105/539
f 846/1104/539 829/1105/539 845/1106/539
f 845/1106/539 829/1105/539 830/1107/539
f 845/1106/539 830/1107/539 831/1108/539
f 845/1106/539 831/1108/539 844/1109/539
f 844/1109/539 831/1108/539 832/1110/539
f 844/1109/539 832/1110/539 843/1111/539
f 843/1111/539 832/1110/539 833/1112/539
f 843/1111/539 833/1112/539 842/1113/539
f 842/1113/539 833/1112/539 834/1087/539
f 842/1113/539 834/1087/539 841/1089/539
f 446/1114/699 820/1115/700 432/1116/700
f 432/1116/701 820/1115/701 834/1117/702
f 432/1116/701 834/1117/702 433/1118/702
f 433/1118/703 834/1117/703 833/1119/746
f 433/1118/703 833/1119/746 434/1120/746
f 434/1120/705 833/1119/705 832/1121/706
f 434/1120/705 832/1121/706 435/1122/706
f 435/1122/707 832/1121/707 831/1123/708
f 435/1122/707 831/1123/708 436/1124/708
f 436/1124/709 831/1123/709 830/1125/710
f 436/1124/709 830/1125/710 437/1126/710
f 437/1126/711 830/1125/711 829/1127/712
f 437/1126/711 829/1127/712 438/1128/712
f 438/1128/713 829/1127/713 828/1129/714
f 438/1128/713 828/1129/714 439/1130/714
f 439/1131/715 828/1132/715 827/1133/716
f 439/1131/715 827/1133/716 440/1134/716
f 440/1134/717 827/1133/717 826/1135/718
f 440/1134/717 826/1135/718 441/1136/718
f 441/1136/719 826/1135/719 825/1137/720
f 441/1136/719 825/1137/720 442/1138/720
f 442/1138/721 825/1137/721 824/1139/722
f 442/1138/721 824/1139/722 443/1140/722
f 443/1140/723 824/1139/723 823/1141/724
f 443/1140/723 823/1141/724 444/1142/724
f 444/1142/725 823/1141/725 822/1143/726
f 444/1142/725 822/1143/726 445/1144/726
f 445/1144/727 822/1143/727 821/1145/749
f 445/1144/727 821/1145/749 446/1114/749
f 446/1114/699 821/1145/699 820/1115/700
f 846/1146/729 860/1147/729 835/1148/455
f 835/1148/455 860/1147/729 859/1149/455
f 835/1150/456 859/1151/456 836/1152/730
f 836/1152/730 859/1151/456 870/1153/730
f 836/1152/731 870/1153/731 837/1154/732
f 837/1154/732 870/1153/733 869/1155/732
f 837/1154/721 869/1155/721 838/1156/333
f 838/1156/333 869/1155/721 868/1157/333
f 838/1156/734 868/1157/734 839/1158/735
f 839/1158/735 868/1157/734 867/1159/735
f 839/1158/736 867/1159/736 840/1160/737
f 840/1160/737 867/1159/736 866/1161/737
f 840/1160/738 866/1161/738 841/1162/700
f 841/1162/700 866/1161/738 865/1163/700
f 841/1162/701 865/1163/701 842/1164/739
f 842/1164/739 865/1163/701 864/1165/739
f 842/1164/753 864/1165/753 843/1166/754
f 843/1166/754 864/1165/753 863/1167/754
f 843/1166/742 863/1167/742 844/1168/743
f 844/1168/743 863/1167/742 862/1169/743
f 844/1168/37 862/1169/37 845/1170/710
f 845/1170/710 862/1169/37 861/1171/710
f 845/1170/756 861/1171/756 846/1146/757
f 846/1146/757 861/1171/756 860/1147/757
f 848/1172/730 870/1153/730 847/1173/456
f 847/1173/456 870/1153/730 859/1151/456
f 847/1174/455 859/1149/455 858/1175/729
f 858/1175/729 859/1149/455 860/1147/729
f 858/1175/757 860/1147/757 857/1176/756
f 857/1176/756 860/1147/757 861/1171/756
f 857/1176/710 861/1171/710 856/1177/37
f 856/1177/37 861/1171/710 862/1169/37
f 856/1177/743 862/1169/743 855/1178/742
f 855/1178/742 862/1169/743 863/1167/742
f 855/1178/754 863/1167/754 854/1179/753
f 854/1179/740 863/1167/754 864/1165/740
f 854/1179/739 864/1165/739 853/1180/701
f 853/1180/701 864/1165/739 865/1163/701
f 853/1180/700 865/1163/700 852/1181/738
f 852/1181/738 865/1163/700 866/1161/738
f 852/1181/752 866/1161/752 851/1182/736
f 851/1182/736 866/1161/737 867/1159/736
f 851/1182/735 867/1159/735 850/1183/734
f 850/1183/734 867/1159/735 868/1157/734
f 850/1183/333 868/1157/333 849/1184/721
f 849/1184/721 868/1157/333 869/1155/721
f 849/1184/732 869/1155/732 848/1172/731
f 848/1172/731 869/1155/732 870/1153/731
f 885/1087/539 871/1088/539 892/1089/539
f 892/1089/539 871/1088/539 872/1090/539
f 892/1089/539 872/1090/539 891/1091/539
f 891/1091/539 872/1090/539 873/1092/539
f 891/1091/539 873/1092/539 890/1093/539
f 890/1093/539 873/1092/539 874/1094/539
f 890/1093/539 874/1094/539 889/1095/539
f 889/1095/539 874/1094/539 875/1096/539
f 889/1095/539 875/1096/539 888/1097/539
f 888/1097/539 875/1096/539 876/1098/539
f 888/1097/539 876/1098/539 877/1099/539
f 888/1097/539 877/1099/539 887/1100/539
f 887/1100/539 877/1099/539 878/1101/539
f 887/1100/539 878/1101/539 886/1102/539
f 886/1102/539 878/1101/539 879/1103/539
f 886/1102/539 879/1103/539 897/1104/539
f 897/1104/539 879/1103/539 880/1105/539
f 897/1104/539 880/1105/539 896/1106/539
f 896/1106/539 880/1105/539 881/1107/539
f 896/1106/539 881/1107/539 882/1108/539
f 896/1106/539 882/1108/539 895/1109/539
f 895/1109/539 882/1108/539 883/1110/539
f 895/1109/539 883/1110/539 894/1111/539
f 894/1111/539 883/1110/539 884/1112/539
f 894/1111/539 884/1112/539 893/1113/539
f 893/1113/539 884/1112/539 885/1087/539
f 893/1113/539 885/1087/539 892/1089/539
f 431/1114/699 871/1115/700 417/1116/700
f 417/1116/701 871/1115/701 885/1117/702
f 417/1116/701 885/1117/702 418/1118/702
f 418/1118/703 885/1117/703 884/1119/704
f 418/1118/703 884/1119/704 419/1120/704
f 419/1120/705 884/1119/705 883/1121/706
f 419/1120/705 883/1121/706 420/1122/706
f 420/1122/707 883/1121/707 882/1123/708
f 420/1122/707 882/1123/708 421/1124/708
f 421/1124/709 882/1123/709 881/1125/710
f 421/1124/709 881/1125/710 422/1126/710
f 422/1126/711 881/1125/711 880/1127/712
f 422/1126/711 880/1127/712 423/1128/712
f 423/1128/713 880/1127/713 879/1129/714
f 423/1128/713 879/1129/714 424/1130/714
f 424/1131/715 879/1132/715 878/1133/716
f 424/1131/715 878/1133/716 425/1134/716
f 425/1134/717 878/1133/717 877/1135/718
f 425/1134/717 877/1135/718 426/1136/718
f 426/1136/719 877/1135/719 876/1137/720
f 426/1136/719 876/1137/720 427/1138/720
f 427/1138/721 876/1137/721 875/1139/722
f 427/1138/721 875/1139/722 428/1140/722
f 428/1140/723 875/1139/723 874/1141/724
f 428/1140/723 874/1141/724 429/1142/724
f 429/1142/725 874/1141/725 873/1143/726
f 429/1142/725 873/1143/726 430/1144/726
f 430/1144/727 873/1143/727 872/1145/728
f 430/1144/727 872/1145/728 431/1114/728
f 431/1114/699 872/1145/699 871/1115/700
f 897/1146/729 911/1147/729 886/1148/455
f 886/1148/455 911/1147/729 910/1149/455
f 886/1150/456 910/1151/456 887/1152/730
f 887/1152/730 910/1151/456 921/1153/730
f 887/1152/733 921/1153/733 888/1154/720
f 888/1154/720 921/1153/733 920/1155/720
f 888/1154/721 920/1155/721 889/1156/333
f 889/1156/333 920/1155/721 919/1157/333
f 889/1156/734 919/1157/734 890/1158/735
f 890/1158/735 919/1157/734 918/1159/735
f 890/1158/736 918/1159/736 891/1160/737
f 891/1160/737 918/1159/736 917/1161/737
f 891/1160/738 917/1161/738 892/1162/700
f 892/1162/700 917/1161/738 916/1163/700
f 892/1162/701 916/1163/701 893/1164/739
f 893/1164/739 916/1163/701 915/1165/739
f 893/1164/740 915/1165/740 894/1166/741
f 894/1166/741 915/1165/740 914/1167/741
f 894/1166/742 914/1167/742 895/1168/743
f 895/1168/743 914/1167/742 913/1169/743
f 895/1168/37 913/1169/37 896/1170/710
f 896/1170/710 913/1169/37 912/1171/710
f 896/1170/711 912/1171/711 897/1146/757
f 897/1146/757 912/1171/756 911/1147/757
f 899/1172/730 921/1153/730 898/1173/456
f 898/1173/456 921/1153/730 910/1151/456
f 898/1174/455 910/1149/455 909/1175/729
f 909/1175/729 910/1149/455 911/1147/729
f 909/1175/757 911/1147/757 908/1176/711
f 908/1176/756 911/1147/757 912/1171/756
f 908/1176/710 912/1171/710 907/1177/37
f 907/1177/37 912/1171/710 913/1169/37
f 907/1177/743 913/1169/743 906/1178/742
f 906/1178/742 913/1169/743 914/1167/742
f 906/1178/741 914/1167/741 905/1179/740
f 905/1179/740 914/1167/741 915/1165/740
f 905/1179/739 915/1165/739 904/1180/701
f 904/1180/701 915/1165/739 916/1163/701
f 904/1180/700 916/1163/700 903/1181/738
f 903/1181/738 916/1163/700 917/1161/738
f 903/1181/752 917/1161/752 902/1182/736
f 902/1182/736 917/1161/737 918/1159/736
f 902/1182/735 918/1159/735 901/1183/734
f 901/1183/734 918/1159/735 919/1157/734
f 901/1183/333 919/1157/333 900/1184/721
f 900/1184/721 919/1157/333 920/1155/721
f 900/1184/720 920/1155/720 899/1172/733
f 899/1172/733 920/1155/720 921/1153/733
f 936/1087/539 922/1088/539 943/1089/539
f 943/1089/539 922/1088/539 923/1090/539
f 943/1089/539 923/1090/539 942/1091/539
f 942/1091/539 923/1090/539 924/1092/539
f 942/1091/539 924/1092/539 941/1093/539
f 941/1093/539 924/1092/539 925/1094/539
f 941/1093/539 925/1094/539 940/1095/539
f 940/1095/539 925/1094/539 926/1096/539
f 940/1095/539 926/1096/539 939/1097/539
f 939/1097/539 926/1096/539 927/1098/539
f 939/1097/539 927/1098/539 928/1099/539
f 939/1097/539 928/1099/539 938/1100/539
f 938/1100/539 928/1099/539 929/1101/539
f 938/1100/539 929/1101/539 937/1102/539
f 937/1102/539 929/1101/539 930/1103/539
f 937/1102/539 930/1103/539 948/1104/539
f 948/1104/539 930/1103/539 931/1105/539
f 948/1104/539 931/1105/539 947/1106/539
f 947/1106/539 931/1105/539 932/1107/539
f 947/1106/539 932/1107/539 933/1108/539
f 947/1106/539 933/1108/539 946/1109/539
f 946/1109/539 933/1108/539 934/1110/539
f 946/1109/539 934/1110/539 945/1111/539
f 945/1111/539 934/1110/539 935/1112/539
f 945/1111/539 935/1112/539 944/1113/539
f 944/1113/539 935/1112/539 936/1087/539
f 944/1113/539 936/1087/539 943/1089/539
f 416/1114/699 922/1115/700 402/1116/700
f 402/1116/701 922/1115/701 936/1117/702
f 402/1116/701 936/1117/702 403/1118/702
f 403/1118/703 936/1117/703 935/1119/746
f 403/1118/703 935/1119/746 404/1120/746
f 404/1120/705 935/1119/705 934/1121/706
f 404/1120/705 934/1121/706 405/1122/706
f 405/1122/707 934/1121/707 933/1123/708
f 405/1122/707 933/1123/708 406/1124/708
f 406/1124/709 933/1123/709 932/1125/710
f 406/1124/709 932/1125/710 407/1126/710
f 407/1126/711 932/1125/711 931/1127/712
f 407/1126/711 931/1127/712 408/1128/712
f 408/1128/713 931/1127/713 930/1129/714
f 408/1128/713 930/1129/714 409/1130/714
f 409/1131/715 930/1132/715 929/1133/716
f 409/1131/715 929/1133/716 410/1134/716
f 410/1134/717 929/1133/717 928/1135/718
f 410/1134/717 928/1135/718 411/1136/718
f 411/1136/719 928/1135/719 927/1137/720
f 411/1136/719 927/1137/720 412/1138/720
f 412/1138/721 927/1137/721 926/1139/722
f 412/1138/721 926/1139/722 413/1140/722
f 413/1140/723 926/1139/723 925/1141/724
f 413/1140/723 925/1141/724 414/1142/724
f 414/1142/725 925/1141/725 924/1143/726
f 414/1142/725 924/1143/726 415/1144/726
f 415/1144/727 924/1143/727 923/1145/749
f 415/1144/727 923/1145/749 416/1114/749
f 416/1114/699 923/1145/699 922/1115/700
f 948/1146/729 962/1147/729 937/1148/455
f 937/1148/455 962/1147/729 961/1149/455
f 937/1150/456 961/1151/456 938/1152/730
f 938/1152/730 961/1151/456 972/1153/730
f 938/1152/733 972/1153/733 939/1154/732
f 939/1154/732 972/1153/733 971/1155/732
f 939/1154/721 971/1155/721 940/1156/333
f 940/1156/333 971/1155/721 970/1157/333
f 940/1156/734 970/1157/734 941/1158/735
f 941/1158/735 970/1157/734 969/1159/735
f 941/1158/751 969/1159/751 942/1160/752
f 942/1160/752 969/1159/751 968/1161/752
f 942/1160/738 968/1161/738 943/1162/700
f 943/1162/700 968/1161/738 967/1163/700
f 943/1162/701 967/1163/701 944/1164/739
f 944/1164/739 967/1163/701 966/1165/739
f 944/1164/740 966/1165/740 945/1166/741
f 945/1166/741 966/1165/740 965/1167/741
f 945/1166/742 965/1167/742 946/1168/743
f 946/1168/743 965/1167/742 964/1169/743
f 946/1168/37 964/1169/37 947/1170/710
f 947/1170/710 964/1169/37 963/1171/710
f 947/1170/756 963/1171/756 948/1146/744
f 948/1146/744 963/1171/756 962/1147/744
f 950/1172/730 972/1153/730 949/1173/456
f 949/1173/456 972/1153/730 961/1151/456
f 949/1174/455 961/1149/455 960/1175/729
f 960/1175/729 961/1149/455 962/1147/729
f 960/1175/744 962/1147/744 959/1176/756
f 959/1176/756 962/1147/744 963/1171/756
f 959/1176/710 963/1171/710 958/1177/37
f 958/1177/37 963/1171/710 964/1169/37
f 958/1177/743 964/1169/743 957/1178/742
f 957/1178/742 964/1169/743 965/1167/742
f 957/1178/741 965/1167/741 956/1179/740
f 956/1179/740 965/1167/741 966/1165/740
f 956/1179/739 966/1165/739 955/1180/701
f 955/1180/701 966/1165/739 967/1163/701
f 955/1180/700 967/1163/700 954/1181/738
f 954/1181/738 967/1163/700 968/1161/738
f 954/1181/752 968/1161/752 953/1182/751
f 953/1182/751 968/1161/752 969/1159/751
f 953/1182/735 969/1159/735 952/1183/734
f 952/1183/734 969/1159/735 970/1157/734
f 952/1183/333 970/1157/333 951/1184/721
f 951/1184/721 970/1157/333 971/1155/721
f 951/1184/732 971/1155/732 950/1172/733
f 950/1172/733 971/1155/732 972/1153/733
f 705/1185/132 253/1069/132 694/1186/132
f 694/1186/132 253/1069/132 252/1068/132
f 694/1186/132 252/1068/132 695/1187/132
f 695/1187/132 252/1068/132 696/1188/132
f 696/1188/132 252/1068/132 251/1067/132
f 696/1188/132 251/1067/132 697/1189/132
f 697/1189/132 251/1067/132 698/1190/132
f 698/1190/132 251/1067/132 250/1066/132
f 698/1190/132 250/1066/132 699/1191/132
f 699/1191/132 250/1066/132 249/1065/132
f 699/1191/132 249/1065/132 700/1192/132
f 700/1192/132 249/1065/132 898/1193/132
f 700/1192/132 898/1193/132 909/1194/132
f 253/1069/132 705/1185/132 254/1070/132
f 254/1070/132 705/1185/132 704/1195/132
f 254/1070/132 704/1195/132 953/1196/132
f 953/1196/132 704/1195/132 703/1197/132
f 953/1196/132 703/1197/132 954/1198/132
f 954/1198/132 703/1197/132 702/1199/132
f 954/1198/132 702/1199/132 955/1200/132
f 955/1200/132 702/1199/132 800/1201/132
f 955/1200/132 800/1201/132 799/1202/132
f 800/1201/132 702/1199/132 908/1203/132
f 908/1203/132 702/1199/132 701/1204/132
f 908/1203/132 701/1204/132 909/1194/132
f 909/1194/132 701/1204/132 700/1192/132
f 756/1205/132 849/1206/132 745/1207/132
f 745/1207/132 849/1206/132 908/1203/132
f 745/1207/132 908/1203/132 907/1208/132
f 849/1206/132 756/1205/132 850/1209/132
f 850/1209/132 756/1205/132 755/1210/132
f 850/1209/132 755/1210/132 851/1211/132
f 851/1211/132 755/1210/132 270/1086/132
f 851/1211/132 270/1086/132 269/1085/132
f 755/1210/132 754/1212/132 270/1086/132
f 270/1086/132 754/1212/132 271/1058/132
f 271/1058/132 754/1212/132 753/1213/132
f 271/1058/132 753/1213/132 752/1214/132
f 271/1058/132 752/1214/132 241/1057/132
f 241/1057/132 752/1214/132 751/1215/132
f 241/1057/132 751/1215/132 750/1216/132
f 241/1057/132 750/1216/132 242/1056/132
f 242/1056/132 750/1216/132 749/1217/132
f 242/1056/132 749/1217/132 243/1059/132
f 243/1059/132 749/1217/132 748/1218/132
f 243/1059/132 748/1218/132 747/1219/132
f 746/1220/132 906/1221/132 747/1219/132
f 747/1219/132 906/1221/132 244/1060/132
f 747/1219/132 244/1060/132 243/1059/132
f 906/1221/132 746/1220/132 907/1208/132
f 907/1208/132 746/1220/132 745/1207/132
f 807/1222/132 261/1077/132 796/1223/132
f 796/1223/132 261/1077/132 260/1076/132
f 796/1223/132 260/1076/132 797/1224/132
f 797/1224/132 260/1076/132 259/1075/132
f 797/1224/132 259/1075/132 798/1225/132
f 798/1225/132 259/1075/132 957/1226/132
f 798/1225/132 957/1226/132 956/1227/132
f 807/1222/132 806/1228/132 261/1077/132
f 261/1077/132 806/1228/132 262/1078/132
f 262/1078/132 806/1228/132 805/1229/132
f 262/1078/132 805/1229/132 263/1079/132
f 263/1079/132 805/1229/132 804/1230/132
f 263/1079/132 804/1230/132 803/1231/132
f 263/1079/132 803/1231/132 264/1080/132
f 264/1080/132 803/1231/132 802/1232/132
f 264/1080/132 802/1232/132 847/1233/132
f 847/1233/132 802/1232/132 801/1234/132
f 847/1233/132 801/1234/132 848/1235/132
f 848/1235/132 801/1234/132 800/1201/132
f 848/1235/132 800/1201/132 849/1206/132
f 849/1206/132 800/1201/132 908/1203/132
f 955/1200/132 799/1202/132 956/1227/132
f 956/1227/132 799/1202/132 798/1225/132
f 847/1233/132 858/1236/132 264/1080/132
f 264/1080/132 858/1236/132 265/1081/132
f 265/1081/132 858/1236/132 857/1237/132
f 265/1081/132 857/1237/132 266/1082/132
f 266/1082/132 857/1237/132 856/1238/132
f 266/1082/132 856/1238/132 267/1083/132
f 267/1083/132 856/1238/132 855/1239/132
f 267/1083/132 855/1239/132 854/1240/132
f 267/1083/132 854/1240/132 268/1084/132
f 268/1084/132 854/1240/132 853/1241/132
f 268/1084/132 853/1241/132 852/1242/132
f 268/1084/132 852/1242/132 269/1085/132
f 269/1085/132 852/1242/132 851/1211/132
f 906/1221/132 905/1243/132 244/1060/132
f 244/1060/132 905/1243/132 245/1061/132
f 245/1061/132 905/1243/132 904/1244/132
f 245/1061/132 904/1244/132 903/1245/132
f 245/1061/132 903/1245/132 246/1062/132
f 246/1062/132 903/1245/132 902/1246/132
f 246/1062/132 902/1246/132 247/1063/132
f 247/1063/132 902/1246/132 901/1247/132
f 247/1063/132 901/1247/132 900/1248/132
f 247/1063/132 900/1248/132 248/1064/132
f 248/1064/132 900/1248/132 899/1249/132
f 248/1064/132 899/1249/132 249/1065/132
f 249/1065/132 899/1249/132 898/1193/132
f 960/1250/132 257/1073/132 949/1251/132
f 949/1251/132 257/1073/132 256/1072/132
f 949/1251/132 256/1072/132 950/1252/132
f 950/1252/132 256/1072/132 951/1253/132
f 951/1253/132 256/1072/132 255/1071/132
f 951/1253/132 255/1071/132 952/1254/132
f 952/1254/132 255/1071/132 254/1070/132
f 952/1254/132 254/1070/132 953/1196/132
f 960/1250/132 959/1255/132 257/1073/132
f 257/1073/132 959/1255/132 258/1074/132
f 258/1074/132 959/1255/132 958/1256/132
f 258/1074/132 958/1256/132 259/1075/132
f 259/1075/132 958/1256/132 957/1226/132
f 987/1087/36 973/1088/36 994/1089/36
f 994/1089/36 973/1088/36 974/1090/36
f 994/1089/36 974/1090/36 993/1091/36
f 993/1091/36 974/1090/36 975/1092/36
f 993/1091/36 975/1092/36 992/1093/36
f 992/1093/36 975/1092/36 976/1094/36
f 992/1093/36 976/1094/36 991/1095/36
f 991/1095/36 976/1094/36 977/1096/36
f 991/1095/36 977/1096/36 990/1097/36
f 990/1097/36 977/1096/36 978/1098/36
f 990/1097/36 978/1098/36 979/1099/36
f 990/1097/36 979/1099/36 989/1100/36
f 989/1100/36 979/1099/36 980/1101/36
f 989/1100/36 980/1101/36 988/1102/36
f 988/1102/36 980/1101/36 981/1103/36
f 988/1102/36 981/1103/36 999/1104/36
f 999/1104/36 981/1103/36 982/1105/36
f 999/1104/36 982/1105/36 998/1106/36
f 998/1106/36 982/1105/36 983/1107/36
f 998/1106/36 983/1107/36 984/1108/36
f 998/1106/36 984/1108/36 997/1109/36
f 997/1109/36 984/1108/36 985/1110/36
f 997/1109/36 985/1110/36 996/1111/36
f 996/1111/36 985/1110/36 986/1112/36
f 996/1111/36 986/1112/36 995/1113/36
f 995/1113/36 986/1112/36 987/1087/36
f 995/1113/36 987/1087/36 994/1089/36
f 536/1257/758 981/1258/759 522/1259/760
f 522/1260/539 981/1261/761 980/1262/762
f 522/1260/763 980/1262/764 523/1263/765
f 523/1263/766 980/1262/767 979/1264/768
f 523/1263/769 979/1264/770 524/1265/771
f 524/1265/772 979/1264/773 978/1266/774
f 524/1265/775 978/1266/776 525/1267/777
f 525/1267/778 978/1266/779 977/1268/780
f 525/1267/781 977/1268/782 526/1269/783
f 526/1269/784 977/1268/785 976/1270/786
f 526/1269/787 976/1270/788 527/1271/789
f 527/1271/790 976/1270/791 975/1272/792
f 527/1271/793 975/1272/794 528/1273/795
f 528/1273/796 975/1272/797 974/1274/798
f 528/1273/799 974/1274/800 529/1275/801
f 529/1275/802 974/1274/803 973/1276/804
f 529/1275/805 973/1276/132 530/1277/806
f 530/1277/807 973/1276/808 987/1278/809
f 530/1277/810 987/1278/811 531/1279/812
f 531/1279/813 987/1278/814 986/1280/815
f 531/1279/816 986/1280/817 532/1281/818
f 532/1281/819 986/1280/820 985/1282/821
f 532/1281/822 985/1282/823 533/1283/824
f 533/1283/825 985/1282/826 984/1284/827
f 533/1283/828 984/1284/829 534/1285/830
f 534/1285/831 984/1284/832 983/1286/833
f 534/1285/834 983/1286/835 535/1287/836
f 535/1287/837 983/1286/838 982/1288/839
f 535/1287/837 982/1288/840 536/1257/841
f 536/1257/842 982/1288/843 981/1258/844
f 999/1289/845 317/1290/845 988/1291/760
f 988/1291/760 317/1290/845 316/1292/760
f 988/1293/763 316/1294/763 989/1295/614
f 989/1295/614 316/1294/763 327/1296/614
f 989/1295/846 327/1296/846 990/1297/847
f 990/1297/847 327/1296/846 326/1298/847
f 990/1297/779 326/1298/779 991/1299/848
f 991/1299/848 326/1298/779 325/1300/848
f 991/1299/849 325/1300/849 992/1301/789
f 992/1301/789 325/1300/849 324/1302/789
f 992/1301/850 324/1302/850 993/1303/851
f 993/1303/851 324/1302/850 323/1304/851
f 993/1303/595 323/1304/595 994/1305/852
f 994/1305/852 323/1304/595 322/1306/852
f 994/1305/853 322/1306/853 995/1307/854
f 995/1307/854 322/1306/853 321/1308/854
f 995/1307/855 321/1308/855 996/1309/856
f 996/1309/856 321/1308/855 320/1310/856
f 996/1309/822 320/1310/822 997/1311/578
f 997/1311/578 320/1310/822 319/1312/578
f 997/1311/577 319/1312/577 998/1313/833
f 998/1313/833 319/1312/577 318/1314/833
f 998/1313/857 318/1314/857 999/1289/858
f 999/1289/858 318/1314/857 317/1290/858
f 1014/1087/36 1000/1088/36 1021/1089/36
f 1021/1089/36 1000/1088/36 1001/1090/36
f 1021/1089/36 1001/1090/36 1020/1091/36
f 1020/1091/36 1001/1090/36 1002/1092/36
f 1020/1091/36 1002/1092/36 1019/1093/36
f 1019/1093/36 1002/1092/36 1003/1094/36
f 1019/1093/36 1003/1094/36 1018/1095/36
f 1018/1095/36 1003/1094/36 1004/1096/36
f 1018/1095/36 1004/1096/36 1017/1097/36
f 1017/1097/36 1004/1096/36 1005/1098/36
f 1017/1097/36 1005/1098/36 1006/1099/36
f 1017/1097/36 1006/1099/36 1016/1100/36
f 1016/1100/36 1006/1099/36 1007/1101/36
f 1016/1100/36 1007/1101/36 1015/1102/36
f 1015/1102/36 1007/1101/36 1008/1103/36
f 1015/1102/36 1008/1103/36 1026/1104/36
f 1026/1104/36 1008/1103/36 1009/1105/36
f 1026/1104/36 1009/1105/36 1025/1106/36
f 1025/1106/36 1009/1105/36 1010/1107/36
f 1025/1106/36 1010/1107/36 1011/1108/36
f 1025/1106/36 1011/1108/36 1024/1109/36
f 1024/1109/36 1011/1108/36 1012/1110/36
f 1024/1109/36 1012/1110/36 1023/1111/36
f 1023/1111/36 1012/1110/36 1013/1112/36
f 1023/1111/36 1013/1112/36 1022/1113/36
f 1022/1113/36 1013/1112/36 1014/1087/36
f 1022/1113/36 1014/1087/36 1021/1089/36
f 521/1315/758 1008/1258/759 507/1316/859
f 507/1317/539 1008/1261/761 1007/1262/762
f 507/1317/860 1007/1262/861 508/1318/765
f 508/1318/766 1007/1262/767 1006/1264/768
f 508/1318/769 1006/1264/770 509/1319/771
f 509/1319/772 1006/1264/773 1005/1266/774
f 509/1319/775 1005/1266/862 510/1320/863
f 510/1320/778 1005/1266/779 1004/1268/780
f 510/1320/781 1004/1268/782 511/1321/783
f 511/1321/784 1004/1268/785 1003/1270/786
f 511/1321/787 1003/1270/788 512/1322/789
f 512/1322/790 1003/1270/864 1002/1272/792
f 512/1322/793 1002/1272/794 513/1323/795
f 513/1323/796 1002/1272/797 1001/1274/798
f 513/1323/799 1001/1274/800 514/1324/865
f 514/1324/802 1001/1274/803 1000/1276/852
f 514/1324/805 1000/1276/132 515/1325/806
f 515/1325/866 1000/1276/853 1014/1278/809
f 515/1325/867 1014/1278/811 516/1326/812
f 516/1326/813 1014/1278/814 1013/1280/815
f 516/1326/816 1013/1280/817 517/1327/818
f 517/1327/819 1013/1280/820 1012/1282/868
f 517/1327/822 1012/1282/823 518/1328/824
f 518/1328/825 1012/1282/826 1011/1284/827
f 518/1328/828 1011/1284/829 519/1329/830
f 519/1329/869 1011/1284/832 1010/1286/833
f 519/1329/870 1010/1286/835 520/1330/836
f 520/1330/871 1010/1286/838 1009/1288/839
f 520/1330/837 1009/1288/872 521/1315/841
f 521/1315/873 1009/1288/843 1008/1258/844
f 1026/1289/845 329/1290/845 1015/1291/760
f 1015/1291/760 329/1290/845 328/1292/760
f 1015/1293/763 328/1294/763 1016/1295/614
f 1016/1295/614 328/1294/763 339/1296/614
f 1016/1295/613 339/1296/613 1017/1297/774
f 1017/1297/774 339/1296/613 338/1298/774
f 1017/1297/779 338/1298/779 1018/1299/848
f 1018/1299/848 338/1298/779 337/1300/848
f 1018/1299/849 337/1300/849 1019/1301/789
f 1019/1301/789 337/1300/849 336/1302/789
f 1019/1301/850 336/1302/850 1020/1303/851
f 1020/1303/851 336/1302/850 335/1304/851
f 1020/1303/595 335/1304/595 1021/1305/852
f 1021/1305/852 335/1304/595 334/1306/852
f 1021/1305/853 334/1306/853 1022/1307/854
f 1022/1307/854 334/1306/853 333/1308/854
f 1022/1307/855 333/1308/855 1023/1309/856
f 1023/1309/856 333/1308/855 332/1310/856
f 1023/1309/822 332/1310/822 1024/1311/578
f 1024/1311/578 332/1310/822 331/1312/578
f 1024/1311/577 331/1312/577 1025/1313/833
f 1025/1313/833 331/1312/577 330/1314/833
f 1025/1313/838 330/1314/838 1026/1289/874
f 1026/1289/874 330/1314/838 329/1290/874
f 1041/1087/36 1027/1088/36 1048/1089/36
f 1048/1089/36 1027/1088/36 1028/1090/36
f 1048/1089/36 1028/1090/36 1047/1091/36
f 1047/1091/36 1028/1090/36 1029/1092/36
f 1047/1091/36 1029/1092/36 1046/1093/36
f 1046/1093/36 1029/1092/36 1030/1094/36
f 1046/1093/36 1030/1094/36 1045/1095/36
f 1045/1095/36 1030/1094/36 1031/1096/36
f 1045/1095/36 1031/1096/36 1044/1097/36
f 1044/1097/36 1031/1096/36 1032/1098/36
f 1044/1097/36 1032/1098/36 1033/1099/36
f 1044/1097/36 1033/1099/36 1043/1100/36
f 1043/1100/36 1033/1099/36 1034/1101/36
f 1043/1100/36 1034/1101/36 1042/1102/36
f 1042/1102/36 1034/1101/36 1035/1103/36
f 1042/1102/36 1035/1103/36 1053/1104/36
f 1053/1104/36 1035/1103/36 1036/1105/36
f 1053/1104/36 1036/1105/36 1052/1106/36
f 1052/1106/36 1036/1105/36 1037/1107/36
f 1052/1106/36 1037/1107/36 1038/1108/36
f 1052/1106/36 1038/1108/36 1051/1109/36
f 1051/1109/36 1038/1108/36 1039/1110/36
f 1051/1109/36 1039/1110/36 1050/1111/36
f 1050/1111/36 1039/1110/36 1040/1112/36
f 1050/1111/36 1040/1112/36 1049/1113/36
f 1049/1113/36 1040/1112/36 1041/1087/36
f 1049/1113/36 1041/1087/36 1048/1089/36
f 581/1331/758 1035/1258/759 567/1332/760
f 567/1333/539 1035/1261/761 1034/1262/762
f 567/1333/763 1034/1262/764 568/1334/765
f 568/1334/766 1034/1262/875 1033/1264/768
f 568/1334/769 1033/1264/770 569/1335/876
f 569/1335/771 1033/1264/773 1032/1266/774
f 569/1335/775 1032/1266/776 570/1336/863
f 570/1336/778 1032/1266/779 1031/1268/780
f 570/1336/781 1031/1268/782 571/1337/783
f 571/1337/784 1031/1268/785 1030/1270/786
f 571/1337/787 1030/1270/788 572/1338/789
f 572/1338/790 1030/1270/864 1029/1272/792
f 572/1338/793 1029/1272/794 573/1339/795
f 573/1339/796 1029/1272/797 1028/1274/798
f 573/1339/799 1028/1274/800 574/1340/865
f 574/1340/802 1028/1274/803 1027/1276/852
f 574/1340/805 1027/1276/132 575/1341/806
f 575/1341/877 1027/1276/853 1041/1278/809
f 575/1341/867 1041/1278/811 576/1342/812
f 576/1342/813 1041/1278/878 1040/1280/815
f 576/1342/816 1040/1280/817 577/1343/818
f 577/1343/818 1040/1280/820 1039/1282/868
f 577/1343/822 1039/1282/823 578/1344/824
f 578/1344/825 1039/1282/826 1038/1284/827
f 578/1344/828 1038/1284/829 579/1345/830
f 579/1345/831 1038/1284/832 1037/1286/833
f 579/1345/870 1037/1286/835 580/1346/836
f 580/1346/879 1037/1286/838 1036/1288/839
f 580/1346/880 1036/1288/872 581/1331/841
f 581/1331/881 1036/1288/843 1035/1258/882
f 1053/1289/845 341/1290/845 1042/1291/760
f 1042/1291/760 341/1290/845 340/1292/760
f 1042/1293/763 340/1294/763 1043/1295/614
f 1043/1295/614 340/1294/763 351/1296/614
f 1043/1295/846 351/1296/846 1044/1297/847
f 1044/1297/774 351/1296/846 350/1298/774
f 1044/1297/779 350/1298/779 1045/1299/848
f 1045/1299/848 350/1298/779 349/1300/848
f 1045/1299/849 349/1300/849 1046/1301/789
f 1046/1301/789 349/1300/849 348/1302/789
f 1046/1301/793 348/1302/793 1047/1303/596
f 1047/1303/596 348/1302/793 347/1304/596
f 1047/1303/595 347/1304/595 1048/1305/852
f 1048/1305/852 347/1304/595 346/1306/852
f 1048/1305/853 346/1306/853 1049/1307/854
f 1049/1307/854 346/1306/853 345/1308/854
f 1049/1307/883 345/1308/883 1050/1309/818
f 1050/1309/818 345/1308/883 344/1310/818
f 1050/1309/822 344/1310/822 1051/1311/578
f 1051/1311/578 344/1310/822 343/1312/578
f 1051/1311/577 343/1312/577 1052/1313/833
f 1052/1313/833 343/1312/577 342/1314/833
f 1052/1313/857 342/1314/857 1053/1289/858
f 1053/1289/858 342/1314/857 341/1290/858
f 1068/1087/36 1054/1088/36 1075/1089/36
f 1075/1089/36 1054/1088/36 1055/1090/36
f 1075/1089/36 1055/1090/36 1074/1091/36
f 1074/1091/36 1055/1090/36 1056/1092/36
f 1074/1091/36 1056/1092/36 1073/1093/36
f 1073/1093/36 1056/1092/36 1057/1094/36
f 1073/1093/36 1057/1094/36 1072/1095/36
f 1072/1095/36 1057/1094/36 1058/1096/36
f 1072/1095/36 1058/1096/36 1071/1097/36
f 1071/1097/36 1058/1096/36 1059/1098/36
f 1071/1097/36 1059/1098/36 1060/1099/36
f 1071/1097/36 1060/1099/36 1070/1100/36
f 1070/1100/36 1060/1099/36 1061/1101/36
f 1070/1100/36 1061/1101/36 1069/1102/36
f 1069/1102/36 1061/1101/36 1062/1103/36
f 1069/1102/36 1062/1103/36 1080/1104/36
f 1080/1104/36 1062/1103/36 1063/1105/36
f 1080/1104/36 1063/1105/36 1079/1106/36
f 1079/1106/36 1063/1105/36 1064/1107/36
f 1079/1106/36 1064/1107/36 1065/1108/36
f 1079/1106/36 1065/1108/36 1078/1109/36
f 1078/1109/36 1065/1108/36 1066/1110/36
f 1078/1109/36 1066/1110/36 1077/1111/36
f 1077/1111/36 1066/1110/36 1067/1112/36
f 1077/1111/36 1067/1112/36 1076/1113/36
f 1076/1113/36 1067/1112/36 1068/1087/36
f 1076/1113/36 1068/1087/36 1075/1089/36
f 551/1257/758 1062/1258/759 537/1259/760
f 537/1260/539 1062/1261/761 1061/1262/762
f 537/1260/763 1061/1262/764 538/1263/765
f 538/1263/766 1061/1262/767 1060/1264/768
f 538/1263/769 1060/1264/770 539/1265/771
f 539/1265/772 1060/1264/773 1059/1266/774
f 539/1265/775 1059/1266/776 540/1267/777
f 540/1267/778 1059/1266/779 1058/1268/780
f 540/1267/781 1058/1268/782 541/1269/783
f 541/1269/784 1058/1268/785 1057/1270/786
f 541/1269/787 1057/1270/788 542/1271/789
f 542/1271/790 1057/1270/791 1056/1272/792
f 542/1271/793 1056/1272/794 543/1273/795
f 543/1273/796 1056/1272/797 1055/1274/798
f 543/1273/799 1055/1274/800 544/1275/801
f 544/1275/802 1055/1274/803 1054/1276/804
f 544/1275/805 1054/1276/132 545/1277/806
f 545/1277/807 1054/1276/808 1068/1278/809
f 545/1277/810 1068/1278/811 546/1279/812
f 546/1279/813 1068/1278/814 1067/1280/815
f 546/1279/816 1067/1280/817 547/1281/818
f 547/1281/819 1067/1280/820 1066/1282/821
f 547/1281/822 1066/1282/823 548/1283/824
f 548/1283/825 1066/1282/826 1065/1284/827
f 548/1283/828 1065/1284/829 549/1285/830
f 549/1285/831 1065/1284/832 1064/1286/833
f 549/1285/834 1064/1286/835 550/1287/836
f 550/1287/837 1064/1286/838 1063/1288/839
f 550/1287/837 1063/1288/872 551/1257/841
f 551/1257/842 1063/1288/843 1062/1258/844
f 1080/1289/845 353/1290/845 1069/1291/760
f 1069/1291/760 353/1290/845 352/1292/760
f 1069/1293/763 352/1294/763 1070/1295/614
f 1070/1295/614 352/1294/763 363/1296/614
f 1070/1295/846 363/1296/846 1071/1297/774
f 1071/1297/847 363/1296/846 362/1298/847
f 1071/1297/779 362/1298/779 1072/1299/848
f 1072/1299/848 362/1298/779 361/1300/848
f 1072/1299/849 361/1300/849 1073/1301/789
f 1073/1301/789 361/1300/849 360/1302/789
f 1073/1301/850 360/1302/850 1074/1303/851
f 1074/1303/851 360/1302/850 359/1304/851
f 1074/1303/595 359/1304/595 1075/1305/852
f 1075/1305/852 359/1304/595 358/1306/852
f 1075/1305/853 358/1306/853 1076/1307/854
f 1076/1307/854 358/1306/853 357/1308/854
f 1076/1307/855 357/1308/855 1077/1309/856
f 1077/1309/856 357/1308/855 356/1310/856
f 1077/1309/822 356/1310/822 1078/1311/578
f 1078/1311/578 356/1310/822 355/1312/578
f 1078/1311/577 355/1312/577 1079/1313/833
f 1079/1313/833 355/1312/577 354/1314/833
f 1079/1313/857 354/1314/857 1080/1289/858
f 1080/1289/858 354/1314/857 353/1290/858
f 1095/1087/36 1081/1088/36 1102/1089/36
f 1102/1089/36 1081/1088/36 1082/1090/36
f 1102/1089/36 1082/1090/36 1101/1091/36
f 1101/1091/36 1082/1090/36 1083/1092/36
f 1101/1091/36 1083/1092/36 1100/1093/36
f 1100/1093/36 1083/1092/36 1084/1094/36
f 1100/1093/36 1084/1094/36 1099/1095/36
f 1099/1095/36 1084/1094/36 1085/1096/36
f 1099/1095/36 1085/1096/36 1098/1097/36
f 1098/1097/36 1085/1096/36 1086/1098/36
f 1098/1097/36 1086/1098/36 1087/1099/36
f 1098/1097/36 1087/1099/36 1097/1100/36
f 1097/1100/36 1087/1099/36 1088/1101/36
f 1097/1100/36 1088/1101/36 1096/1102/36
f 1096/1102/36 1088/1101/36 1089/1103/36
f 1096/1102/36 1089/1103/36 1107/1104/36
f 1107/1104/36 1089/1103/36 1090/1105/36
f 1107/1104/36 1090/1105/36 1106/1106/36
f 1106/1106/36 1090/1105/36 1091/1107/36
f 1106/1106/36 1091/1107/36 1092/1108/36
f 1106/1106/36 1092/1108/36 1105/1109/36
f 1105/1109/36 1092/1108/36 1093/1110/36
f 1105/1109/36 1093/1110/36 1104/1111/36
f 1104/1111/36 1093/1110/36 1094/1112/36
f 1104/1111/36 1094/1112/36 1103/1113/36
f 1103/1113/36 1094/1112/36 1095/1087/36
f 1103/1113/36 1095/1087/36 1102/1089/36
f 566/1315/758 1089/1258/759 552/1316/859
f 552/1317/539 1089/1261/761 1088/1262/762
f 552/1317/860 1088/1262/764 553/1318/765
f 553/1318/884 1088/1262/875 1087/1264/768
f 553/1318/769 1087/1264/770 554/1319/771
f 554/1319/772 1087/1264/773 1086/1266/774
f 554/1319/775 1086/1266/776 555/1320/863
f 555/1320/778 1086/1266/779 1085/1268/780
f 555/1320/781 1085/1268/782 556/1321/783
f 556/1321/784 1085/1268/785 1084/1270/786
f 556/1321/787 1084/1270/788 557/1322/789
f 557/1322/790 1084/1270/864 1083/1272/792
f 557/1322/793 1083/1272/794 558/1323/795
f 558/1323/796 1083/1272/797 1082/1274/798
f 558/1323/799 1082/1274/800 559/1324/865
f 559/1324/885 1082/1274/803 1081/1276/852
f 559/1324/805 1081/1276/132 560/1325/806
f 560/1325/877 1081/1276/853 1095/1278/809
f 560/1325/867 1095/1278/811 561/1326/812
f 561/1326/813 1095/1278/814 1094/1280/815
f 561/1326/816 1094/1280/886 562/1327/818
f 562/1327/819 1094/1280/820 1093/1282/868
f 562/1327/822 1093/1282/823 563/1328/824
f 563/1328/825 1093/1282/826 1092/1284/827
f 563/1328/828 1092/1284/829 564/1329/830
f 564/1329/831 1092/1284/832 1091/1286/833
f 564/1329/870 1091/1286/835 565/1330/836
f 565/1330/871 1091/1286/838 1090/1288/839
f 565/1330/837 1090/1288/872 566/1315/841
f 566/1315/873 1090/1288/843 1089/1258/882
f 1107/1289/845 365/1290/845 1096/1291/760
f 1096/1291/760 365/1290/845 364/1292/760
f 1096/1293/763 364/1294/763 1097/1295/614
f 1097/1295/614 364/1294/763 375/1296/614
f 1097/1295/613 375/1296/613 1098/1297/774
f 1098/1297/774 375/1296/613 374/1298/774
f 1098/1297/779 374/1298/779 1099/1299/848
f 1099/1299/848 374/1298/779 373/1300/848
f 1099/1299/849 373/1300/849 1100/1301/789
f 1100/1301/789 373/1300/849 372/1302/789
f 1100/1301/850 372/1302/850 1101/1303/851
f 1101/1303/851 372/1302/850 371/1304/851
f 1101/1303/595 371/1304/595 1102/1305/852
f 1102/1305/852 371/1304/595 370/1306/852
f 1102/1305/853 370/1306/853 1103/1307/854
f 1103/1307/854 370/1306/853 369/1308/854
f 1103/1307/855 369/1308/855 1104/1309/856
f 1104/1309/856 369/1308/855 368/1310/856
f 1104/1309/822 368/1310/822 1105/1311/578
f 1105/1311/578 368/1310/822 367/1312/578
f 1105/1311/577 367/1312/577 1106/1313/833
f 1106/1313/833 367/1312/577 366/1314/833
f 1106/1313/838 366/1314/838 1107/1289/874
f 1107/1289/874 366/1314/838 365/1290/874
f 1122/1087/36 1108/1088/36 1129/1089/36
f 1129/1089/36 1108/1088/36 1109/1090/36
f 1129/1089/36 1109/1090/36 1128/1091/36
f 1128/1091/36 1109/1090/36 1110/1092/36
f 1128/1091/36 1110/1092/36 1127/1093/36
f 1127/1093/36 1110/1092/36 1111/1094/36
f 1127/1093/36 1111/1094/36 1126/1095/36
f 1126/1095/36 1111/1094/36 1112/1096/36
f 1126/1095/36 1112/1096/36 1125/1097/36
f 1125/1097/36 1112/1096/36 1113/1098/36
f 1125/1097/36 1113/1098/36 1114/1099/36
f 1125/1097/36 1114/1099/36 1124/1100/36
f 1124/1100/36 1114/1099/36 1115/1101/36
f 1124/1100/36 1115/1101/36 1123/1102/36
f 1123/1102/36 1115/1101/36 1116/1103/36
f 1123/1102/36 1116/1103/36 1134/1104/36
f 1134/1104/36 1116/1103/36 1117/1105/36
f 1134/1104/36 1117/1105/36 1133/1106/36
f 1133/1106/36 1117/1105/36 1118/1107/36
f 1133/1106/36 1118/1107/36 1119/1108/36
f 1133/1106/36 1119/1108/36 1132/1109/36
f 1132/1109/36 1119/1108/36 1120/1110/36
f 1132/1109/36 1120/1110/36 1131/1111/36
f 1131/1111/36 1120/1110/36 1121/1112/36
f 1131/1111/36 1121/1112/36 1130/1113/36
f 1130/1113/36 1121/1112/36 1122/1087/36
f 1130/1113/36 1122/1087/36 1129/1089/36
f 506/1331/758 1116/1258/759 492/1332/760
f 492/1333/539 1116/1261/761 1115/1262/762
f 492/1333/763 1115/1262/764 493/1334/765
f 493/1334/766 1115/1262/875 1114/1264/768
f 493/1334/769 1114/1264/770 494/1335/876
f 494/1335/771 1114/1264/773 1113/1266/774
f 494/1335/775 1113/1266/776 495/1336/863
f 495/1336/778 1113/1266/779 1112/1268/780
f 495/1336/781 1112/1268/782 496/1337/783
f 496/1337/784 1112/1268/785 1111/1270/786
f 496/1337/787 1111/1270/788 497/1338/789
f 497/1338/790 1111/1270/864 1110/1272/792
f 497/1338/793 1110/1272/794 498/1339/795
f 498/1339/796 1110/1272/797 1109/1274/798
f 498/1339/799 1109/1274/800 499/1340/865
f 499/1340/802 1109/1274/803 1108/1276/852
f 499/1340/805 1108/1276/132 500/1341/806
f 500/1341/877 1108/1276/808 1122/1278/809
f 500/1341/867 1122/1278/811 501/1342/812
f 501/1342/813 1122/1278/814 1121/1280/815
f 501/1342/816 1121/1280/817 502/1343/818
f 502/1343/818 1121/1280/820 1120/1282/868
f 502/1343/822 1120/1282/823 503/1344/824
f 503/1344/887 1120/1282/826 1119/1284/827
f 503/1344/828 1119/1284/829 504/1345/830
f 504/1345/831 1119/1284/832 1118/1286/833
f 504/1345/870 1118/1286/835 505/1346/836
f 505/1346/871 1118/1286/838 1117/1288/839
f 505/1346/880 1117/1288/872 506/1331/841
f 506/1331/888 1117/1288/843 1116/1258/882
f 1134/1289/845 377/1290/845 1123/1291/760
f 1123/1291/760 377/1290/845 376/1292/760
f 1123/1293/763 376/1294/763 1124/1295/614
f 1124/1295/614 376/1294/763 387/1296/614
f 1124/1295/846 387/1296/846 1125/1297/847
f 1125/1297/847 387/1296/846 386/1298/847
f 1125/1297/779 386/1298/779 1126/1299/848
f 1126/1299/848 386/1298/779 385/1300/848
f 1126/1299/849 385/1300/849 1127/1301/789
f 1127/1301/789 385/1300/849 384/1302/789
f 1127/1301/793 384/1302/793 1128/1303/596
f 1128/1303/596 384/1302/793 383/1304/596
f 1128/1303/595 383/1304/595 1129/1305/852
f 1129/1305/852 383/1304/595 382/1306/852
f 1129/1305/853 382/1306/853 1130/1307/854
f 1130/1307/854 382/1306/853 381/1308/854
f 1130/1307/883 381/1308/883 1131/1309/818
f 1131/1309/818 381/1308/883 380/1310/818
f 1131/1309/822 380/1310/822 1132/1311/578
f 1132/1311/578 380/1310/822 379/1312/578
f 1132/1311/577 379/1312/577 1133/1313/833
f 1133/1313/833 379/1312/577 378/1314/833
f 1133/1313/857 378/1314/857 1134/1289/858
f 1134/1289/858 378/1314/857 377/1290/858
