# Blender 4.2.10 LTS
# www.blender.org
o tmp_export_L_Forearm
v -0.027500 -0.008500 -0.012602
v -0.026066 -0.007783 -0.013884
v -0.024500 -0.007000 -0.015044
v -0.022056 -0.007000 -0.018442
v -0.019144 -0.007000 -0.021449
v -0.015826 -0.007000 -0.024002
v -0.012173 -0.007000 -0.026046
v -0.008261 -0.007000 -0.027537
v -0.004175 -0.007000 -0.028445
v 0.000000 -0.007000 -0.028750
v 0.004175 -0.007000 -0.028445
v 0.008261 -0.007000 -0.027537
v 0.012173 -0.007000 -0.026046
v 0.015826 -0.007000 -0.024002
v 0.019144 -0.007000 -0.021449
v 0.022056 -0.007000 -0.018442
v 0.024500 -0.007000 -0.015044
v 0.026066 -0.007783 -0.013884
v 0.027500 -0.008500 -0.012602
v 0.027500 -0.009000 -0.013759
v 0.025340 -0.009000 -0.017420
v 0.022695 -0.009000 -0.020749
v 0.019616 -0.009000 -0.023680
v 0.016163 -0.009000 -0.026160
v 0.012400 -0.009000 -0.028139
v 0.008401 -0.009000 -0.029580
v 0.004241 -0.009000 -0.030456
v 0.000000 -0.009000 -0.030750
v -0.004241 -0.009000 -0.030456
v -0.008401 -0.009000 -0.029580
v -0.012400 -0.009000 -0.028139
v -0.016163 -0.009000 -0.026160
v -0.019616 -0.009000 -0.023680
v -0.022695 -0.009000 -0.020749
v -0.025340 -0.009000 -0.017420
v -0.027500 -0.009000 -0.013759
v -0.027500 -0.010500 -0.013759
v -0.027500 -0.012000 -0.016847
v -0.027500 -0.012000 -0.022843
v -0.027500 -0.010500 -0.025126
v -0.027500 -0.009000 -0.025126
v -0.027500 -0.008500 -0.025861
v -0.027500 -0.008500 -0.089152
v -0.027500 -0.008500 -0.089318
v -0.027500 -0.026500 -0.089318
v -0.027500 -0.026500 -0.000000
v -0.027500 -0.008500 -0.000000
v 0.027500 -0.010500 -0.013759
v 0.025340 -0.010500 -0.017420
v 0.022695 -0.010500 -0.020749
v 0.019616 -0.010500 -0.023680
v 0.016163 -0.010500 -0.026160
v 0.012400 -0.010500 -0.028139
v 0.008401 -0.010500 -0.029580
v 0.004241 -0.010500 -0.030456
v 0.000000 -0.010500 -0.030750
v -0.004241 -0.010500 -0.030456
v -0.008401 -0.010500 -0.029580
v -0.012400 -0.010500 -0.028139
v -0.016163 -0.010500 -0.026160
v -0.019616 -0.010500 -0.023680
v -0.022695 -0.010500 -0.020749
v -0.025340 -0.010500 -0.017420
v 0.027500 -0.008500 0.000000
v 0.027500 -0.026500 0.000000
v 0.027500 -0.026500 -0.077929
v 0.027500 -0.008500 -0.077929
v 0.027500 -0.008500 -0.025861
v 0.027500 -0.009000 -0.025126
v 0.027500 -0.010500 -0.025126
v 0.027500 -0.012000 -0.022843
v 0.027500 -0.012000 -0.016847
v 0.024500 -0.007000 -0.030665
v 0.020567 -0.007000 -0.033430
v 0.016326 -0.007000 -0.035694
v 0.011839 -0.007000 -0.037422
v 0.007175 -0.007000 -0.038589
v 0.002404 -0.007000 -0.039176
v -0.002404 -0.007000 -0.039176
v -0.007175 -0.007000 -0.038589
v -0.011839 -0.007000 -0.037422
v -0.016326 -0.007000 -0.035694
v -0.020567 -0.007000 -0.033430
v -0.024500 -0.007000 -0.030665
v -0.024074 -0.009000 -0.028425
v -0.020256 -0.009000 -0.031261
v -0.016108 -0.009000 -0.033587
v -0.011697 -0.009000 -0.035366
v -0.007095 -0.009000 -0.036568
v -0.002378 -0.009000 -0.037174
v 0.002378 -0.009000 -0.037174
v 0.007095 -0.009000 -0.036568
v 0.011697 -0.009000 -0.035366
v 0.016108 -0.009000 -0.033587
v 0.020256 -0.009000 -0.031261
v 0.024074 -0.009000 -0.028425
v 0.027379 -0.008439 -0.079024
v 0.024500 -0.007000 -0.077831
v -0.024074 -0.010500 -0.028425
v -0.020256 -0.010500 -0.031261
v -0.016108 -0.010500 -0.033587
v -0.011697 -0.010500 -0.035366
v -0.007095 -0.010500 -0.036568
v -0.002378 -0.010500 -0.037174
v 0.002378 -0.010500 -0.037174
v 0.007095 -0.010500 -0.036568
v 0.011697 -0.010500 -0.035366
v 0.016108 -0.010500 -0.033587
v 0.020256 -0.010500 -0.031261
v 0.024074 -0.010500 -0.028425
v 0.024959 -0.012000 -0.020424
v 0.021956 -0.012000 -0.023622
v 0.018546 -0.012000 -0.026384
v 0.014793 -0.012000 -0.028657
v 0.010767 -0.012000 -0.030400
v 0.006541 -0.012000 -0.031580
v 0.002194 -0.012000 -0.032175
v -0.002194 -0.012000 -0.032175
v -0.006541 -0.012000 -0.031580
v -0.010767 -0.012000 -0.030400
v -0.014793 -0.012000 -0.028657
v -0.018546 -0.012000 -0.026384
v -0.021956 -0.012000 -0.023622
v -0.024959 -0.012000 -0.020424
v 0.024428 -0.012000 -0.026103
v 0.020972 -0.012000 -0.028952
v 0.017187 -0.012000 -0.031348
v 0.013132 -0.012000 -0.033251
v 0.008871 -0.012000 -0.034632
v 0.004470 -0.012000 -0.035469
v 0.000000 -0.012000 -0.035750
v -0.004470 -0.012000 -0.035469
v -0.008871 -0.012000 -0.034632
v -0.013132 -0.012000 -0.033251
v -0.017187 -0.012000 -0.031348
v -0.020972 -0.012000 -0.028952
v -0.024428 -0.012000 -0.026103
v -0.024500 -0.007000 -0.088015
v 0.024335 -0.007000 -0.078689
v 0.023845 -0.007000 -0.079412
v 0.006175 -0.007000 -0.097083
v 0.005596 -0.007000 -0.097475
v 0.004910 -0.007000 -0.097607
v -0.015951 -0.007000 -0.097607
v -0.016688 -0.007000 -0.097455
v -0.017290 -0.007000 -0.097004
v -0.023938 -0.007000 -0.089497
v -0.024359 -0.007000 -0.088809
v -0.008640 -0.007000 -0.039056
v -0.008960 -0.007000 -0.039035
v -0.009115 -0.007000 -0.039072
v -0.009254 -0.007000 -0.039148
v -0.009365 -0.007000 -0.039261
v -0.009440 -0.007000 -0.039400
v -0.009500 -0.007000 -0.039746
v -0.009500 -0.007000 -0.081899
v -0.009452 -0.007000 -0.082192
v -0.009311 -0.007000 -0.082417
v -0.009086 -0.007000 -0.082558
v -0.008793 -0.007000 -0.082607
v -0.000855 -0.007000 -0.082607
v -0.000584 -0.007000 -0.082554
v -0.000355 -0.007000 -0.082399
v 0.009293 -0.007000 -0.072751
v 0.009447 -0.007000 -0.072522
v 0.009500 -0.007000 -0.072251
v 0.009500 -0.007000 -0.039746
v 0.009451 -0.007000 -0.039429
v 0.009382 -0.007000 -0.039286
v 0.009277 -0.007000 -0.039167
v 0.009143 -0.007000 -0.039083
v 0.008990 -0.007000 -0.039039
v 0.008640 -0.007000 -0.039056
v 0.004346 -0.007000 -0.039763
v 0.000000 -0.007000 -0.040000
v -0.004346 -0.007000 -0.039763
v 0.024500 -0.007000 -0.004975
v 0.022932 -0.006216 -0.004065
v 0.021732 -0.005616 -0.003295
v 0.020814 -0.005157 -0.002625
v 0.020121 -0.004810 -0.002027
v 0.019614 -0.004557 -0.001481
v 0.019268 -0.004384 -0.000969
v 0.019066 -0.004283 -0.000479
v 0.019000 -0.004250 0.000000
v -0.006349 -0.009000 -0.041517
v -0.006349 -0.026500 -0.041517
v -0.006775 -0.026500 -0.041545
v -0.007151 -0.026500 -0.041747
v -0.007409 -0.026500 -0.042088
v -0.007500 -0.026500 -0.042506
v -0.007500 -0.009000 -0.042506
v -0.007457 -0.009043 -0.042214
v -0.007338 -0.009106 -0.041960
v -0.007149 -0.009128 -0.041745
v -0.006907 -0.009106 -0.041593
v -0.006638 -0.009043 -0.041515
v -0.006775 -0.017750 -0.041545
v -0.007150 -0.017750 -0.041746
v -0.007409 -0.017750 -0.042088
v -0.007500 -0.009000 -0.042163
v -0.006680 -0.009000 -0.041465
v -0.008213 -0.007674 -0.039863
v -0.007523 -0.008919 -0.041734
v -0.007462 -0.008937 -0.041666
v -0.007249 -0.008948 -0.041477
v -0.007014 -0.008891 -0.041325
v -0.008454 -0.007733 -0.040012
v -0.008674 -0.007722 -0.040201
v -0.008738 -0.007703 -0.040269
v -0.002124 -0.009000 -0.041946
v 0.002124 -0.009000 -0.041946
v 0.006349 -0.009000 -0.041517
v 0.006349 -0.026500 -0.041517
v 0.002124 -0.026500 -0.041946
v -0.002124 -0.026500 -0.041946
v 0.006680 -0.009000 -0.041465
v 0.006638 -0.009043 -0.041515
v -0.001805 -0.009000 -0.080607
v -0.001805 -0.026500 -0.080607
v -0.001546 -0.026500 -0.080573
v -0.001305 -0.026500 -0.080473
v -0.001098 -0.026500 -0.080314
v -0.001098 -0.009000 -0.080314
v -0.001187 -0.009007 -0.080392
v -0.001340 -0.009022 -0.080492
v -0.001508 -0.009022 -0.080562
v -0.001687 -0.009007 -0.080600
v -0.001422 -0.017750 -0.080530
v -0.006500 -0.009000 -0.080607
v -0.006500 -0.026500 -0.080607
v -0.006759 -0.009034 -0.080573
v -0.007500 -0.009000 -0.079607
v -0.007500 -0.026500 -0.079607
v -0.007366 -0.026500 -0.080107
v -0.007000 -0.026500 -0.080473
v -0.007000 -0.009086 -0.080473
v -0.007207 -0.009103 -0.080314
v -0.007366 -0.009086 -0.080107
v -0.007466 -0.009034 -0.079865
v -0.007366 -0.017750 -0.080107
v -0.007000 -0.017750 -0.080473
v 0.007207 -0.009000 -0.072009
v 0.007207 -0.026500 -0.072009
v 0.007366 -0.026500 -0.071802
v 0.007466 -0.026500 -0.071560
v 0.007500 -0.026500 -0.071302
v 0.007500 -0.009000 -0.071302
v 0.007493 -0.009007 -0.071420
v 0.007455 -0.009022 -0.071598
v 0.007385 -0.009022 -0.071767
v 0.007286 -0.009007 -0.071920
v 0.007424 -0.017750 -0.071684
v 0.007500 -0.009000 -0.042506
v 0.007500 -0.026500 -0.042506
v 0.007409 -0.026500 -0.042088
v 0.007151 -0.026500 -0.041747
v 0.006775 -0.026500 -0.041545
v 0.006908 -0.009106 -0.041593
v 0.007150 -0.009128 -0.041746
v 0.007338 -0.009106 -0.041961
v 0.007457 -0.009043 -0.042214
v 0.007409 -0.017750 -0.042088
v 0.007151 -0.017750 -0.041747
v 0.006775 -0.017750 -0.041545
v 0.007500 -0.009000 -0.042163
v 0.008246 -0.007640 -0.039821
v 0.008772 -0.007669 -0.040227
v 0.008708 -0.007688 -0.040160
v 0.008488 -0.007700 -0.039970
v 0.007078 -0.008826 -0.041248
v 0.007314 -0.008883 -0.041399
v 0.007527 -0.008872 -0.041589
v 0.007589 -0.008853 -0.041656
v -0.024500 -0.007000 -0.004975
v -0.023462 -0.007000 -0.008634
v -0.021881 -0.007000 -0.012093
v -0.019793 -0.007000 -0.015272
v -0.017248 -0.007000 -0.018097
v -0.014303 -0.007000 -0.020504
v -0.011027 -0.007000 -0.022436
v -0.007497 -0.007000 -0.023850
v -0.003792 -0.007000 -0.024711
v 0.000000 -0.007000 -0.025000
v 0.003792 -0.007000 -0.024711
v 0.007497 -0.007000 -0.023850
v 0.011027 -0.007000 -0.022436
v 0.014303 -0.007000 -0.020504
v 0.017248 -0.007000 -0.018097
v 0.019793 -0.007000 -0.015272
v 0.021881 -0.007000 -0.012093
v 0.023462 -0.007000 -0.008634
v -0.007277 -0.017500 -0.162796
v -0.007331 -0.018250 -0.162602
v -0.007478 -0.018799 -0.162073
v -0.007679 -0.019000 -0.161350
v -0.007879 -0.018799 -0.160627
v -0.008026 -0.018250 -0.160098
v -0.008080 -0.017500 -0.159904
v -0.008026 -0.016750 -0.160098
v -0.007879 -0.016201 -0.160627
v -0.007679 -0.016000 -0.161350
v -0.007478 -0.016201 -0.162073
v -0.007331 -0.016750 -0.162602
v 0.031372 -0.017500 -0.153193
v 0.031329 -0.016750 -0.152997
v 0.031211 -0.016201 -0.152460
v 0.031051 -0.016000 -0.151727
v 0.030890 -0.016201 -0.150994
v 0.030772 -0.016750 -0.150458
v 0.030729 -0.017500 -0.150262
v 0.030772 -0.018250 -0.150458
v 0.030890 -0.018799 -0.150994
v 0.031051 -0.019000 -0.151727
v 0.031211 -0.018799 -0.152460
v 0.031329 -0.018250 -0.152997
v 0.005580 -0.017500 -0.159602
v 0.018516 -0.017500 -0.156387
v 0.005531 -0.018250 -0.159406
v 0.018467 -0.018250 -0.156192
v 0.005399 -0.018799 -0.158874
v 0.018335 -0.018799 -0.155659
v 0.005218 -0.019000 -0.158146
v 0.018154 -0.019000 -0.154932
v 0.005037 -0.018799 -0.157418
v 0.017973 -0.018799 -0.154204
v 0.004905 -0.018250 -0.156885
v 0.017841 -0.018250 -0.153671
v 0.004856 -0.017500 -0.156690
v 0.017792 -0.017500 -0.153476
v 0.004905 -0.016750 -0.156885
v 0.017841 -0.016750 -0.153671
v 0.005037 -0.016201 -0.157418
v 0.017973 -0.016201 -0.154204
v 0.005218 -0.016000 -0.158146
v 0.018154 -0.016000 -0.154932
v 0.005399 -0.016201 -0.158874
v 0.018335 -0.016201 -0.155659
v 0.005531 -0.016750 -0.159406
v 0.018467 -0.016750 -0.156192
v -0.022932 -0.006216 -0.004065
v -0.021732 -0.005616 -0.003295
v -0.020814 -0.005157 -0.002625
v -0.020121 -0.004810 -0.002027
v -0.019614 -0.004557 -0.001481
v -0.019268 -0.004384 -0.000969
v -0.019066 -0.004283 -0.000479
v -0.019000 -0.004250 -0.000000
v -0.018711 -0.004250 0.003299
v -0.017854 -0.004250 0.006498
v -0.016454 -0.004250 0.009500
v -0.014555 -0.004250 0.012213
v -0.012213 -0.004250 0.014555
v -0.009500 -0.004250 0.016454
v -0.006498 -0.004250 0.017854
v -0.003299 -0.004250 0.018711
v 0.000000 -0.004250 0.019000
v 0.003299 -0.004250 0.018711
v 0.006498 -0.004250 0.017854
v 0.009500 -0.004250 0.016454
v 0.012213 -0.004250 0.014555
v 0.014555 -0.004250 0.012213
v 0.016454 -0.004250 0.009500
v 0.017854 -0.004250 0.006498
v 0.018711 -0.004250 0.003299
v 0.013000 -0.001500 0.000000
v 0.012696 -0.001500 0.002795
v 0.011798 -0.001500 0.005459
v 0.010349 -0.001500 0.007867
v 0.008416 -0.001500 0.009908
v 0.006089 -0.001500 0.011486
v 0.003478 -0.001500 0.012526
v 0.000704 -0.001500 0.012981
v -0.002103 -0.001500 0.012829
v -0.004812 -0.001500 0.012077
v -0.007295 -0.001500 0.010760
v -0.009438 -0.001500 0.008940
v -0.011139 -0.001500 0.006702
v -0.012319 -0.001500 0.004151
v -0.012924 -0.001500 0.001406
v -0.012924 -0.001500 -0.001406
v -0.012319 -0.001500 -0.004151
v -0.011139 -0.001500 -0.006702
v -0.009438 -0.001500 -0.008940
v -0.007295 -0.001500 -0.010760
v -0.004812 -0.001500 -0.012077
v -0.002103 -0.001500 -0.012829
v 0.000704 -0.001500 -0.012981
v 0.003478 -0.001500 -0.012526
v 0.006089 -0.001500 -0.011486
v 0.008416 -0.001500 -0.009908
v 0.010349 -0.001500 -0.007867
v 0.011798 -0.001500 -0.005459
v 0.012696 -0.001500 -0.002795
v -0.013000 -0.000000 -0.000000
v -0.012696 -0.000000 -0.002795
v -0.011798 -0.000000 -0.005459
v -0.010349 -0.000000 -0.007867
v -0.008416 -0.000000 -0.009908
v -0.006089 -0.000000 -0.011486
v -0.003478 -0.000000 -0.012526
v -0.000704 -0.000000 -0.012981
v 0.002103 0.000000 -0.012829
v 0.004812 0.000000 -0.012077
v 0.007295 0.000000 -0.010760
v 0.009438 0.000000 -0.008940
v 0.011139 0.000000 -0.006702
v 0.012319 0.000000 -0.004151
v 0.012924 0.000000 -0.001406
v 0.012924 0.000000 0.001406
v 0.012319 0.000000 0.004151
v 0.011139 0.000000 0.006702
v 0.009438 0.000000 0.008940
v 0.007295 0.000000 0.010760
v 0.004812 0.000000 0.012077
v 0.002103 0.000000 0.012829
v -0.000704 -0.000000 0.012981
v -0.003478 -0.000000 0.012526
v -0.006089 -0.000000 0.011486
v -0.008416 -0.000000 0.009908
v -0.010349 -0.000000 0.007867
v -0.011798 -0.000000 0.005459
v -0.012696 -0.000000 0.002795
v -0.017301 -0.008500 -0.100607
v -0.018038 -0.008500 -0.100455
v -0.018640 -0.008500 -0.100004
v 0.006152 -0.008500 -0.100607
v 0.007417 -0.008500 -0.100083
v 0.006839 -0.008500 -0.100475
v -0.026938 -0.008500 -0.090635
v -0.027329 -0.008500 -0.090020
v -0.027494 -0.008500 -0.089318
v -0.027480 -0.008500 -0.089769
v -0.027419 -0.008500 -0.090217
v -0.027318 -0.008500 -0.090657
v -0.027318 -0.026500 -0.090657
v -0.027419 -0.026500 -0.090217
v -0.027480 -0.026500 -0.089769
v 0.034150 -0.008500 -0.190000
v 0.033841 -0.008500 -0.187058
v 0.032927 -0.008500 -0.184245
v 0.031448 -0.008500 -0.181683
v 0.029468 -0.008500 -0.179485
v 0.027075 -0.008500 -0.177746
v 0.024373 -0.008500 -0.176543
v 0.021479 -0.008500 -0.175928
v 0.018521 -0.008500 -0.175928
v 0.015627 -0.008500 -0.176543
v 0.012925 -0.008500 -0.177746
v 0.010532 -0.008500 -0.179485
v 0.008552 -0.008500 -0.181683
v 0.007073 -0.008500 -0.184245
v 0.006159 -0.008500 -0.187058
v 0.005850 -0.008500 -0.190000
v 0.006159 -0.008500 -0.192942
v 0.007073 -0.008500 -0.195755
v 0.008552 -0.008500 -0.198317
v 0.010532 -0.008500 -0.200515
v 0.012925 -0.008500 -0.202254
v 0.015627 -0.008500 -0.203457
v 0.018521 -0.008500 -0.204072
v 0.021479 -0.008500 -0.204072
v 0.024373 -0.008500 -0.203457
v 0.027075 -0.008500 -0.202254
v 0.029468 -0.008500 -0.200515
v 0.031448 -0.008500 -0.198317
v 0.032927 -0.008500 -0.195755
v 0.033841 -0.008500 -0.192942
v 0.019435 -0.008500 -0.088065
v 0.018472 -0.008500 -0.089419
v 0.018005 -0.008500 -0.091013
v 0.018087 -0.008500 -0.092673
v 0.038558 -0.008500 -0.185926
v 0.038989 -0.008500 -0.189344
v 0.038795 -0.008500 -0.192784
v 0.037983 -0.008500 -0.196132
v 0.036580 -0.008500 -0.199279
v 0.034632 -0.008500 -0.202120
v 0.032203 -0.008500 -0.204563
v 0.029373 -0.008500 -0.206527
v 0.026234 -0.008500 -0.207948
v 0.022891 -0.008500 -0.208779
v 0.019452 -0.008500 -0.208992
v 0.016032 -0.008500 -0.208581
v 0.012742 -0.008500 -0.207559
v 0.009690 -0.008500 -0.205960
v 0.006978 -0.008500 -0.203836
v 0.004694 -0.008500 -0.201257
v 0.002913 -0.008500 -0.198308
v 0.001693 -0.008500 -0.195086
v 0.019435 -0.026500 -0.088065
v 0.018472 -0.026500 -0.089419
v 0.018005 -0.026500 -0.091013
v 0.018087 -0.026500 -0.092673
v 0.026036 -0.008500 -0.081464
v 0.026036 -0.026500 -0.081464
v 0.027330 -0.026500 -0.079223
v 0.026830 -0.026500 -0.080429
v 0.026724 -0.008439 -0.080605
v 0.027119 -0.008392 -0.079842
v 0.001693 -0.026500 -0.195086
v 0.002913 -0.026500 -0.198308
v 0.004694 -0.026500 -0.201257
v 0.006978 -0.026500 -0.203836
v 0.009690 -0.026500 -0.205960
v 0.012742 -0.026500 -0.207559
v 0.016032 -0.026500 -0.208581
v 0.019452 -0.026500 -0.208992
v 0.022891 -0.026500 -0.208779
v 0.026234 -0.026500 -0.207948
v 0.029373 -0.026500 -0.206527
v 0.032203 -0.026500 -0.204563
v 0.034632 -0.026500 -0.202120
v 0.036580 -0.026500 -0.199279
v 0.037983 -0.026500 -0.196132
v 0.038795 -0.026500 -0.192784
v 0.038989 -0.026500 -0.189344
v 0.038558 -0.026500 -0.185926
v 0.027193 -0.026500 0.004099
v 0.026278 -0.026500 0.008106
v 0.024777 -0.026500 0.011932
v 0.022722 -0.026500 0.015491
v 0.020159 -0.026500 0.018705
v 0.017146 -0.026500 0.021500
v 0.013750 -0.026500 0.023816
v 0.010047 -0.026500 0.025599
v 0.006119 -0.026500 0.026811
v 0.002055 -0.026500 0.027423
v -0.002055 -0.026500 0.027423
v -0.006119 -0.026500 0.026811
v -0.010047 -0.026500 0.025599
v -0.013750 -0.026500 0.023816
v -0.017146 -0.026500 0.021500
v -0.020159 -0.026500 0.018705
v -0.022722 -0.026500 0.015491
v -0.024777 -0.026500 0.011932
v -0.026278 -0.026500 0.008106
v -0.027193 -0.026500 0.004099
v 0.007160 -0.026500 0.005000
v 0.007361 -0.026500 0.005750
v 0.007910 -0.026500 0.006299
v 0.008660 -0.026500 0.006500
v 0.009410 -0.026500 0.006299
v 0.009959 -0.026500 0.005750
v 0.010160 -0.026500 0.005000
v 0.009959 -0.026500 0.004250
v 0.009410 -0.026500 0.003701
v 0.008660 -0.026500 0.003500
v 0.007910 -0.026500 0.003701
v 0.007361 -0.026500 0.004250
v -0.010160 -0.026500 0.005000
v -0.009959 -0.026500 0.005750
v -0.009410 -0.026500 0.006299
v -0.008660 -0.026500 0.006500
v -0.007910 -0.026500 0.006299
v -0.007361 -0.026500 0.005750
v -0.007160 -0.026500 0.005000
v -0.007361 -0.026500 0.004250
v -0.007910 -0.026500 0.003701
v -0.008660 -0.026500 0.003500
v -0.009410 -0.026500 0.003701
v -0.009959 -0.026500 0.004250
v -0.010160 -0.026500 -0.005000
v -0.009959 -0.026500 -0.004250
v -0.009410 -0.026500 -0.003701
v -0.008660 -0.026500 -0.003500
v -0.007910 -0.026500 -0.003701
v -0.007361 -0.026500 -0.004250
v -0.007160 -0.026500 -0.005000
v -0.007361 -0.026500 -0.005750
v -0.007910 -0.026500 -0.006299
v -0.008660 -0.026500 -0.006500
v -0.009410 -0.026500 -0.006299
v -0.009959 -0.026500 -0.005750
v -0.001500 -0.026500 0.010000
v -0.001299 -0.026500 0.010750
v -0.000750 -0.026500 0.011299
v 0.000000 -0.026500 0.011500
v 0.000750 -0.026500 0.011299
v 0.001299 -0.026500 0.010750
v 0.001500 -0.026500 0.010000
v 0.001299 -0.026500 0.009250
v 0.000750 -0.026500 0.008701
v 0.000000 -0.026500 0.008500
v -0.000750 -0.026500 0.008701
v -0.001299 -0.026500 0.009250
v 0.007160 -0.026500 -0.005000
v 0.007361 -0.026500 -0.004250
v 0.007910 -0.026500 -0.003701
v 0.008660 -0.026500 -0.003500
v 0.009410 -0.026500 -0.003701
v 0.009959 -0.026500 -0.004250
v 0.010160 -0.026500 -0.005000
v 0.009959 -0.026500 -0.005750
v 0.009410 -0.026500 -0.006299
v 0.008660 -0.026500 -0.006500
v 0.007910 -0.026500 -0.006299
v 0.007361 -0.026500 -0.005750
v -0.001500 -0.026500 -0.010000
v -0.001299 -0.026500 -0.009250
v -0.000750 -0.026500 -0.008701
v 0.000000 -0.026500 -0.008500
v 0.000750 -0.026500 -0.008701
v 0.001299 -0.026500 -0.009250
v 0.001500 -0.026500 -0.010000
v 0.001299 -0.026500 -0.010750
v 0.000750 -0.026500 -0.011299
v 0.000000 -0.026500 -0.011500
v -0.000750 -0.026500 -0.011299
v -0.001299 -0.026500 -0.010750
v 0.005850 -0.026500 -0.190000
v 0.006159 -0.026500 -0.187058
v 0.007073 -0.026500 -0.184245
v 0.008552 -0.026500 -0.181683
v 0.010532 -0.026500 -0.179485
v 0.012925 -0.026500 -0.177746
v 0.015627 -0.026500 -0.176543
v 0.018521 -0.026500 -0.175928
v 0.021479 -0.026500 -0.175928
v 0.024373 -0.026500 -0.176543
v 0.027075 -0.026500 -0.177746
v 0.029468 -0.026500 -0.179485
v 0.031448 -0.026500 -0.181683
v 0.032927 -0.026500 -0.184245
v 0.033841 -0.026500 -0.187058
v 0.034150 -0.026500 -0.190000
v 0.033841 -0.026500 -0.192942
v 0.032927 -0.026500 -0.195755
v 0.031448 -0.026500 -0.198317
v 0.029468 -0.026500 -0.200515
v 0.027075 -0.026500 -0.202254
v 0.024373 -0.026500 -0.203457
v 0.021479 -0.026500 -0.204072
v 0.018521 -0.026500 -0.204072
v 0.015627 -0.026500 -0.203457
v 0.012925 -0.026500 -0.202254
v 0.010532 -0.026500 -0.200515
v 0.008552 -0.026500 -0.198317
v 0.007073 -0.026500 -0.195755
v 0.006159 -0.026500 -0.192942
v -0.027193 -0.008500 0.004099
v -0.026278 -0.008500 0.008106
v -0.024777 -0.008500 0.011932
v -0.022722 -0.008500 0.015491
v -0.020159 -0.008500 0.018705
v -0.017146 -0.008500 0.021500
v -0.013750 -0.008500 0.023816
v -0.010047 -0.008500 0.025599
v -0.006119 -0.008500 0.026811
v -0.002055 -0.008500 0.027423
v 0.002055 -0.008500 0.027423
v 0.006119 -0.008500 0.026811
v 0.010047 -0.008500 0.025599
v 0.013750 -0.008500 0.023816
v 0.017146 -0.008500 0.021500
v 0.020159 -0.008500 0.018705
v 0.022722 -0.008500 0.015491
v 0.024777 -0.008500 0.011932
v 0.026278 -0.008500 0.008106
v 0.027193 -0.008500 0.004099
v 0.028950 -0.020500 -0.190000
v 0.028645 -0.020500 -0.187684
v 0.027751 -0.020500 -0.185525
v 0.026329 -0.020500 -0.183671
v 0.024475 -0.020500 -0.182249
v 0.022316 -0.020500 -0.181355
v 0.020000 -0.020500 -0.181050
v 0.017684 -0.020500 -0.181355
v 0.015525 -0.020500 -0.182249
v 0.013671 -0.020500 -0.183671
v 0.012249 -0.020500 -0.185525
v 0.011355 -0.020500 -0.187684
v 0.011050 -0.020500 -0.190000
v 0.011355 -0.020500 -0.192316
v 0.012249 -0.020500 -0.194475
v 0.013671 -0.020500 -0.196329
v 0.015525 -0.020500 -0.197751
v 0.017684 -0.020500 -0.198645
v 0.020000 -0.020500 -0.198950
v 0.022316 -0.020500 -0.198645
v 0.024475 -0.020500 -0.197751
v 0.026329 -0.020500 -0.196329
v 0.027751 -0.020500 -0.194475
v 0.028645 -0.020500 -0.192316
v 0.028950 -0.014500 -0.190000
v 0.028645 -0.014500 -0.192316
v 0.027751 -0.014500 -0.194475
v 0.026329 -0.014500 -0.196329
v 0.024475 -0.014500 -0.197751
v 0.022316 -0.014500 -0.198645
v 0.020000 -0.014500 -0.198950
v 0.017684 -0.014500 -0.198645
v 0.015525 -0.014500 -0.197751
v 0.013671 -0.014500 -0.196329
v 0.012249 -0.014500 -0.194475
v 0.011355 -0.014500 -0.192316
v 0.011050 -0.014500 -0.190000
v 0.011355 -0.014500 -0.187684
v 0.012249 -0.014500 -0.185525
v 0.013671 -0.014500 -0.183671
v 0.015525 -0.014500 -0.182249
v 0.017684 -0.014500 -0.181355
v 0.020000 -0.014500 -0.181050
v 0.022316 -0.014500 -0.181355
v 0.024475 -0.014500 -0.182249
v 0.026329 -0.014500 -0.183671
v 0.027751 -0.014500 -0.185525
v 0.028645 -0.014500 -0.187684
v 0.005850 -0.020500 -0.190000
v 0.006159 -0.020500 -0.187058
v 0.007073 -0.020500 -0.184245
v 0.008552 -0.020500 -0.181683
v 0.010532 -0.020500 -0.179485
v 0.012925 -0.020500 -0.177746
v 0.015627 -0.020500 -0.176543
v 0.018521 -0.020500 -0.175928
v 0.021479 -0.020500 -0.175928
v 0.024373 -0.020500 -0.176543
v 0.027075 -0.020500 -0.177746
v 0.029468 -0.020500 -0.179485
v 0.031448 -0.020500 -0.181683
v 0.032927 -0.020500 -0.184245
v 0.033841 -0.020500 -0.187058
v 0.034150 -0.020500 -0.190000
v 0.033841 -0.020500 -0.192942
v 0.032927 -0.020500 -0.195755
v 0.031448 -0.020500 -0.198317
v 0.029468 -0.020500 -0.200515
v 0.027075 -0.020500 -0.202254
v 0.024373 -0.020500 -0.203457
v 0.021479 -0.020500 -0.204072
v 0.018521 -0.020500 -0.204072
v 0.015627 -0.020500 -0.203457
v 0.012925 -0.020500 -0.202254
v 0.010532 -0.020500 -0.200515
v 0.008552 -0.020500 -0.198317
v 0.007073 -0.020500 -0.195755
v 0.006159 -0.020500 -0.192942
v 0.034150 -0.014500 -0.190000
v 0.033841 -0.014500 -0.187058
v 0.032927 -0.014500 -0.184245
v 0.031448 -0.014500 -0.181683
v 0.029468 -0.014500 -0.179485
v 0.027075 -0.014500 -0.177746
v 0.024373 -0.014500 -0.176543
v 0.021479 -0.014500 -0.175928
v 0.018521 -0.014500 -0.175928
v 0.015627 -0.014500 -0.176543
v 0.012925 -0.014500 -0.177746
v 0.010532 -0.014500 -0.179485
v 0.008552 -0.014500 -0.181683
v 0.007073 -0.014500 -0.184245
v 0.006159 -0.014500 -0.187058
v 0.005850 -0.014500 -0.190000
v 0.006159 -0.014500 -0.192942
v 0.007073 -0.014500 -0.195755
v 0.008552 -0.014500 -0.198317
v 0.010532 -0.014500 -0.200515
v 0.012925 -0.014500 -0.202254
v 0.015627 -0.014500 -0.203457
v 0.018521 -0.014500 -0.204072
v 0.021479 -0.014500 -0.204072
v 0.024373 -0.014500 -0.203457
v 0.027075 -0.014500 -0.202254
v 0.029468 -0.014500 -0.200515
v 0.031448 -0.014500 -0.198317
v 0.032927 -0.014500 -0.195755
v 0.033841 -0.014500 -0.192942
v -0.010160 -0.000000 0.005000
v -0.009959 -0.000000 0.005750
v -0.009410 -0.000000 0.006299
v -0.008660 -0.000000 0.006500
v -0.007910 -0.000000 0.006299
v -0.007361 -0.000000 0.005750
v -0.007160 -0.000000 0.005000
v -0.007361 -0.000000 0.004250
v -0.007910 -0.000000 0.003701
v -0.008660 -0.000000 0.003500
v -0.009410 -0.000000 0.003701
v -0.009959 -0.000000 0.004250
v -0.010160 -0.013250 0.005000
v -0.009959 -0.013250 0.004250
v -0.009410 -0.013250 0.003701
v -0.008660 -0.013250 0.003500
v -0.007910 -0.013250 0.003701
v -0.007361 -0.013250 0.004250
v -0.007160 -0.013250 0.005000
v -0.007361 -0.013250 0.005750
v -0.007910 -0.013250 0.006299
v -0.008660 -0.013250 0.006500
v -0.009410 -0.013250 0.006299
v -0.009959 -0.013250 0.005750
v -0.001500 -0.000000 -0.010000
v -0.001299 -0.000000 -0.009250
v -0.000750 -0.000000 -0.008701
v 0.000000 0.000000 -0.008500
v 0.000750 0.000000 -0.008701
v 0.001299 0.000000 -0.009250
v 0.001500 0.000000 -0.010000
v 0.001299 0.000000 -0.010750
v 0.000750 0.000000 -0.011299
v 0.000000 0.000000 -0.011500
v -0.000750 -0.000000 -0.011299
v -0.001299 -0.000000 -0.010750
v -0.001500 -0.013250 -0.010000
v -0.001299 -0.013250 -0.010750
v -0.000750 -0.013250 -0.011299
v 0.000000 -0.013250 -0.011500
v 0.000750 -0.013250 -0.011299
v 0.001299 -0.013250 -0.010750
v 0.001500 -0.013250 -0.010000
v 0.001299 -0.013250 -0.009250
v 0.000750 -0.013250 -0.008701
v 0.000000 -0.013250 -0.008500
v -0.000750 -0.013250 -0.008701
v -0.001299 -0.013250 -0.009250
v -0.010160 -0.000000 -0.005000
v -0.009959 -0.000000 -0.004250
v -0.009410 -0.000000 -0.003701
v -0.008660 -0.000000 -0.003500
v -0.007910 -0.000000 -0.003701
v -0.007361 -0.000000 -0.004250
v -0.007160 -0.000000 -0.005000
v -0.007361 -0.000000 -0.005750
v -0.007910 -0.000000 -0.006299
v -0.008660 -0.000000 -0.006500
v -0.009410 -0.000000 -0.006299
v -0.009959 -0.000000 -0.005750
v -0.010160 -0.013250 -0.005000
v -0.009959 -0.013250 -0.005750
v -0.009410 -0.013250 -0.006299
v -0.008660 -0.013250 -0.006500
v -0.007910 -0.013250 -0.006299
v -0.007361 -0.013250 -0.005750
v -0.007160 -0.013250 -0.005000
v -0.007361 -0.013250 -0.004250
v -0.007910 -0.013250 -0.003701
v -0.008660 -0.013250 -0.003500
v -0.009410 -0.013250 -0.003701
v -0.009959 -0.013250 -0.004250
v 0.007160 0.000000 -0.005000
v 0.007361 0.000000 -0.004250
v 0.007910 0.000000 -0.003701
v 0.008660 0.000000 -0.003500
v 0.009410 0.000000 -0.003701
v 0.009959 0.000000 -0.004250
v 0.010160 0.000000 -0.005000
v 0.009959 0.000000 -0.005750
v 0.009410 0.000000 -0.006299
v 0.008660 0.000000 -0.006500
v 0.007910 0.000000 -0.006299
v 0.007361 0.000000 -0.005750
v 0.007160 -0.013250 -0.005000
v 0.007361 -0.013250 -0.005750
v 0.007910 -0.013250 -0.006299
v 0.008660 -0.013250 -0.006500
v 0.009410 -0.013250 -0.006299
v 0.009959 -0.013250 -0.005750
v 0.010160 -0.013250 -0.005000
v 0.009959 -0.013250 -0.004250
v 0.009410 -0.013250 -0.003701
v 0.008660 -0.013250 -0.003500
v 0.007910 -0.013250 -0.003701
v 0.007361 -0.013250 -0.004250
v 0.007160 0.000000 0.005000
v 0.007361 0.000000 0.005750
v 0.007910 0.000000 0.006299
v 0.008660 0.000000 0.006500
v 0.009410 0.000000 0.006299
v 0.009959 0.000000 0.005750
v 0.010160 0.000000 0.005000
v 0.009959 0.000000 0.004250
v 0.009410 0.000000 0.003701
v 0.008660 0.000000 0.003500
v 0.007910 0.000000 0.003701
v 0.007361 0.000000 0.004250
v 0.007160 -0.013250 0.005000
v 0.007361 -0.013250 0.004250
v 0.007910 -0.013250 0.003701
v 0.008660 -0.013250 0.003500
v 0.009410 -0.013250 0.003701
v 0.009959 -0.013250 0.004250
v 0.010160 -0.013250 0.005000
v 0.009959 -0.013250 0.005750
v 0.009410 -0.013250 0.006299
v 0.008660 -0.013250 0.006500
v 0.007910 -0.013250 0.006299
v 0.007361 -0.013250 0.005750
v -0.001500 -0.000000 0.010000
v -0.001299 -0.000000 0.010750
v -0.000750 -0.000000 0.011299
v -0.000000 -0.000000 0.011500
v 0.000750 0.000000 0.011299
v 0.001299 0.000000 0.010750
v 0.001500 0.000000 0.010000
v 0.001299 0.000000 0.009250
v 0.000750 0.000000 0.008701
v -0.000000 -0.000000 0.008500
v -0.000750 -0.000000 0.008701
v -0.001299 -0.000000 0.009250
v -0.001500 -0.013250 0.010000
v -0.001299 -0.013250 0.009250
v -0.000750 -0.013250 0.008701
v 0.000000 -0.013250 0.008500
v 0.000750 -0.013250 0.008701
v 0.001299 -0.013250 0.009250
v 0.001500 -0.013250 0.010000
v 0.001299 -0.013250 0.010750
v 0.000750 -0.013250 0.011299
v 0.000000 -0.013250 0.011500
v -0.000750 -0.013250 0.011299
v -0.001299 -0.013250 0.010750
v 0.020000 -0.014500 -0.181500
v 0.017707 -0.014500 -0.181815
v 0.015584 -0.014500 -0.182737
v 0.013788 -0.014500 -0.184198
v 0.012453 -0.014500 -0.186089
v 0.011678 -0.014500 -0.188271
v 0.011520 -0.014500 -0.190580
v 0.011991 -0.014500 -0.192846
v 0.013056 -0.014500 -0.194902
v 0.014636 -0.014500 -0.196594
v 0.016614 -0.014500 -0.197796
v 0.018843 -0.014500 -0.198421
v 0.021157 -0.014500 -0.198421
v 0.023386 -0.014500 -0.197796
v 0.025364 -0.014500 -0.196594
v 0.026944 -0.014500 -0.194902
v 0.028009 -0.014500 -0.192846
v 0.028480 -0.014500 -0.190580
v 0.028322 -0.014500 -0.188271
v 0.027547 -0.014500 -0.186089
v 0.026212 -0.014500 -0.184198
v 0.024416 -0.014500 -0.182737
v 0.022293 -0.014500 -0.181815
v 0.020000 -0.006500 -0.181500
v 0.022293 -0.006500 -0.181815
v 0.024416 -0.006500 -0.182737
v 0.026212 -0.006500 -0.184198
v 0.027547 -0.006500 -0.186089
v 0.028322 -0.006500 -0.188271
v 0.028480 -0.006500 -0.190580
v 0.028009 -0.006500 -0.192846
v 0.026944 -0.006500 -0.194902
v 0.025364 -0.006500 -0.196594
v 0.023386 -0.006500 -0.197796
v 0.021157 -0.006500 -0.198421
v 0.018843 -0.006500 -0.198421
v 0.016614 -0.006500 -0.197796
v 0.014636 -0.006500 -0.196594
v 0.013056 -0.006500 -0.194902
v 0.011991 -0.006500 -0.192846
v 0.011520 -0.006500 -0.190580
v 0.011678 -0.006500 -0.188271
v 0.012453 -0.006500 -0.186089
v 0.013788 -0.006500 -0.184198
v 0.015584 -0.006500 -0.182737
v 0.017707 -0.006500 -0.181815
v 0.020000 -0.014500 -0.202500
v 0.017218 -0.014500 -0.202187
v 0.014576 -0.014500 -0.201262
v 0.012206 -0.014500 -0.199773
v 0.010227 -0.014500 -0.197794
v 0.008738 -0.014500 -0.195424
v 0.007813 -0.014500 -0.192782
v 0.007500 -0.014500 -0.190000
v 0.007813 -0.014500 -0.187218
v 0.008738 -0.014500 -0.184576
v 0.010227 -0.014500 -0.182206
v 0.012206 -0.014500 -0.180227
v 0.014576 -0.014500 -0.178738
v 0.017218 -0.014500 -0.177813
v 0.020000 -0.014500 -0.177500
v 0.022782 -0.014500 -0.177813
v 0.025424 -0.014500 -0.178738
v 0.027794 -0.014500 -0.180227
v 0.029773 -0.014500 -0.182206
v 0.031262 -0.014500 -0.184576
v 0.032187 -0.014500 -0.187218
v 0.032500 -0.014500 -0.190000
v 0.032187 -0.014500 -0.192782
v 0.031262 -0.014500 -0.195424
v 0.029773 -0.014500 -0.197794
v 0.027794 -0.014500 -0.199773
v 0.025424 -0.014500 -0.201262
v 0.022782 -0.014500 -0.202187
v 0.020000 -0.006500 -0.202500
v 0.022782 -0.006500 -0.202187
v 0.025424 -0.006500 -0.201262
v 0.027794 -0.006500 -0.199773
v 0.029773 -0.006500 -0.197794
v 0.031262 -0.006500 -0.195424
v 0.032187 -0.006500 -0.192782
v 0.032500 -0.006500 -0.190000
v 0.032187 -0.006500 -0.187218
v 0.031262 -0.006500 -0.184576
v 0.029773 -0.006500 -0.182206
v 0.027794 -0.006500 -0.180227
v 0.025424 -0.006500 -0.178738
v 0.022782 -0.006500 -0.177813
v 0.020000 -0.006500 -0.177500
v 0.017218 -0.006500 -0.177813
v 0.014576 -0.006500 -0.178738
v 0.012206 -0.006500 -0.180227
v 0.010227 -0.006500 -0.182206
v 0.008738 -0.006500 -0.184576
v 0.007813 -0.006500 -0.187218
v 0.007500 -0.006500 -0.190000
v 0.007813 -0.006500 -0.192782
v 0.008738 -0.006500 -0.195424
v 0.010227 -0.006500 -0.197794
v 0.012206 -0.006500 -0.199773
v 0.014576 -0.006500 -0.201262
v 0.017218 -0.006500 -0.202187
v 0.020000 -0.014500 -0.184000
v 0.018146 -0.014500 -0.184294
v 0.016473 -0.014500 -0.185146
v 0.015146 -0.014500 -0.186473
v 0.014294 -0.014500 -0.188146
v 0.014000 -0.014500 -0.190000
v 0.014294 -0.014500 -0.191854
v 0.015146 -0.014500 -0.193527
v 0.016473 -0.014500 -0.194854
v 0.018146 -0.014500 -0.195706
v 0.020000 -0.014500 -0.196000
v 0.021854 -0.014500 -0.195706
v 0.023527 -0.014500 -0.194854
v 0.024854 -0.014500 -0.193527
v 0.025706 -0.014500 -0.191854
v 0.026000 -0.014500 -0.190000
v 0.025706 -0.014500 -0.188146
v 0.024854 -0.014500 -0.186473
v 0.023527 -0.014500 -0.185146
v 0.021854 -0.014500 -0.184294
v 0.020000 -0.006500 -0.184000
v 0.021854 -0.006500 -0.184294
v 0.023527 -0.006500 -0.185146
v 0.024854 -0.006500 -0.186473
v 0.025706 -0.006500 -0.188146
v 0.026000 -0.006500 -0.190000
v 0.025706 -0.006500 -0.191854
v 0.024854 -0.006500 -0.193527
v 0.023527 -0.006500 -0.194854
v 0.021854 -0.006500 -0.195706
v 0.020000 -0.006500 -0.196000
v 0.018146 -0.006500 -0.195706
v 0.016473 -0.006500 -0.194854
v 0.015146 -0.006500 -0.193527
v 0.014294 -0.006500 -0.191854
v 0.014000 -0.006500 -0.190000
v 0.014294 -0.006500 -0.188146
v 0.015146 -0.006500 -0.186473
v 0.016473 -0.006500 -0.185146
v 0.018146 -0.006500 -0.184294
v 0.020000 -0.014500 -0.198500
v 0.017707 -0.014500 -0.198185
v 0.015584 -0.014500 -0.197263
v 0.013788 -0.014500 -0.195802
v 0.012453 -0.014500 -0.193911
v 0.011678 -0.014500 -0.191729
v 0.011520 -0.014500 -0.189420
v 0.011991 -0.014500 -0.187154
v 0.013056 -0.014500 -0.185098
v 0.014636 -0.014500 -0.183406
v 0.016614 -0.014500 -0.182204
v 0.018843 -0.014500 -0.181579
v 0.021157 -0.014500 -0.181579
v 0.023386 -0.014500 -0.182204
v 0.025364 -0.014500 -0.183406
v 0.026944 -0.014500 -0.185098
v 0.028009 -0.014500 -0.187154
v 0.028480 -0.014500 -0.189420
v 0.028322 -0.014500 -0.191729
v 0.027547 -0.014500 -0.193911
v 0.026212 -0.014500 -0.195802
v 0.024416 -0.014500 -0.197263
v 0.022293 -0.014500 -0.198185
v 0.020000 -0.006500 -0.198500
v 0.022293 -0.006500 -0.198185
v 0.024416 -0.006500 -0.197263
v 0.026212 -0.006500 -0.195802
v 0.027547 -0.006500 -0.193911
v 0.028322 -0.006500 -0.191729
v 0.028480 -0.006500 -0.189420
v 0.028009 -0.006500 -0.187154
v 0.026944 -0.006500 -0.185098
v 0.025364 -0.006500 -0.183406
v 0.023386 -0.006500 -0.182204
v 0.021157 -0.006500 -0.181579
v 0.018843 -0.006500 -0.181579
v 0.016614 -0.006500 -0.182204
v 0.014636 -0.006500 -0.183406
v 0.013056 -0.006500 -0.185098
v 0.011991 -0.006500 -0.187154
v 0.011520 -0.006500 -0.189420
v 0.011678 -0.006500 -0.191729
v 0.012453 -0.006500 -0.193911
v 0.013788 -0.006500 -0.195802
v 0.015584 -0.006500 -0.197263
v 0.017707 -0.006500 -0.198185
v 0.020000 -0.014500 -0.177500
v 0.017218 -0.014500 -0.177813
v 0.014576 -0.014500 -0.178738
v 0.012206 -0.014500 -0.180227
v 0.010227 -0.014500 -0.182206
v 0.008738 -0.014500 -0.184576
v 0.007813 -0.014500 -0.187218
v 0.007500 -0.014500 -0.190000
v 0.007813 -0.014500 -0.192782
v 0.008738 -0.014500 -0.195424
v 0.010227 -0.014500 -0.197794
v 0.012206 -0.014500 -0.199773
v 0.014576 -0.014500 -0.201262
v 0.017218 -0.014500 -0.202187
v 0.020000 -0.014500 -0.202500
v 0.022782 -0.014500 -0.202187
v 0.025424 -0.014500 -0.201262
v 0.027794 -0.014500 -0.199773
v 0.029773 -0.014500 -0.197794
v 0.031262 -0.014500 -0.195424
v 0.032187 -0.014500 -0.192782
v 0.032500 -0.014500 -0.190000
v 0.032187 -0.014500 -0.187218
v 0.031262 -0.014500 -0.184576
v 0.029773 -0.014500 -0.182206
v 0.027794 -0.014500 -0.180227
v 0.025424 -0.014500 -0.178738
v 0.022782 -0.014500 -0.177813
v 0.020000 -0.006500 -0.177500
v 0.022782 -0.006500 -0.177813
v 0.025424 -0.006500 -0.178738
v 0.027794 -0.006500 -0.180227
v 0.029773 -0.006500 -0.182206
v 0.031262 -0.006500 -0.184576
v 0.032187 -0.006500 -0.187218
v 0.032500 -0.006500 -0.190000
v 0.032187 -0.006500 -0.192782
v 0.031262 -0.006500 -0.195424
v 0.029773 -0.006500 -0.197794
v 0.027794 -0.006500 -0.199773
v 0.025424 -0.006500 -0.201262
v 0.022782 -0.006500 -0.202187
v 0.020000 -0.006500 -0.202500
v 0.017218 -0.006500 -0.202187
v 0.014576 -0.006500 -0.201262
v 0.012206 -0.006500 -0.199773
v 0.010227 -0.006500 -0.197794
v 0.008738 -0.006500 -0.195424
v 0.007813 -0.006500 -0.192782
v 0.007500 -0.006500 -0.190000
v 0.007813 -0.006500 -0.187218
v 0.008738 -0.006500 -0.184576
v 0.010227 -0.006500 -0.182206
v 0.012206 -0.006500 -0.180227
v 0.014576 -0.006500 -0.178738
v 0.017218 -0.006500 -0.177813
v 0.020000 -0.014500 -0.204000
v 0.017089 -0.014500 -0.203694
v 0.014306 -0.014500 -0.202790
v 0.011771 -0.014500 -0.201326
v 0.009596 -0.014500 -0.199368
v 0.007876 -0.014500 -0.197000
v 0.006685 -0.014500 -0.194326
v 0.006077 -0.014500 -0.191463
v 0.006077 -0.014500 -0.188537
v 0.006685 -0.014500 -0.185674
v 0.007876 -0.014500 -0.183000
v 0.009596 -0.014500 -0.180632
v 0.011771 -0.014500 -0.178674
v 0.014306 -0.014500 -0.177210
v 0.017089 -0.014500 -0.176306
v 0.020000 -0.014500 -0.176000
v 0.022911 -0.014500 -0.176306
v 0.025694 -0.014500 -0.177210
v 0.028229 -0.014500 -0.178674
v 0.030404 -0.014500 -0.180632
v 0.032124 -0.014500 -0.183000
v 0.033315 -0.014500 -0.185674
v 0.033923 -0.014500 -0.188537
v 0.033923 -0.014500 -0.191463
v 0.033315 -0.014500 -0.194326
v 0.032124 -0.014500 -0.197000
v 0.030404 -0.014500 -0.199368
v 0.028229 -0.014500 -0.201326
v 0.025694 -0.014500 -0.202790
v 0.022911 -0.014500 -0.203694
v 0.020000 -0.006500 -0.204000
v 0.022911 -0.006500 -0.203694
v 0.025694 -0.006500 -0.202790
v 0.028229 -0.006500 -0.201326
v 0.030404 -0.006500 -0.199368
v 0.032124 -0.006500 -0.197000
v 0.033315 -0.006500 -0.194326
v 0.033923 -0.006500 -0.191463
v 0.033923 -0.006500 -0.188537
v 0.033315 -0.006500 -0.185674
v 0.032124 -0.006500 -0.183000
v 0.030404 -0.006500 -0.180632
v 0.028229 -0.006500 -0.178674
v 0.025694 -0.006500 -0.177210
v 0.022911 -0.006500 -0.176306
v 0.020000 -0.006500 -0.176000
v 0.017089 -0.006500 -0.176306
v 0.014306 -0.006500 -0.177210
v 0.011771 -0.006500 -0.178674
v 0.009596 -0.006500 -0.180632
v 0.007876 -0.006500 -0.183000
v 0.006685 -0.006500 -0.185674
v 0.006077 -0.006500 -0.188537
v 0.006077 -0.006500 -0.191463
v 0.006685 -0.006500 -0.194326
v 0.007876 -0.006500 -0.197000
v 0.009596 -0.006500 -0.199368
v 0.011771 -0.006500 -0.201326
v 0.014306 -0.006500 -0.202790
v 0.017089 -0.006500 -0.203694
v 0.020000 -0.020500 -0.198500
v 0.017707 -0.020500 -0.198185
v 0.015584 -0.020500 -0.197263
v 0.013788 -0.020500 -0.195802
v 0.012453 -0.020500 -0.193911
v 0.011678 -0.020500 -0.191729
v 0.011520 -0.020500 -0.189420
v 0.011991 -0.020500 -0.187154
v 0.013056 -0.020500 -0.185098
v 0.014636 -0.020500 -0.183406
v 0.016614 -0.020500 -0.182204
v 0.018843 -0.020500 -0.181579
v 0.021157 -0.020500 -0.181579
v 0.023386 -0.020500 -0.182204
v 0.025364 -0.020500 -0.183406
v 0.026944 -0.020500 -0.185098
v 0.028009 -0.020500 -0.187154
v 0.028480 -0.020500 -0.189420
v 0.028322 -0.020500 -0.191729
v 0.027547 -0.020500 -0.193911
v 0.026212 -0.020500 -0.195802
v 0.024416 -0.020500 -0.197263
v 0.022293 -0.020500 -0.198185
v 0.020000 -0.028500 -0.198500
v 0.022293 -0.028500 -0.198185
v 0.024416 -0.028500 -0.197263
v 0.026212 -0.028500 -0.195802
v 0.027547 -0.028500 -0.193911
v 0.028322 -0.028500 -0.191729
v 0.028480 -0.028500 -0.189420
v 0.028009 -0.028500 -0.187154
v 0.026944 -0.028500 -0.185098
v 0.025364 -0.028500 -0.183406
v 0.023386 -0.028500 -0.182204
v 0.021157 -0.028500 -0.181579
v 0.018843 -0.028500 -0.181579
v 0.016614 -0.028500 -0.182204
v 0.014636 -0.028500 -0.183406
v 0.013056 -0.028500 -0.185098
v 0.011991 -0.028500 -0.187154
v 0.011520 -0.028500 -0.189420
v 0.011678 -0.028500 -0.191729
v 0.012453 -0.028500 -0.193911
v 0.013788 -0.028500 -0.195802
v 0.015584 -0.028500 -0.197263
v 0.017707 -0.028500 -0.198185
v 0.020000 -0.020500 -0.177500
v 0.017218 -0.020500 -0.177813
v 0.014576 -0.020500 -0.178738
v 0.012206 -0.020500 -0.180227
v 0.010227 -0.020500 -0.182206
v 0.008738 -0.020500 -0.184576
v 0.007813 -0.020500 -0.187218
v 0.007500 -0.020500 -0.190000
v 0.007813 -0.020500 -0.192782
v 0.008738 -0.020500 -0.195424
v 0.010227 -0.020500 -0.197794
v 0.012206 -0.020500 -0.199773
v 0.014576 -0.020500 -0.201262
v 0.017218 -0.020500 -0.202187
v 0.020000 -0.020500 -0.202500
v 0.022782 -0.020500 -0.202187
v 0.025424 -0.020500 -0.201262
v 0.027794 -0.020500 -0.199773
v 0.029773 -0.020500 -0.197794
v 0.031262 -0.020500 -0.195424
v 0.032187 -0.020500 -0.192782
v 0.032500 -0.020500 -0.190000
v 0.032187 -0.020500 -0.187218
v 0.031262 -0.020500 -0.184576
v 0.029773 -0.020500 -0.182206
v 0.027794 -0.020500 -0.180227
v 0.025424 -0.020500 -0.178738
v 0.022782 -0.020500 -0.177813
v 0.020000 -0.028500 -0.177500
v 0.022782 -0.028500 -0.177813
v 0.025424 -0.028500 -0.178738
v 0.027794 -0.028500 -0.180227
v 0.029773 -0.028500 -0.182206
v 0.031262 -0.028500 -0.184576
v 0.032187 -0.028500 -0.187218
v 0.032500 -0.028500 -0.190000
v 0.032187 -0.028500 -0.192782
v 0.031262 -0.028500 -0.195424
v 0.029773 -0.028500 -0.197794
v 0.027794 -0.028500 -0.199773
v 0.025424 -0.028500 -0.201262
v 0.022782 -0.028500 -0.202187
v 0.020000 -0.028500 -0.202500
v 0.017218 -0.028500 -0.202187
v 0.014576 -0.028500 -0.201262
v 0.012206 -0.028500 -0.199773
v 0.010227 -0.028500 -0.197794
v 0.008738 -0.028500 -0.195424
v 0.007813 -0.028500 -0.192782
v 0.007500 -0.028500 -0.190000
v 0.007813 -0.028500 -0.187218
v 0.008738 -0.028500 -0.184576
v 0.010227 -0.028500 -0.182206
v 0.012206 -0.028500 -0.180227
v 0.014576 -0.028500 -0.178738
v 0.017218 -0.028500 -0.177813
v 0.020000 -0.020500 -0.196000
v 0.018146 -0.020500 -0.195706
v 0.016473 -0.020500 -0.194854
v 0.015146 -0.020500 -0.193527
v 0.014294 -0.020500 -0.191854
v 0.014000 -0.020500 -0.190000
v 0.014294 -0.020500 -0.188146
v 0.015146 -0.020500 -0.186473
v 0.016473 -0.020500 -0.185146
v 0.018146 -0.020500 -0.184294
v 0.020000 -0.020500 -0.184000
v 0.021854 -0.020500 -0.184294
v 0.023527 -0.020500 -0.185146
v 0.024854 -0.020500 -0.186473
v 0.025706 -0.020500 -0.188146
v 0.026000 -0.020500 -0.190000
v 0.025706 -0.020500 -0.191854
v 0.024854 -0.020500 -0.193527
v 0.023527 -0.020500 -0.194854
v 0.021854 -0.020500 -0.195706
v 0.020000 -0.028500 -0.196000
v 0.021854 -0.028500 -0.195706
v 0.023527 -0.028500 -0.194854
v 0.024854 -0.028500 -0.193527
v 0.025706 -0.028500 -0.191854
v 0.026000 -0.028500 -0.190000
v 0.025706 -0.028500 -0.188146
v 0.024854 -0.028500 -0.186473
v 0.023527 -0.028500 -0.185146
v 0.021854 -0.028500 -0.184294
v 0.020000 -0.028500 -0.184000
v 0.018146 -0.028500 -0.184294
v 0.016473 -0.028500 -0.185146
v 0.015146 -0.028500 -0.186473
v 0.014294 -0.028500 -0.188146
v 0.014000 -0.028500 -0.190000
v 0.014294 -0.028500 -0.191854
v 0.015146 -0.028500 -0.193527
v 0.016473 -0.028500 -0.194854
v 0.018146 -0.028500 -0.195706
v 0.020000 -0.020500 -0.181500
v 0.017707 -0.020500 -0.181815
v 0.015584 -0.020500 -0.182737
v 0.013788 -0.020500 -0.184198
v 0.012453 -0.020500 -0.186089
v 0.011678 -0.020500 -0.188271
v 0.011520 -0.020500 -0.190580
v 0.011991 -0.020500 -0.192846
v 0.013056 -0.020500 -0.194902
v 0.014636 -0.020500 -0.196594
v 0.016614 -0.020500 -0.197796
v 0.018843 -0.020500 -0.198421
v 0.021157 -0.020500 -0.198421
v 0.023386 -0.020500 -0.197796
v 0.025364 -0.020500 -0.196594
v 0.026944 -0.020500 -0.194902
v 0.028009 -0.020500 -0.192846
v 0.028480 -0.020500 -0.190580
v 0.028322 -0.020500 -0.188271
v 0.027547 -0.020500 -0.186089
v 0.026212 -0.020500 -0.184198
v 0.024416 -0.020500 -0.182737
v 0.022293 -0.020500 -0.181815
v 0.020000 -0.028500 -0.181500
v 0.022293 -0.028500 -0.181815
v 0.024416 -0.028500 -0.182737
v 0.026212 -0.028500 -0.184198
v 0.027547 -0.028500 -0.186089
v 0.028322 -0.028500 -0.188271
v 0.028480 -0.028500 -0.190580
v 0.028009 -0.028500 -0.192846
v 0.026944 -0.028500 -0.194902
v 0.025364 -0.028500 -0.196594
v 0.023386 -0.028500 -0.197796
v 0.021157 -0.028500 -0.198421
v 0.018843 -0.028500 -0.198421
v 0.016614 -0.028500 -0.197796
v 0.014636 -0.028500 -0.196594
v 0.013056 -0.028500 -0.194902
v 0.011991 -0.028500 -0.192846
v 0.011520 -0.028500 -0.190580
v 0.011678 -0.028500 -0.188271
v 0.012453 -0.028500 -0.186089
v 0.013788 -0.028500 -0.184198
v 0.015584 -0.028500 -0.182737
v 0.017707 -0.028500 -0.181815
v 0.020000 -0.020500 -0.202500
v 0.017218 -0.020500 -0.202187
v 0.014576 -0.020500 -0.201262
v 0.012206 -0.020500 -0.199773
v 0.010227 -0.020500 -0.197794
v 0.008738 -0.020500 -0.195424
v 0.007813 -0.020500 -0.192782
v 0.007500 -0.020500 -0.190000
v 0.007813 -0.020500 -0.187218
v 0.008738 -0.020500 -0.184576
v 0.010227 -0.020500 -0.182206
v 0.012206 -0.020500 -0.180227
v 0.014576 -0.020500 -0.178738
v 0.017218 -0.020500 -0.177813
v 0.020000 -0.020500 -0.177500
v 0.022782 -0.020500 -0.177813
v 0.025424 -0.020500 -0.178738
v 0.027794 -0.020500 -0.180227
v 0.029773 -0.020500 -0.182206
v 0.031262 -0.020500 -0.184576
v 0.032187 -0.020500 -0.187218
v 0.032500 -0.020500 -0.190000
v 0.032187 -0.020500 -0.192782
v 0.031262 -0.020500 -0.195424
v 0.029773 -0.020500 -0.197794
v 0.027794 -0.020500 -0.199773
v 0.025424 -0.020500 -0.201262
v 0.022782 -0.020500 -0.202187
v 0.020000 -0.028500 -0.202500
v 0.022782 -0.028500 -0.202187
v 0.025424 -0.028500 -0.201262
v 0.027794 -0.028500 -0.199773
v 0.029773 -0.028500 -0.197794
v 0.031262 -0.028500 -0.195424
v 0.032187 -0.028500 -0.192782
v 0.032500 -0.028500 -0.190000
v 0.032187 -0.028500 -0.187218
v 0.031262 -0.028500 -0.184576
v 0.029773 -0.028500 -0.182206
v 0.027794 -0.028500 -0.180227
v 0.025424 -0.028500 -0.178738
v 0.022782 -0.028500 -0.177813
v 0.020000 -0.028500 -0.177500
v 0.017218 -0.028500 -0.177813
v 0.014576 -0.028500 -0.178738
v 0.012206 -0.028500 -0.180227
v 0.010227 -0.028500 -0.182206
v 0.008738 -0.028500 -0.184576
v 0.007813 -0.028500 -0.187218
v 0.007500 -0.028500 -0.190000
v 0.007813 -0.028500 -0.192782
v 0.008738 -0.028500 -0.195424
v 0.010227 -0.028500 -0.197794
v 0.012206 -0.028500 -0.199773
v 0.014576 -0.028500 -0.201262
v 0.017218 -0.028500 -0.202187
v 0.020000 -0.020500 -0.176000
v 0.017089 -0.020500 -0.176306
v 0.014306 -0.020500 -0.177210
v 0.011771 -0.020500 -0.178674
v 0.009596 -0.020500 -0.180632
v 0.007876 -0.020500 -0.183000
v 0.006685 -0.020500 -0.185674
v 0.006077 -0.020500 -0.188537
v 0.006077 -0.020500 -0.191463
v 0.006685 -0.020500 -0.194326
v 0.007876 -0.020500 -0.197000
v 0.009596 -0.020500 -0.199368
v 0.011771 -0.020500 -0.201326
v 0.014306 -0.020500 -0.202790
v 0.017089 -0.020500 -0.203694
v 0.020000 -0.020500 -0.204000
v 0.022911 -0.020500 -0.203694
v 0.025694 -0.020500 -0.202790
v 0.028229 -0.020500 -0.201326
v 0.030404 -0.020500 -0.199368
v 0.032124 -0.020500 -0.197000
v 0.033315 -0.020500 -0.194326
v 0.033923 -0.020500 -0.191463
v 0.033923 -0.020500 -0.188537
v 0.033315 -0.020500 -0.185674
v 0.032124 -0.020500 -0.183000
v 0.030404 -0.020500 -0.180632
v 0.028229 -0.020500 -0.178674
v 0.025694 -0.020500 -0.177210
v 0.022911 -0.020500 -0.176306
v 0.020000 -0.028500 -0.176000
v 0.022911 -0.028500 -0.176306
v 0.025694 -0.028500 -0.177210
v 0.028229 -0.028500 -0.178674
v 0.030404 -0.028500 -0.180632
v 0.032124 -0.028500 -0.183000
v 0.033315 -0.028500 -0.185674
v 0.033923 -0.028500 -0.188537
v 0.033923 -0.028500 -0.191463
v 0.033315 -0.028500 -0.194326
v 0.032124 -0.028500 -0.197000
v 0.030404 -0.028500 -0.199368
v 0.028229 -0.028500 -0.201326
v 0.025694 -0.028500 -0.202790
v 0.022911 -0.028500 -0.203694
v 0.020000 -0.028500 -0.204000
v 0.017089 -0.028500 -0.203694
v 0.014306 -0.028500 -0.202790
v 0.011771 -0.028500 -0.201326
v 0.009596 -0.028500 -0.199368
v 0.007876 -0.028500 -0.197000
v 0.006685 -0.028500 -0.194326
v 0.006077 -0.028500 -0.191463
v 0.006077 -0.028500 -0.188537
v 0.006685 -0.028500 -0.185674
v 0.007876 -0.028500 -0.183000
v 0.009596 -0.028500 -0.180632
v 0.011771 -0.028500 -0.178674
v 0.014306 -0.028500 -0.177210
v 0.017089 -0.028500 -0.176306
vn -0.6428 0.7071 -0.2946
vn -0.6241 0.7071 -0.3324
vn -0.6324 0.7071 -0.3164
vn -0.6026 0.7071 -0.3700
vn -0.5827 0.7071 -0.4006
vn -0.5425 0.7071 -0.4536
vn -0.5219 0.7071 -0.4771
vn -0.5424 0.7071 -0.4536
vn -0.4709 0.7071 -0.5275
vn -0.4511 0.7071 -0.5445
vn -0.4708 0.7071 -0.5275
vn -0.3892 0.7071 -0.5903
vn -0.3717 0.7071 -0.6015
vn -0.3717 0.7071 -0.6016
vn -0.2994 0.7071 -0.6406
vn -0.3716 0.7071 -0.6016
vn -0.2852 0.7071 -0.6471
vn -0.2851 0.7071 -0.6471
vn -0.2032 0.7071 -0.6773
vn -0.1932 0.7071 -0.6802
vn -0.1027 0.7071 -0.6996
vn -0.0975 0.7071 -0.7004
vn -0.1026 0.7071 -0.6996
vn -0.0000 0.7071 -0.7071
vn -0.0975 0.7071 -0.7003
vn 0.0975 0.7071 -0.7004
vn 0.1027 0.7071 -0.6996
vn 0.0975 0.7071 -0.7003
vn 0.1932 0.7071 -0.6802
vn 0.2032 0.7071 -0.6773
vn 0.2851 0.7071 -0.6471
vn 0.2994 0.7071 -0.6406
vn 0.2852 0.7071 -0.6470
vn 0.3716 0.7071 -0.6016
vn 0.3717 0.7071 -0.6016
vn 0.3892 0.7071 -0.5903
vn 0.3717 0.7071 -0.6015
vn 0.4511 0.7071 -0.5445
vn 0.4708 0.7071 -0.5275
vn 0.4709 0.7071 -0.5275
vn 0.5219 0.7071 -0.4771
vn 0.5424 0.7071 -0.4536
vn 0.5425 0.7071 -0.4536
vn 0.5827 0.7071 -0.4006
vn 0.6026 0.7071 -0.3700
vn 0.6324 0.7071 -0.3164
vn 0.6241 0.7071 -0.3324
vn 0.6428 0.7071 -0.2946
vn -1.0000 -0.0000 -0.0000
vn -0.8943 -0.0000 -0.4474
vn -0.8241 -0.0000 -0.5665
vn -0.7380 -0.0000 -0.6747
vn -0.7380 -0.0000 -0.6748
vn -0.6380 -0.0000 -0.7701
vn -0.6379 -0.0000 -0.7701
vn -0.5257 -0.0000 -0.8507
vn -0.5256 -0.0000 -0.8507
vn -0.4033 -0.0000 -0.9151
vn -0.2732 -0.0000 -0.9620
vn -0.1379 -0.0000 -0.9904
vn -0.0000 -0.0000 -1.0000
vn 0.1379 -0.0000 -0.9904
vn 0.2732 -0.0000 -0.9620
vn 0.4033 -0.0000 -0.9151
vn 0.5256 -0.0000 -0.8507
vn 0.5257 -0.0000 -0.8507
vn 0.6379 -0.0000 -0.7701
vn 0.6380 -0.0000 -0.7701
vn 0.7380 -0.0000 -0.6748
vn 0.7380 -0.0000 -0.6747
vn 0.8241 -0.0000 -0.5665
vn 0.8943 -0.0000 -0.4474
vn 1.0000 -0.0000 -0.0000
vn -0.5220 0.7071 0.4770
vn -0.5151 0.7071 0.4844
vn -0.4570 0.7071 0.5396
vn -0.4414 0.7071 0.5524
vn -0.3845 0.7071 0.5934
vn -0.3705 0.7071 0.6023
vn -0.3058 0.7071 0.6376
vn -0.2941 0.7071 0.6430
vn -0.2220 0.7071 0.6713
vn -0.2133 0.7071 0.6742
vn -0.1347 0.7071 0.6942
vn -0.1293 0.7071 0.6952
vn -0.0452 0.7071 0.7057
vn -0.0451 0.7071 0.7057
vn -0.1292 0.7071 0.6952
vn -0.0433 0.7071 0.7058
vn 0.0451 0.7067 0.7060
vn 0.0451 0.7071 0.7057
vn -0.0433 0.7068 0.7061
vn 0.0433 0.7071 0.7058
vn 0.1292 0.7071 0.6952
vn 0.1293 0.7071 0.6952
vn 0.1347 0.7071 0.6942
vn 0.2133 0.7071 0.6742
vn 0.2220 0.7071 0.6713
vn 0.2941 0.7071 0.6430
vn 0.2221 0.7071 0.6713
vn 0.3058 0.7071 0.6376
vn 0.3705 0.7071 0.6023
vn 0.3705 0.7071 0.6022
vn 0.3845 0.7071 0.5934
vn 0.4414 0.7071 0.5524
vn 0.4570 0.7071 0.5396
vn 0.5151 0.7071 0.4844
vn 0.5220 0.7071 0.4770
vn 0.4475 0.8943 -0.0000
vn 0.4472 0.8944 -0.0000
vn -0.7382 -0.0000 0.6745
vn -0.6463 -0.0000 0.7631
vn -0.5438 -0.0000 0.8392
vn -0.4324 -0.0000 0.9017
vn -0.3140 -0.0000 0.9494
vn -0.1905 -0.0000 0.9817
vn -0.0639 -0.0000 0.9980
vn -0.0638 -0.0000 0.9980
vn 0.0638 -0.0000 0.9980
vn 0.0639 -0.0000 0.9980
vn 0.1905 -0.0000 0.9817
vn 0.3140 -0.0000 0.9494
vn 0.4324 -0.0000 0.9017
vn 0.5438 -0.0000 0.8392
vn 0.6463 -0.0000 0.7631
vn 0.7382 -0.0000 0.6745
vn 0.6030 0.7071 -0.3694
vn 0.6029 0.7071 -0.3694
vn 0.5473 0.7071 -0.4478
vn 0.5472 0.7071 -0.4478
vn 0.4814 0.7071 -0.5179
vn 0.4511 0.7071 -0.5446
vn 0.4067 0.7071 -0.5785
vn 0.4066 0.7071 -0.5785
vn 0.3244 0.7071 -0.6283
vn 0.2852 0.7071 -0.6471
vn 0.3243 0.7071 -0.6283
vn 0.2361 0.7071 -0.6665
vn 0.1434 0.7071 -0.6924
vn 0.0481 0.7071 -0.7055
vn -0.0481 0.7071 -0.7055
vn -0.1434 0.7071 -0.6924
vn -0.2361 0.7071 -0.6665
vn -0.3243 0.7071 -0.6283
vn -0.3244 0.7071 -0.6283
vn -0.4066 0.7071 -0.5785
vn -0.4511 0.7071 -0.5446
vn -0.4067 0.7071 -0.5785
vn -0.4814 0.7071 -0.5179
vn -0.5472 0.7071 -0.4478
vn -0.5473 0.7071 -0.4478
vn -0.6030 0.7071 -0.3694
vn -0.0000 1.0000 -0.0000
vn 0.5439 0.7071 0.4518
vn 0.4832 0.7071 0.5163
vn 0.4148 0.7071 0.5726
vn 0.4148 0.7071 0.5727
vn 0.3400 0.7071 0.6200
vn 0.3399 0.7071 0.6200
vn 0.2598 0.7071 0.6577
vn 0.2597 0.7071 0.6577
vn 0.1755 0.7071 0.6850
vn 0.0884 0.7071 0.7016
vn 0.0452 0.7071 0.7057
vn -0.0000 0.7071 0.7071
vn -0.0884 0.7071 0.7016
vn -0.1755 0.7071 0.6850
vn -0.2597 0.7071 0.6577
vn -0.2221 0.7071 0.6713
vn -0.2598 0.7071 0.6577
vn -0.3399 0.7071 0.6200
vn -0.3400 0.7071 0.6200
vn -0.4148 0.7071 0.5727
vn -0.4148 0.7071 0.5726
vn -0.4832 0.7071 0.5163
vn -0.5439 0.7071 0.4518
vn -0.4472 0.8944 -0.0000
vn 0.4473 0.8944 0.0001
vn 0.4473 0.8944 -0.0000
vn -0.1511 -0.0000 -0.9885
vn 0.1382 -0.0000 -0.9904
vn 0.1384 -0.0000 -0.9904
vn 0.2752 -0.0000 -0.9614
vn 0.2753 -0.0000 -0.9614
vn 0.4073 -0.0000 -0.9133
vn 0.2753 0.0023 -0.9613
vn 0.6501 -0.0000 -0.7598
vn 0.4074 -0.0000 -0.9132
vn 0.6502 -0.0000 -0.7598
vn 0.6489 -0.0000 -0.7609
vn 0.6490 -0.0000 -0.7608
vn 0.6503 -0.0000 -0.7597
vn 0.8378 -0.0000 -0.5460
vn 0.6502 0.0023 -0.7597
vn 0.9087 -0.0000 -0.4175
vn 0.8379 -0.0000 -0.5459
vn 0.9087 -0.0000 -0.4174
vn 0.9565 -0.0000 -0.2916
vn 0.9566 -0.0000 -0.2914
vn 1.0000 -0.0000 -0.0001
vn 0.6515 -0.0000 -0.7586
vn 0.6516 -0.0000 -0.7586
vn 0.6502 -0.0000 -0.7597
vn 0.6514 -0.0000 -0.7587
vn 0.2754 -0.0000 -0.9613
vn 0.7071 0.7072 -0.0000
vn 0.5506 0.8062 -0.2166
vn 0.7070 0.7072 -0.0001
vn 0.7071 0.7071 -0.0001
vn 0.5541 0.8046 -0.2135
vn 0.5449 0.8100 -0.2168
vn 0.5433 0.8116 -0.2148
vn 0.5448 0.8100 -0.2169
vn 0.5432 0.8116 -0.2149
vn 0.4809 0.8292 -0.2849
vn 0.5432 0.8117 -0.2149
vn 0.4390 0.8395 -0.3202
vn 0.4808 0.8292 -0.2849
vn 0.3199 0.8481 -0.4223
vn 0.4808 0.8292 -0.2850
vn 0.2616 0.8409 -0.4738
vn 0.2615 0.8409 -0.4738
vn 0.1936 0.8359 -0.5137
vn 0.2615 0.8409 -0.4739
vn 0.1935 0.8359 -0.5137
vn 0.0689 0.8050 -0.5893
vn 0.0688 0.8050 -0.5893
vn 0.0195 0.7817 -0.6234
vn -0.1527 0.7072 -0.6904
vn -0.1527 0.7071 -0.6904
vn -0.1124 0.7071 -0.6981
vn 0.0195 0.7816 -0.6234
vn 0.0405 0.7789 -0.6258
vn 0.0404 0.7789 -0.6259
vn -0.1125 0.7071 -0.6981
vn -0.1116 0.7071 -0.6982
vn 0.1225 0.8046 -0.5811
vn 0.1226 0.8046 -0.5810
vn 0.2762 0.8359 -0.4744
vn 0.2762 0.8359 -0.4743
vn 0.1227 0.8046 -0.5810
vn 0.3525 0.8391 -0.4144
vn 0.2763 0.8359 -0.4743
vn 0.3526 0.8390 -0.4143
vn 0.4887 0.8247 -0.2848
vn 0.4887 0.8247 -0.2847
vn 0.3527 0.8391 -0.4143
vn 0.5540 0.8047 -0.2136
vn 0.5540 0.8046 -0.2135
vn 0.5505 0.8062 -0.2167
vn 0.5506 0.8062 -0.2167
vn 0.4888 0.8247 -0.2847
vn 0.0196 0.7817 -0.6234
vn 0.2761 0.8359 -0.4744
vn -0.0506 -0.0000 -0.9987
vn 0.0506 -0.0000 -0.9987
vn 0.1511 -0.0000 -0.9885
vn -0.0768 0.7071 -0.7029
vn -0.1069 0.7071 -0.6990
vn -0.1117 0.7071 -0.6982
vn -0.0358 0.7071 -0.7062
vn -0.0357 0.7071 -0.7062
vn 0.0357 0.7071 -0.7062
vn 0.0358 0.7071 -0.7062
vn 0.0768 0.7071 -0.7029
vn 0.1069 0.7071 -0.6990
vn 0.1125 0.7071 -0.6981
vn 0.1116 0.7071 -0.6982
vn 0.1527 0.7071 -0.6904
vn 0.0002 -0.0000 1.0000
vn -0.1182 -0.0000 0.9930
vn -0.1185 -0.0000 0.9930
vn -0.0001 -0.0000 1.0000
vn -0.3826 -0.0000 0.9239
vn -0.3827 -0.0000 0.9239
vn -0.2968 -0.0000 0.9549
vn -0.4652 -0.0004 0.8852
vn -0.4654 -0.0000 0.8851
vn -0.3828 -0.0000 0.9239
vn -0.6184 -0.0000 0.7859
vn -0.3828 -0.0000 0.9238
vn -0.7071 -0.0000 0.7071
vn -0.7070 -0.0000 0.7072
vn -0.5000 -0.0000 0.8660
vn -0.5001 -0.0000 0.8660
vn -0.2587 -0.0000 0.9659
vn -0.2589 0.0009 0.9659
vn -0.4999 -0.0000 0.8661
vn -0.5000 0.7071 0.5000
vn -0.3429 0.7314 0.5894
vn -0.4999 0.7071 0.5001
vn -0.2598 0.7345 0.6269
vn -0.2597 0.7345 0.6269
vn -0.1741 0.7322 0.6585
vn -0.1744 0.7314 0.6592
vn -0.2596 0.7345 0.6270
vn -0.0001 0.7071 0.7071
vn -0.1743 0.7314 0.6593
vn -0.0000 -0.0000 1.0000
vn 1.0000 -0.0000 0.0001
vn 0.9659 -0.0000 0.2587
vn 0.9659 -0.0000 0.2588
vn 0.8661 -0.0000 0.4999
vn 0.9659 -0.0000 0.2589
vn 0.8660 -0.0000 0.5001
vn 0.7072 -0.0000 0.7070
vn 0.7071 -0.0000 0.7071
vn 0.5001 -0.0000 0.8660
vn 0.7071 -0.0000 0.7072
vn 0.5000 -0.0000 0.8661
vn 0.5000 -0.0000 0.8660
vn 0.2589 -0.0000 0.9659
vn 0.2587 -0.0000 0.9660
vn 0.4999 -0.0000 0.8661
vn 0.0001 -0.0000 1.0000
vn 0.0001 0.7072 0.7071
vn 0.2113 0.7886 0.5774
vn 0.2113 0.7887 0.5774
vn 0.0001 0.7071 0.7071
vn 0.2112 0.7887 0.5774
vn 0.2114 0.7887 0.5773
vn 0.4082 0.8165 0.4083
vn 0.4083 0.8165 0.4082
vn 0.5773 0.7887 0.2114
vn 0.5774 0.7887 0.2113
vn 0.7071 0.7071 0.0001
vn 0.5774 0.7886 0.2113
vn 0.7071 0.7071 -0.0000
vn -0.7858 -0.0000 0.6185
vn -0.7859 -0.0000 0.6183
vn -0.7072 -0.0000 0.7070
vn -0.9239 -0.0000 0.3827
vn -0.7859 -0.0000 0.6184
vn -0.9238 -0.0000 0.3828
vn -0.8851 -0.0000 0.4654
vn -0.8851 -0.0000 0.4653
vn -0.9549 -0.0005 0.2969
vn -0.9550 -0.0000 0.2967
vn -0.9239 -0.0000 0.3826
vn -0.9930 -0.0000 0.1185
vn -0.9930 -0.0000 0.1184
vn -1.0000 -0.0000 0.0001
vn -0.9659 -0.0000 0.2588
vn -0.9660 -0.0000 0.2587
vn -0.8660 -0.0000 0.5001
vn -0.9239 -0.0000 0.3828
vn -0.8661 0.0010 0.5000
vn -0.9659 -0.0000 0.2589
vn -0.7071 0.7071 -0.0000
vn -0.6592 0.7314 0.1743
vn -0.7071 0.7071 0.0001
vn -0.6270 0.7345 0.2596
vn -0.6592 0.7315 0.1744
vn -0.6270 0.7345 0.2597
vn -0.5886 0.7323 0.3425
vn -0.5894 0.7314 0.3429
vn -0.6269 0.7345 0.2598
vn -0.5000 0.7071 0.4999
vn -0.4999 0.7071 0.5000
vn -0.5002 0.7072 0.4997
vn -1.0000 -0.0000 -0.0001
vn -0.9566 -0.0000 -0.2914
vn -0.9566 -0.0000 -0.2915
vn -0.9087 -0.0000 -0.4173
vn -0.9565 -0.0000 -0.2916
vn -0.9087 -0.0000 -0.4175
vn -0.8384 -0.0000 -0.5451
vn -0.8383 -0.0000 -0.5452
vn -0.9087 0.0023 -0.4175
vn -0.6508 -0.0000 -0.7593
vn -0.8383 -0.0000 -0.5453
vn -0.6500 -0.0000 -0.7599
vn -0.6499 -0.0000 -0.7600
vn -0.6507 -0.0000 -0.7594
vn -0.4082 -0.0000 -0.9129
vn -0.6506 0.0023 -0.7594
vn -0.2754 -0.0000 -0.9613
vn -0.4081 -0.0000 -0.9129
vn -0.2753 -0.0000 -0.9614
vn -0.1384 -0.0000 -0.9904
vn -0.1383 -0.0000 -0.9904
vn -0.2752 -0.0000 -0.9614
vn -0.6506 -0.0000 -0.7594
vn -0.6514 -0.0000 -0.7587
vn -0.6515 -0.0000 -0.7586
vn -0.9087 -0.0000 -0.4174
vn 0.1124 0.7072 -0.6981
vn 0.1527 0.7072 -0.6904
vn -0.0188 0.7817 -0.6234
vn -0.0187 0.7817 -0.6234
vn -0.0919 0.8120 -0.5763
vn -0.0188 0.7817 -0.6233
vn -0.0920 0.8120 -0.5763
vn -0.2610 0.8410 -0.4739
vn -0.0920 0.8121 -0.5763
vn -0.2177 0.8398 -0.4974
vn -0.2611 0.8410 -0.4739
vn -0.3434 0.8481 -0.4035
vn -0.2611 0.8410 -0.4738
vn -0.4806 0.8294 -0.2850
vn -0.4806 0.8293 -0.2850
vn -0.4602 0.8355 -0.3002
vn -0.4807 0.8293 -0.2849
vn -0.5610 0.8045 -0.1950
vn -0.5449 0.8099 -0.2172
vn -0.5447 0.8101 -0.2169
vn -0.5610 0.8045 -0.1949
vn -0.7071 0.7071 -0.0001
vn -0.5546 0.8044 -0.2128
vn -0.5547 0.8044 -0.2128
vn -0.5503 0.8064 -0.2166
vn -0.7071 0.7072 -0.0001
vn -0.5503 0.8064 -0.2167
vn -0.5502 0.8064 -0.2167
vn -0.4884 0.8249 -0.2847
vn -0.5446 0.8101 -0.2169
vn -0.4883 0.8249 -0.2847
vn -0.4883 0.8249 -0.2848
vn -0.2754 0.8362 -0.4743
vn -0.2755 0.8362 -0.4743
vn -0.2753 0.8361 -0.4744
vn -0.0393 0.7790 -0.6257
vn -0.0189 0.7817 -0.6233
vn -0.0393 0.7790 -0.6258
vn 0.1124 0.7071 -0.6981
vn -0.5545 0.8045 -0.2129
vn -0.3537 0.8391 -0.4134
vn -0.3536 0.8391 -0.4135
vn -0.2755 0.8361 -0.4743
vn -0.2754 0.8362 -0.4744
vn -0.3535 0.8391 -0.4135
vn -0.1234 0.8048 -0.5805
vn -0.1234 0.8048 -0.5806
vn -0.0394 0.7790 -0.6257
vn -0.1233 0.8048 -0.5806
vn -0.0392 0.7790 -0.6258
vn -0.2088 0.4999 0.8405
vn -0.2430 0.0001 0.9700
vn -0.2411 0.0001 0.9705
vn -0.2087 0.4999 0.8405
vn -0.2411 -0.0001 0.9705
vn -0.2412 -0.0001 0.9705
vn -0.2088 -0.4999 0.8405
vn -0.2413 -0.0001 0.9705
vn -0.2086 -0.4999 0.8406
vn -0.2089 -0.4999 0.8405
vn -0.2393 -0.0001 0.9709
vn -0.2088 0.5001 0.8404
vn -0.1207 0.8660 0.4853
vn -0.1206 0.8660 0.4853
vn -0.1205 0.8661 0.4852
vn -0.1206 0.8661 0.4851
vn -0.0000 1.0000 0.0001
vn -0.1206 0.8661 0.4852
vn -0.0000 1.0000 -0.0001
vn 0.1206 0.8661 -0.4851
vn 0.1206 0.8661 -0.4852
vn 0.1205 0.8661 -0.4852
vn 0.1206 0.8660 -0.4853
vn 0.2087 0.5001 -0.8405
vn 0.2088 0.5001 -0.8404
vn 0.2089 0.4999 -0.8405
vn 0.2088 0.4999 -0.8405
vn 0.2413 0.0001 -0.9704
vn 0.2411 0.0001 -0.9705
vn 0.2070 0.4999 -0.8410
vn 0.2411 -0.0001 -0.9705
vn 0.2429 -0.0001 -0.9700
vn 0.2088 -0.4999 -0.8405
vn 0.2087 -0.4999 -0.8406
vn 0.2088 -0.5001 -0.8404
vn 0.1206 -0.8660 -0.4853
vn 0.1207 -0.8660 -0.4853
vn 0.1206 -0.8661 -0.4851
vn 0.1205 -0.8661 -0.4851
vn -0.0000 -1.0000 -0.0001
vn 0.1206 -0.8661 -0.4852
vn -0.0000 -1.0000 0.0001
vn -0.1206 -0.8661 0.4852
vn -0.1205 -0.8661 0.4852
vn -0.1206 -0.8661 0.4851
vn -0.1206 -0.8660 0.4853
vn -0.2088 -0.5001 0.8404
vn -0.2070 -0.4999 0.8410
vn -0.1207 -0.8660 0.4853
vn 0.0001 -1.0000 0.0001
vn 0.1205 -0.8661 -0.4852
vn 0.2087 -0.5001 -0.8404
vn 0.2413 -0.0001 -0.9704
vn 0.2106 -0.4999 -0.8401
vn 0.2412 0.0001 -0.9705
vn 0.2393 0.0001 -0.9709
vn 0.2087 0.4999 -0.8406
vn 0.1208 0.8660 -0.4853
vn -0.1207 0.8661 0.4852
vn -0.2086 0.5001 0.8405
vn -0.2089 0.4999 0.8405
vn -0.2106 0.4999 0.8401
vn -0.2413 0.0001 0.9705
vn -0.2412 0.0001 0.9705
vn 0.0001 1.0000 0.0001
vn 0.1207 0.8660 -0.4853
vn 0.2413 0.0001 -0.9705
vn 0.2413 -0.0001 -0.9705
vn 0.2087 -0.5001 -0.8405
vn -0.1207 -0.8661 0.4852
vn -0.2087 -0.5001 0.8404
vn -0.1205 -0.8661 0.4851
vn 0.4103 0.9091 0.0723
vn 0.4167 0.9091 -0.0000
vn 0.4165 0.9091 -0.0105
vn 0.4165 0.9091 -0.0104
vn 0.4161 0.9091 -0.0209
vn 0.4155 0.9091 -0.0314
vn 0.4155 0.9091 -0.0313
vn 0.4145 0.9091 -0.0418
vn 0.4146 0.9091 -0.0418
vn 0.4069 0.9091 -0.0895
vn 0.4069 0.9091 -0.0896
vn 0.4134 0.9091 -0.0521
vn 0.4134 0.9091 -0.0522
vn 0.4119 0.9091 -0.0624
vn 0.4119 0.9091 -0.0625
vn 0.4103 0.9091 -0.0727
vn 0.4083 0.9091 -0.0829
vn 0.3910 0.9091 -0.1439
vn 0.3781 0.9091 -0.1750
vn 0.3782 0.9091 -0.1749
vn 0.3647 0.9091 -0.2015
vn 0.3317 0.9091 -0.2521
vn 0.3317 0.9091 -0.2522
vn 0.3299 0.9091 -0.2545
vn 0.2875 0.9091 -0.3016
vn 0.2697 0.9091 -0.3176
vn 0.2698 0.9091 -0.3175
vn 0.2384 0.9091 -0.3417
vn 0.1952 0.9091 -0.3681
vn 0.1838 0.9091 -0.3739
vn 0.1250 0.9091 -0.3975
vn 0.1115 0.9091 -0.4015
vn 0.1249 0.9091 -0.3975
vn 0.0632 0.9091 -0.4118
vn 0.0225 0.9091 -0.4160
vn 0.0226 0.9091 -0.4160
vn -0.0000 0.9091 -0.4167
vn -0.0674 0.9091 -0.4112
vn -0.0632 0.9091 -0.4118
vn -0.1249 0.9091 -0.3975
vn -0.1250 0.9091 -0.3975
vn -0.1542 0.9091 -0.3871
vn -0.1838 0.9091 -0.3739
vn -0.1542 0.9091 -0.3870
vn -0.2338 0.9091 -0.3449
vn -0.2384 0.9091 -0.3417
vn -0.2874 0.9091 -0.3016
vn -0.2338 0.9091 -0.3448
vn -0.2875 0.9091 -0.3016
vn -0.3025 0.9091 -0.2865
vn -0.3299 0.9091 -0.2545
vn -0.3570 0.9091 -0.2148
vn -0.3647 0.9091 -0.2016
vn -0.3647 0.9091 -0.2015
vn -0.3948 0.9091 -0.1330
vn -0.3910 0.9091 -0.1439
vn -0.3948 0.9091 -0.1331
vn -0.4083 0.9091 -0.0829
vn -0.4084 0.9091 -0.0829
vn -0.4103 0.9091 -0.0727
vn -0.3949 0.9091 -0.1330
vn -0.4120 0.9091 -0.0625
vn -0.4119 0.9091 -0.0625
vn -0.4142 0.9091 -0.0451
vn -0.4142 0.9091 -0.0450
vn -0.4119 0.9091 -0.0624
vn -0.4134 0.9091 -0.0521
vn -0.4146 0.9091 -0.0418
vn -0.4155 0.9091 -0.0313
vn -0.4161 0.9091 -0.0209
vn -0.4165 0.9091 -0.0104
vn -0.4165 0.9091 -0.0105
vn -0.4167 0.9091 -0.0000
vn -0.4142 0.9091 0.0450
vn -0.4103 0.9091 0.0723
vn -0.3948 0.9091 0.1330
vn -0.3915 0.9091 0.1425
vn -0.3570 0.9091 0.2148
vn -0.3608 0.9091 0.2083
vn -0.3192 0.9091 0.2678
vn -0.3025 0.9091 0.2865
vn -0.2678 0.9091 0.3192
vn -0.2338 0.9091 0.3449
vn -0.2083 0.9091 0.3608
vn -0.1542 0.9091 0.3871
vn -0.1425 0.9091 0.3915
vn -0.0674 0.9091 0.4112
vn -0.0724 0.9091 0.4103
vn -0.0723 0.9091 0.4103
vn -0.0000 0.9091 0.4167
vn 0.0225 0.9091 0.4160
vn 0.0723 0.9091 0.4103
vn 0.0226 0.9091 0.4160
vn 0.0724 0.9091 0.4103
vn 0.1115 0.9091 0.4015
vn 0.1115 0.9091 0.4014
vn 0.1425 0.9091 0.3915
vn 0.1952 0.9091 0.3681
vn 0.2083 0.9091 0.3608
vn 0.2697 0.9091 0.3176
vn 0.2678 0.9091 0.3192
vn 0.2698 0.9091 0.3175
vn 0.3192 0.9091 0.2678
vn 0.3317 0.9091 0.2522
vn 0.3608 0.9091 0.2084
vn 0.3608 0.9091 0.2083
vn 0.3781 0.9091 0.1750
vn 0.3782 0.9090 0.1750
vn 0.3915 0.9091 0.1425
vn 0.3781 0.9091 0.1749
vn 0.4069 0.9091 0.0896
vn 0.4103 0.9091 0.0724
vn -0.9766 -0.0000 -0.2149
vn -0.9941 -0.0000 -0.1081
vn -0.9941 -0.0000 0.1081
vn -0.9766 0.0001 0.2149
vn -0.9766 -0.0000 0.2150
vn -0.9941 -0.0000 0.1082
vn -0.9477 -0.0000 0.3193
vn -0.9076 -0.0000 0.4198
vn -0.9076 -0.0000 0.4199
vn -0.9476 -0.0000 0.3194
vn -0.8569 -0.0000 0.5155
vn -0.9075 -0.0000 0.4200
vn -0.8569 -0.0000 0.5156
vn -0.7961 -0.0000 0.6051
vn -0.7961 -0.0000 0.6052
vn -0.8568 -0.0000 0.5156
vn -0.7261 -0.0000 0.6876
vn -0.7260 -0.0000 0.6877
vn -0.6474 -0.0000 0.7621
vn -0.6474 -0.0000 0.7622
vn -0.5612 -0.0000 0.8277
vn -0.6473 0.0001 0.7622
vn -0.4685 -0.0000 0.8835
vn -0.4684 -0.0000 0.8835
vn -0.5611 -0.0000 0.8277
vn -0.3702 -0.0000 0.9290
vn -0.3701 -0.0000 0.9290
vn -0.2676 -0.0000 0.9635
vn -0.2675 -0.0000 0.9635
vn -0.1618 -0.0000 0.9868
vn -0.2675 -0.0000 0.9636
vn -0.0542 -0.0000 0.9985
vn -0.0541 -0.0000 0.9985
vn -0.1617 -0.0000 0.9868
vn 0.0541 -0.0001 0.9985
vn -0.0541 0.0001 0.9985
vn 0.0541 -0.0000 0.9985
vn 0.1617 -0.0000 0.9868
vn 0.1618 -0.0000 0.9868
vn 0.0542 -0.0000 0.9985
vn 0.2675 -0.0000 0.9636
vn 0.2675 -0.0000 0.9635
vn 0.3701 -0.0000 0.9290
vn 0.2676 -0.0000 0.9635
vn 0.4684 -0.0000 0.8835
vn 0.3702 -0.0000 0.9290
vn 0.5611 -0.0000 0.8277
vn 0.5612 -0.0000 0.8277
vn 0.4685 -0.0000 0.8835
vn 0.6473 -0.0001 0.7622
vn 0.6474 -0.0000 0.7622
vn 0.7260 -0.0000 0.6877
vn 0.6474 -0.0000 0.7621
vn 0.7961 -0.0000 0.6052
vn 0.7261 -0.0000 0.6876
vn 0.8568 -0.0000 0.5156
vn 0.8569 -0.0000 0.5156
vn 0.7961 -0.0000 0.6051
vn 0.9075 -0.0000 0.4200
vn 0.8569 -0.0000 0.5155
vn 0.9076 -0.0000 0.4199
vn 0.9476 -0.0000 0.3194
vn 0.9477 -0.0000 0.3193
vn 0.9076 -0.0000 0.4198
vn 0.9766 -0.0000 0.2150
vn 0.9941 -0.0000 0.1082
vn 0.9941 -0.0000 0.1081
vn 0.9766 -0.0000 0.2149
vn 0.9941 -0.0000 -0.1081
vn 0.9766 -0.0000 -0.2149
vn 0.9941 -0.0000 -0.1082
vn 0.9766 -0.0000 -0.2150
vn 0.9477 -0.0000 -0.3193
vn 0.9076 -0.0000 -0.4198
vn 0.9476 -0.0000 -0.3194
vn 0.9076 -0.0000 -0.4199
vn 0.8569 -0.0000 -0.5155
vn 0.8569 -0.0000 -0.5156
vn 0.9075 -0.0000 -0.4200
vn 0.7961 -0.0001 -0.6051
vn 0.8568 -0.0000 -0.5156
vn 0.7961 -0.0000 -0.6052
vn 0.7261 -0.0000 -0.6876
vn 0.7260 -0.0000 -0.6877
vn 0.6474 -0.0000 -0.7621
vn 0.6474 -0.0000 -0.7622
vn 0.5612 -0.0000 -0.8277
vn 0.6473 -0.0000 -0.7622
vn 0.4685 -0.0000 -0.8835
vn 0.5611 -0.0000 -0.8277
vn 0.4684 -0.0000 -0.8835
vn 0.3702 -0.0000 -0.9290
vn 0.3701 -0.0000 -0.9290
vn 0.2676 -0.0000 -0.9635
vn 0.2675 -0.0000 -0.9636
vn 0.1618 -0.0000 -0.9868
vn 0.0542 -0.0000 -0.9985
vn 0.1617 -0.0000 -0.9868
vn 0.0541 -0.0000 -0.9985
vn -0.0541 -0.0000 -0.9985
vn -0.1617 -0.0000 -0.9868
vn -0.0542 -0.0000 -0.9985
vn -0.1618 -0.0000 -0.9868
vn -0.2675 -0.0000 -0.9636
vn -0.3701 -0.0000 -0.9290
vn -0.2676 -0.0000 -0.9635
vn -0.4684 -0.0000 -0.8835
vn -0.3702 -0.0000 -0.9290
vn -0.5611 -0.0000 -0.8277
vn -0.4685 -0.0000 -0.8835
vn -0.5612 -0.0000 -0.8277
vn -0.6473 -0.0000 -0.7622
vn -0.6474 -0.0000 -0.7622
vn -0.7260 -0.0000 -0.6877
vn -0.6474 -0.0000 -0.7621
vn -0.7961 -0.0000 -0.6052
vn -0.7261 -0.0000 -0.6876
vn -0.8568 -0.0000 -0.5156
vn -0.7961 0.0001 -0.6051
vn -0.8569 -0.0000 -0.5156
vn -0.9075 -0.0000 -0.4200
vn -0.9076 -0.0000 -0.4199
vn -0.8569 -0.0000 -0.5155
vn -0.9476 -0.0000 -0.3194
vn -0.9076 -0.0000 -0.4198
vn -0.9477 -0.0000 -0.3193
vn -0.9766 -0.0000 -0.2150
vn -0.9941 -0.0000 -0.1082
vn -0.3348 0.8944 -0.2965
vn -0.1704 0.9099 -0.3783
vn -0.3347 0.8944 -0.2965
vn -0.1702 0.9099 -0.3783
vn -0.0000 0.8944 -0.4472
vn -0.0001 0.8944 -0.4472
vn -0.1703 0.9099 -0.3783
vn 0.1604 0.9078 -0.3874
vn 0.1605 0.9078 -0.3874
vn 0.3162 0.8944 -0.3162
vn -0.3960 0.9059 -0.1502
vn -0.3903 0.9058 -0.1650
vn -0.3904 0.9058 -0.1649
vn -0.4379 0.8985 -0.0301
vn -0.4378 0.8986 -0.0301
vn -0.4379 0.8985 -0.0300
vn -0.3960 0.9059 -0.1501
vn -0.4473 0.8944 -0.0000
vn -0.4473 0.8944 0.0001
vn -0.9959 -0.0000 -0.0902
vn -0.9837 -0.0000 -0.1796
vn -0.9837 -0.0000 -0.1797
vn -0.9635 -0.0000 -0.2676
vn -0.9635 -0.0000 -0.2677
vn -0.3348 0.8945 -0.2965
vn 0.9768 -0.0000 0.2143
vn 0.9931 -0.0000 -0.1174
vn 0.9931 -0.0000 -0.1176
vn 0.8998 -0.0000 -0.4363
vn 0.8997 -0.0000 -0.4364
vn 0.7071 -0.0000 -0.7071
vn 0.7072 -0.0000 -0.7071
vn 0.9758 -0.0000 -0.2189
vn 0.9757 -0.0000 -0.2189
vn 0.9659 -0.0000 -0.2588
vn 0.9757 -0.0000 -0.2190
vn 0.9239 -0.0000 -0.3827
vn 0.9659 -0.0000 -0.2589
vn 0.8661 -0.0000 -0.4999
vn 0.8660 -0.0000 -0.5000
vn 0.8448 -0.0000 -0.5351
vn 0.8447 -0.0000 -0.5352
vn 0.8660 -0.0000 -0.5001
vn 0.7072 -0.0000 -0.7070
vn 0.3874 0.9078 -0.1605
vn 0.3163 0.8944 -0.3162
vn -0.0000 -1.0000 -0.0000
vn 0.3163 0.8944 -0.3163
vn 0.3159 0.8944 -0.3165
vn 0.4422 0.8944 0.0666
vn 0.4404 0.8944 0.0776
vn 0.4422 0.8944 0.0667
vn 0.4404 0.8944 0.0777
vn 0.4274 0.8944 0.1318
vn 0.4273 0.8944 0.1318
vn 0.4202 0.8944 0.1530
vn 0.4029 0.8944 0.1941
vn 0.3873 0.8944 0.2236
vn 0.3695 0.8944 0.2519
vn 0.3426 0.8944 0.2874
vn 0.3426 0.8944 0.2875
vn 0.3278 0.8944 0.3042
vn 0.2875 0.8944 0.3426
vn 0.2788 0.8944 0.3496
vn 0.2236 0.8944 0.3873
vn 0.2788 0.8944 0.3497
vn 0.1634 0.8944 0.4163
vn 0.1529 0.8944 0.4202
vn 0.1529 0.8944 0.4203
vn 0.0995 0.8944 0.4360
vn 0.1530 0.8944 0.4202
vn 0.0777 0.8944 0.4404
vn 0.0334 0.8944 0.4460
vn -0.0000 0.8944 0.4472
vn -0.0334 0.8944 0.4460
vn -0.0777 0.8944 0.4404
vn -0.0995 0.8944 0.4360
vn -0.1530 0.8944 0.4202
vn -0.1529 0.8944 0.4203
vn -0.1634 0.8944 0.4163
vn -0.2236 0.8944 0.3873
vn -0.2788 0.8944 0.3497
vn -0.2788 0.8944 0.3496
vn -0.2875 0.8944 0.3426
vn -0.3278 0.8944 0.3042
vn -0.3426 0.8944 0.2875
vn -0.3279 0.8944 0.3042
vn -0.3695 0.8944 0.2519
vn -0.3426 0.8944 0.2874
vn -0.3873 0.8944 0.2236
vn -0.4029 0.8944 0.1941
vn -0.4202 0.8944 0.1530
vn -0.4029 0.8944 0.1940
vn -0.4273 0.8944 0.1318
vn -0.4404 0.8944 0.0777
vn -0.4274 0.8944 0.1318
vn -0.4422 0.8944 0.0667
vn -0.4422 0.8944 0.0666
vn -0.4404 0.8944 0.0776
vn 0.9888 -0.0000 0.1490
vn 0.9888 -0.0000 0.1491
vn 0.9556 -0.0000 0.2947
vn 0.9556 -0.0000 0.2948
vn 0.9010 -0.0000 0.4339
vn 0.8262 -0.0000 0.5633
vn 0.7331 -0.0000 0.6802
vn 0.7330 -0.0000 0.6802
vn 0.6235 -0.0000 0.7818
vn 0.6235 -0.0000 0.7819
vn 0.3653 -0.0000 0.9309
vn 0.2225 -0.0000 0.9749
vn 0.0748 -0.0000 0.9972
vn 0.0747 -0.0000 0.9972
vn -0.0747 -0.0000 0.9972
vn -0.0748 -0.0000 0.9972
vn -0.2225 -0.0000 0.9749
vn -0.3653 -0.0000 0.9309
vn -0.6235 -0.0000 0.7818
vn -0.6235 -0.0000 0.7819
vn -0.7330 -0.0000 0.6802
vn -0.7331 -0.0000 0.6802
vn -0.8262 -0.0000 0.5633
vn -0.7331 -0.0000 0.6801
vn -0.8263 -0.0000 0.5633
vn -0.9010 -0.0000 0.4339
vn -0.9556 -0.0000 0.2948
vn -0.9556 -0.0000 0.2947
vn -0.9888 -0.0000 0.1491
vn -0.9888 -0.0000 0.1490
vn -0.9659 -0.0000 -0.2587
vn -0.9659 -0.0000 0.2587
vn -0.8661 -0.0000 0.4999
vn -0.8660 -0.0000 0.5000
vn -0.2589 -0.0000 0.9659
vn -0.2587 -0.0000 0.9660
vn 0.2587 -0.0000 0.9659
vn 0.7070 -0.0000 0.7072
vn 0.8660 -0.0000 0.5000
vn 0.9659 -0.0000 -0.2587
vn 0.7070 -0.0000 -0.7072
vn 0.5000 -0.0000 -0.8660
vn 0.5001 -0.0000 -0.8660
vn 0.4999 -0.0000 -0.8661
vn 0.2589 -0.0000 -0.9659
vn 0.2587 -0.0000 -0.9660
vn 0.0001 -0.0000 -1.0000
vn 0.2587 -0.0000 -0.9659
vn -0.0001 -0.0000 -1.0000
vn -0.2587 -0.0000 -0.9660
vn -0.2587 -0.0000 -0.9659
vn -0.2589 -0.0000 -0.9659
vn -0.4999 -0.0000 -0.8661
vn -0.5001 -0.0000 -0.8660
vn -0.7070 -0.0000 -0.7072
vn -0.5000 -0.0000 -0.8660
vn -0.7072 -0.0000 -0.7070
vn -0.8660 -0.0000 -0.5001
vn -0.8660 -0.0000 -0.5000
vn -0.8661 -0.0000 -0.4999
vn -0.9659 -0.0000 -0.2589
vn 0.9782 -0.0000 -0.2078
vn 0.9782 -0.0000 0.2078
vn 0.9781 -0.0000 0.2080
vn 0.9136 -0.0000 0.4067
vn 0.9135 -0.0000 0.4068
vn 0.8091 -0.0000 0.5877
vn 0.8090 -0.0000 0.5878
vn 0.6692 -0.0000 0.7431
vn 0.6691 -0.0000 0.7432
vn 0.3091 -0.0000 0.9510
vn 0.3090 -0.0000 0.9511
vn 0.1046 -0.0000 0.9945
vn 0.1045 -0.0000 0.9945
vn -0.1045 -0.0000 0.9945
vn -0.1046 -0.0000 0.9945
vn -0.3089 -0.0000 0.9511
vn -0.3090 -0.0000 0.9511
vn -0.3091 -0.0000 0.9510
vn -0.6691 -0.0000 0.7432
vn -0.6692 -0.0000 0.7431
vn -0.8090 -0.0000 0.5878
vn -0.8091 -0.0000 0.5877
vn -0.9135 -0.0000 0.4068
vn -0.9136 -0.0000 0.4067
vn -0.9781 -0.0000 0.2080
vn -0.9782 -0.0000 0.2078
vn -0.9782 -0.0000 -0.2078
vn -0.9781 -0.0000 -0.2080
vn -0.9136 -0.0000 -0.4067
vn -0.9135 -0.0000 -0.4068
vn -0.8091 -0.0000 -0.5877
vn -0.8090 -0.0000 -0.5878
vn -0.6692 -0.0000 -0.7431
vn -0.6691 -0.0000 -0.7432
vn -0.3091 -0.0000 -0.9510
vn -0.3089 -0.0000 -0.9511
vn -0.1046 -0.0000 -0.9945
vn -0.1045 -0.0000 -0.9945
vn 0.1045 -0.0000 -0.9945
vn 0.1046 -0.0000 -0.9945
vn 0.3089 -0.0000 -0.9511
vn 0.3091 -0.0000 -0.9510
vn 0.6691 -0.0000 -0.7432
vn 0.6692 -0.0000 -0.7431
vn 0.8090 -0.0000 -0.5878
vn 0.8091 -0.0000 -0.5877
vn 0.9135 -0.0000 -0.4068
vn 0.9136 -0.0000 -0.4067
vn 0.9781 -0.0000 -0.2080
vn 0.3090 -0.0000 -0.9511
vn -0.1044 -0.0000 -0.9945
vn 0.9767 -0.0000 0.2144
vn 0.9768 -0.0002 0.2144
vn 0.9767 0.0001 0.2144
vn 0.9767 -0.0003 0.2145
vn 0.9767 -0.0002 0.2144
vn 0.9767 -0.0001 0.2144
vn 0.9767 -0.0001 0.2145
vn -0.8993 -0.0000 -0.4372
vn -0.8994 -0.0000 -0.4372
vn -0.8993 -0.0000 -0.4373
vn -0.8056 -0.0000 -0.5925
vn -0.6854 -0.0000 -0.7282
vn -0.5426 -0.0000 -0.8400
vn -0.5427 -0.0000 -0.8399
vn -0.3820 -0.0000 -0.9241
vn -0.3820 -0.0000 -0.9242
vn -0.2089 -0.0000 -0.9779
vn -0.2088 -0.0000 -0.9780
vn -0.0289 -0.0000 -0.9996
vn -0.0288 -0.0000 -0.9996
vn 0.1522 -0.0000 -0.9884
vn 0.1521 -0.0000 -0.9884
vn 0.1522 -0.0000 -0.9883
vn 0.3281 -0.0000 -0.9447
vn 0.3282 -0.0000 -0.9446
vn 0.4933 -0.0000 -0.8699
vn 0.4934 -0.0000 -0.8698
vn 0.6422 -0.0000 -0.7665
vn 0.6423 -0.0000 -0.7665
vn 0.6423 -0.0000 -0.7664
vn 0.7701 -0.0000 -0.6379
vn 0.7702 -0.0000 -0.6378
vn 0.8726 -0.0000 -0.4884
vn 0.8727 -0.0000 -0.4883
vn 0.9465 -0.0000 -0.3227
vn 0.9892 -0.0000 -0.1466
vn 0.9892 -0.0000 -0.1465
vn 0.9994 -0.0000 0.0345
vn 0.9994 -0.0000 0.0346
vn -0.9635 0.0002 -0.2676
vn -0.9635 0.0001 -0.2677
vn -0.9635 -0.0002 -0.2676
vn -0.9635 -0.0001 -0.2677
vn -0.9635 0.0003 -0.2676
vn -0.9635 -0.0003 -0.2676
vn 0.2697 -0.0000 -0.9629
vn -0.2697 -0.0000 -0.9629
vn -0.2699 -0.0000 -0.9629
vn -0.5195 -0.0000 -0.8545
vn -0.5196 -0.0000 -0.8544
vn -0.7308 -0.0000 -0.6826
vn -0.7309 -0.0000 -0.6825
vn -0.8878 -0.0000 -0.4601
vn -0.8879 -0.0000 -0.4600
vn -0.9791 -0.0000 -0.2036
vn -0.9791 -0.0000 -0.2035
vn -0.9791 -0.0000 -0.2034
vn -0.9977 -0.0000 0.0682
vn -0.9977 -0.0000 0.0683
vn -0.9423 -0.0000 0.3348
vn -0.9422 -0.0000 0.3350
vn -0.8170 -0.0000 0.5766
vn -0.8169 -0.0000 0.5768
vn -0.6311 -0.0000 0.7757
vn -0.6312 -0.0000 0.7756
vn -0.8169 -0.0000 0.5767
vn -0.6310 -0.0000 0.7758
vn -0.3985 -0.0000 0.9172
vn -0.3983 -0.0000 0.9172
vn -0.1363 -0.0000 0.9907
vn -0.1362 -0.0000 0.9907
vn -0.1361 -0.0000 0.9907
vn 0.1361 -0.0000 0.9907
vn 0.1362 -0.0000 0.9907
vn 0.3983 -0.0000 0.9172
vn 0.1363 -0.0000 0.9907
vn 0.3985 -0.0000 0.9172
vn 0.6310 -0.0000 0.7758
vn 0.6311 -0.0000 0.7757
vn 0.8169 -0.0000 0.5768
vn 0.8169 -0.0000 0.5767
vn 0.6312 -0.0000 0.7757
vn 0.8170 -0.0000 0.5766
vn 0.9422 -0.0000 0.3350
vn 0.9423 -0.0000 0.3348
vn 0.9977 -0.0000 0.0683
vn 0.9977 -0.0000 0.0682
vn 0.9791 -0.0000 -0.2034
vn 0.9791 -0.0000 -0.2035
vn 0.8879 -0.0000 -0.4600
vn 0.9791 -0.0000 -0.2036
vn 0.8878 -0.0000 -0.4601
vn 0.7309 -0.0000 -0.6825
vn 0.7308 -0.0000 -0.6826
vn 0.5197 -0.0000 -0.8544
vn 0.5196 -0.0000 -0.8544
vn 0.5195 -0.0000 -0.8545
vn 0.2699 -0.0000 -0.9629
vn -0.2224 -0.0000 -0.9749
vn -0.2225 -0.0000 -0.9749
vn 0.2224 -0.0000 -0.9749
vn 0.2226 -0.0000 -0.9749
vn 0.4338 -0.0000 -0.9010
vn 0.4339 -0.0000 -0.9009
vn 0.6234 -0.0000 -0.7819
vn 0.6235 -0.0000 -0.7818
vn 0.7818 -0.0000 -0.6236
vn 0.7818 -0.0000 -0.6235
vn 0.6235 0.0001 -0.7818
vn 0.7819 -0.0000 -0.6234
vn 0.9009 -0.0000 -0.4339
vn 0.9010 -0.0000 -0.4338
vn 0.9749 -0.0000 -0.2226
vn 0.9749 -0.0000 -0.2224
vn 0.9749 -0.0000 0.2224
vn 0.9749 -0.0000 0.2226
vn 0.9010 -0.0000 0.4338
vn 0.9009 -0.0000 0.4339
vn 0.7819 0.0001 0.6234
vn 0.7819 -0.0000 0.6234
vn 0.7818 -0.0000 0.6236
vn 0.7818 -0.0000 0.6235
vn 0.6234 -0.0000 0.7819
vn 0.4339 -0.0000 0.9009
vn 0.4338 -0.0000 0.9010
vn 0.2226 -0.0000 0.9749
vn 0.2224 -0.0000 0.9749
vn -0.2224 -0.0000 0.9749
vn -0.2226 -0.0000 0.9749
vn -0.4338 -0.0000 0.9010
vn -0.4340 -0.0000 0.9009
vn -0.6234 -0.0000 0.7819
vn -0.4339 -0.0000 0.9009
vn -0.6236 -0.0000 0.7818
vn -0.7818 -0.0000 0.6235
vn -0.7819 -0.0000 0.6234
vn -0.9009 -0.0000 0.4339
vn -0.9010 -0.0000 0.4338
vn -0.9749 -0.0000 0.2226
vn -0.9749 -0.0000 0.2224
vn -0.9749 -0.0000 -0.2224
vn -0.9749 -0.0000 -0.2226
vn -0.9010 -0.0000 -0.4338
vn -0.9009 -0.0000 -0.4339
vn -0.7819 -0.0000 -0.6234
vn -0.7818 -0.0000 -0.6235
vn -0.6235 -0.0000 -0.7818
vn -0.6234 -0.0000 -0.7819
vn -0.4339 -0.0000 -0.9009
vn -0.4338 -0.0000 -0.9010
vn -0.2226 -0.0000 -0.9749
vn -0.5877 -0.0000 -0.8091
vn -0.5878 -0.0000 -0.8090
vn -0.8090 -0.0000 -0.5879
vn -0.9510 -0.0000 -0.3091
vn -0.9511 -0.0000 -0.3089
vn -0.9511 -0.0000 0.3089
vn -0.9510 -0.0000 0.3091
vn -0.5879 -0.0000 0.8090
vn -0.5877 -0.0000 0.8091
vn 0.3089 -0.0000 0.9511
vn 0.5877 -0.0000 0.8091
vn 0.5879 -0.0000 0.8090
vn 0.9510 -0.0000 0.3091
vn 0.9511 -0.0000 0.3089
vn 0.9511 -0.0000 -0.3089
vn 0.9510 -0.0000 -0.3091
vn 0.5879 -0.0000 -0.8090
vn 0.5878 -0.0000 -0.8090
vn 0.8090 -0.0000 -0.5879
vn 0.5877 -0.0000 -0.8091
vn 0.8879 -0.0000 -0.4601
vn 0.9422 -0.0000 0.3349
vn 0.6312 0.0001 0.7757
vn 0.8169 -0.0001 0.5768
vn 0.3984 -0.0000 0.9172
vn -0.1363 -0.0001 0.9907
vn -0.9422 -0.0000 0.3349
vn -0.9423 -0.0001 0.3348
vn -0.8879 -0.0001 -0.4601
vn -0.5197 -0.0000 -0.8544
vn -0.4340 -0.0000 -0.9009
vn -0.9009 -0.0000 0.4340
vn -0.7818 -0.0000 0.6236
vn 0.2224 -0.0000 0.9750
vn 0.4340 -0.0000 0.9009
vn 0.4340 -0.0000 -0.9009
vn -0.2079 -0.0000 -0.9782
vn 0.2079 -0.0000 -0.9782
vn 0.2080 -0.0000 -0.9781
vn 0.4067 -0.0000 -0.9136
vn 0.4068 -0.0000 -0.9135
vn 0.7431 -0.0000 -0.6692
vn 0.7432 -0.0000 -0.6691
vn 0.9511 -0.0000 -0.3090
vn 0.9945 -0.0000 -0.1046
vn 0.9945 -0.0000 -0.1045
vn 0.9945 -0.0000 0.1045
vn 0.9945 -0.0000 0.1046
vn 0.9511 -0.0000 0.3090
vn 0.7432 -0.0000 0.6691
vn 0.7431 -0.0000 0.6692
vn 0.5878 -0.0000 0.8090
vn 0.7431 -0.0001 0.6692
vn 0.4068 -0.0000 0.9135
vn 0.4067 -0.0000 0.9136
vn 0.2080 -0.0000 0.9781
vn 0.2078 -0.0000 0.9782
vn 0.2079 -0.0000 0.9782
vn -0.2078 -0.0000 0.9782
vn -0.2079 -0.0000 0.9782
vn -0.2080 -0.0000 0.9781
vn -0.4067 -0.0000 0.9136
vn -0.4066 -0.0000 0.9136
vn -0.4068 -0.0000 0.9135
vn -0.5878 -0.0000 0.8090
vn -0.7431 -0.0000 0.6692
vn -0.7432 -0.0000 0.6691
vn -0.9511 -0.0000 0.3090
vn -0.9945 -0.0000 0.1046
vn -0.9945 -0.0000 0.1045
vn -0.9945 -0.0000 -0.1045
vn -0.9945 -0.0000 -0.1046
vn -0.9511 -0.0000 -0.3090
vn -0.7432 -0.0000 -0.6691
vn -0.7431 -0.0000 -0.6692
vn -0.7431 -0.0001 -0.6692
vn -0.4068 -0.0000 -0.9135
vn -0.4067 -0.0000 -0.9136
vn -0.2080 -0.0000 -0.9781
vn 0.2697 -0.0000 0.9629
vn -0.2697 -0.0000 0.9629
vn -0.2699 -0.0000 0.9629
vn -0.5195 -0.0000 0.8545
vn -0.5197 -0.0000 0.8544
vn -0.7308 -0.0000 0.6826
vn -0.5196 -0.0000 0.8544
vn -0.7309 -0.0000 0.6825
vn -0.8878 -0.0000 0.4601
vn -0.8879 -0.0000 0.4600
vn -0.9791 -0.0000 0.2036
vn -0.9791 -0.0000 0.2035
vn -0.9791 -0.0000 0.2034
vn -0.9977 -0.0000 -0.0682
vn -0.9977 -0.0000 -0.0683
vn -0.9423 -0.0000 -0.3348
vn -0.9422 -0.0000 -0.3350
vn -0.8170 -0.0000 -0.5766
vn -0.8169 -0.0000 -0.5768
vn -0.6312 -0.0000 -0.7757
vn -0.6310 -0.0000 -0.7758
vn -0.3985 -0.0000 -0.9172
vn -0.3983 -0.0000 -0.9172
vn -0.1363 -0.0000 -0.9907
vn -0.1362 -0.0000 -0.9907
vn -0.1361 -0.0000 -0.9907
vn 0.1361 -0.0000 -0.9907
vn 0.1362 -0.0000 -0.9907
vn 0.3983 -0.0000 -0.9172
vn 0.1363 -0.0000 -0.9907
vn 0.3985 -0.0000 -0.9172
vn 0.6310 -0.0000 -0.7758
vn 0.6312 -0.0000 -0.7757
vn 0.8169 -0.0000 -0.5768
vn 0.8170 -0.0000 -0.5766
vn 0.9422 -0.0000 -0.3350
vn 0.9423 -0.0000 -0.3348
vn 0.9977 -0.0000 -0.0683
vn 0.9977 -0.0000 -0.0682
vn 0.9791 -0.0000 0.2034
vn 0.9791 -0.0000 0.2035
vn 0.8879 -0.0000 0.4600
vn 0.9791 -0.0000 0.2036
vn 0.8878 -0.0000 0.4601
vn 0.7309 -0.0000 0.6825
vn 0.8879 -0.0000 0.4601
vn 0.7308 -0.0000 0.6826
vn 0.5196 -0.0000 0.8544
vn 0.5197 -0.0000 0.8544
vn 0.5195 -0.0000 0.8545
vn 0.2699 -0.0000 0.9629
vn 0.6236 -0.0000 0.7818
vn -0.7818 -0.0001 -0.6235
vn -0.7818 -0.0000 -0.6236
vn -0.7819 0.0001 -0.6234
vn -0.8090 -0.0000 0.5879
vn -0.5879 -0.0000 -0.8090
vn 0.8090 -0.0000 0.5879
vn 0.8878 -0.0001 0.4601
vn 0.7309 0.0001 0.6825
vn 0.6311 -0.0000 -0.7757
vn 0.8169 0.0001 -0.5768
vn 0.1363 -0.0001 -0.9907
vn -0.6311 -0.0000 -0.7757
vn -0.6236 -0.0000 -0.7818
vn 0.6236 -0.0000 -0.7818
vn 0.4066 -0.0000 0.9136
vn 0.2078 -0.0000 -0.9782
vn -0.2078 -0.0000 -0.9782
vt 0.070711 8.067882
vt -0.030682 7.890226
vt 0.141421 7.966100
vt -0.141421 7.707994
vt 0.141421 7.554477
vt -0.141421 7.274440
vt 0.141421 7.142855
vt -0.141421 6.840887
vt 0.141421 6.731232
vt -0.141421 6.407333
vt 0.141421 6.319609
vt -0.141421 5.973780
vt 0.141421 5.907987
vt -0.141421 5.540226
vt 0.141421 5.496364
vt -0.141421 5.106672
vt 0.141421 5.084742
vt -0.141421 4.673119
vt 0.141421 4.673119
vt 0.141421 4.261496
vt -0.141421 4.239565
vt 0.141421 3.849874
vt -0.141421 3.806012
vt 0.141421 3.438251
vt -0.141421 3.372458
vt 0.141421 3.026628
vt -0.141421 2.938905
vt 0.141421 2.615006
vt -0.141421 2.505351
vt 0.141421 2.203383
vt -0.141421 2.071798
vt 0.141421 1.791760
vt -0.141421 1.638244
vt 0.141421 1.380138
vt -0.030682 1.456012
vt 0.070711 1.278356
vt 1.260208 0.000000
vt 1.375909 0.050000
vt 0.000000 0.000000
vt 1.375909 0.200000
vt 1.684674 0.350000
vt 0.000000 1.800000
vt 2.284322 0.350000
vt 8.931839 1.800000
vt 8.915219 0.000000
vt 8.931839 0.000000
vt 2.512593 0.200000
vt 2.586141 -0.000000
vt 2.512593 0.050000
vt -0.350000 1.426529
vt -0.200000 1.426529
vt -0.350000 1.851988
vt -0.200000 1.851988
vt -0.350000 2.277447
vt -0.200000 2.277447
vt -0.350000 2.702905
vt -0.200000 2.702905
vt -0.350000 3.128364
vt -0.200000 3.128364
vt -0.350000 3.553823
vt -0.200000 3.553823
vt -0.350000 3.979281
vt -0.200000 3.979281
vt -0.350000 4.404740
vt -0.200000 4.404740
vt -0.350000 4.830199
vt -0.200000 4.830199
vt -0.350000 5.255658
vt -0.200000 5.255658
vt -0.350000 5.681116
vt -0.200000 5.681116
vt -0.350000 6.106575
vt -0.200000 6.106575
vt -0.350000 6.532034
vt -0.200000 6.532034
vt -0.350000 6.957492
vt -0.200000 6.957492
vt -0.350000 7.382951
vt -0.200000 7.382951
vt -0.350000 7.808410
vt -0.200000 7.808410
vt -0.350000 8.233869
vt -0.200000 8.233869
vt 6.739792 -0.000000
vt 8.000000 0.000000
vt 6.624092 0.050000
vt 6.624092 0.200000
vt 6.315327 0.350000
vt 8.000000 1.800000
vt 5.715679 0.350000
vt 0.207107 1.800000
vt 0.207107 0.000000
vt 5.487407 0.200000
vt 5.413859 -0.000000
vt 5.487407 0.050000
vt -0.141421 2.831711
vt -0.070711 2.886729
vt -0.141421 3.320416
vt 0.141421 3.429817
vt -0.141421 3.809122
vt 0.141421 3.898632
vt -0.141421 4.297827
vt 0.141421 4.367446
vt -0.141421 4.786532
vt 0.141421 4.836260
vt -0.141421 5.275238
vt 0.141421 5.305074
vt -0.141421 5.763943
vt 0.141421 5.773889
vt -0.141421 6.252649
vt 0.141421 6.242703
vt 0.141421 6.711517
vt -0.141421 6.741354
vt 0.141421 7.180332
vt -0.141421 7.230059
vt 0.141421 7.649146
vt -0.141421 7.718765
vt 0.141421 8.117960
vt -0.141421 8.207470
vt 0.141421 8.586774
vt -0.141421 8.696175
vt -0.070711 9.129863
vt -0.141421 9.184881
vt -1.955450 -0.167705
vt 2.761214 -0.167705
vt -2.074690 0.154144
vt 3.241524 0.167705
vt -1.965228 0.167705
vt 0.350000 8.944753
vt 0.200000 8.944753
vt 0.350000 8.468825
vt 0.200000 8.468825
vt 0.350000 7.992896
vt 0.200000 7.992896
vt 0.350000 7.516967
vt 0.200000 7.516967
vt 0.350000 7.041038
vt 0.200000 7.041038
vt 0.350000 6.565110
vt 0.200000 6.565110
vt 0.350000 6.089181
vt 0.200000 6.089181
vt 0.350000 5.613252
vt 0.200000 5.613252
vt 0.350000 5.137323
vt 0.200000 5.137323
vt 0.350000 4.661394
vt 0.200000 4.661394
vt 0.350000 4.185466
vt 0.200000 4.185466
vt 0.350000 3.709537
vt 0.200000 3.709537
vt 0.350000 3.233608
vt 0.200000 3.233608
vt 0.350000 2.757679
vt 0.200000 2.757679
vt -0.106066 1.461322
vt 0.106066 1.731362
vt -0.106066 1.897158
vt 0.106066 2.160249
vt -0.106066 2.332994
vt 0.106066 2.589135
vt -0.106066 2.768829
vt 0.106066 3.018021
vt -0.106066 3.204665
vt 0.106066 3.446907
vt -0.106066 3.640501
vt 0.106066 3.875793
vt -0.106066 4.076337
vt 0.106066 4.304679
vt -0.106066 4.512172
vt 0.106066 4.733565
vt -0.106066 4.948008
vt 0.106066 5.162451
vt -0.106066 5.383844
vt 0.106066 5.591337
vt -0.106066 5.819680
vt 0.106066 6.020224
vt -0.106066 6.255515
vt 0.106066 6.449110
vt -0.106066 6.691351
vt 0.106066 6.877996
vt -0.106066 7.127187
vt 0.106066 7.306882
vt -0.106066 7.563023
vt 0.106066 7.735768
vt -0.106066 7.998858
vt 0.106066 8.164654
vt -0.106066 8.434694
vt 2.750000 -1.684674
vt 2.495882 -2.042351
vt 2.750000 -2.284322
vt 2.195567 -2.362226
vt 2.442763 -2.610274
vt 1.854613 -2.638377
vt 2.097179 -2.895249
vt 1.479332 -2.865694
vt 1.718671 -3.134772
vt 1.076669 -3.039969
vt 1.313182 -3.325083
vt 0.654077 -3.157975
vt 0.887078 -3.463195
vt 0.219379 -3.217530
vt 0.447048 -3.546939
vt -0.000000 -3.575000
vt -0.219379 -3.217530
vt -0.447048 -3.546939
vt -0.887078 -3.463195
vt -0.654077 -3.157975
vt -1.313182 -3.325083
vt -1.076669 -3.039969
vt -1.718671 -3.134772
vt -1.479332 -2.865694
vt -2.097179 -2.895249
vt -1.854613 -2.638377
vt -2.442764 -2.610274
vt -2.195567 -2.362226
vt -2.750000 -2.284321
vt -2.495882 -2.042351
vt -2.750000 -1.684673
vt -0.106066 8.936780
vt -0.106066 8.479155
vt 0.106066 8.764658
vt 0.106066 8.298311
vt -0.106066 8.021530
vt 0.106066 7.831965
vt -0.106066 7.563905
vt 0.106066 7.365619
vt -0.106066 7.106281
vt 0.106066 6.899272
vt -0.106066 6.648656
vt 0.106066 6.432926
vt -0.106066 6.191031
vt 0.106066 5.966580
vt -0.106066 5.733406
vt 0.106066 5.500233
vt -0.106066 5.275782
vt 0.106066 5.033887
vt -0.106066 4.818157
vt 0.106066 4.567541
vt -0.106066 4.360532
vt 0.106066 4.101194
vt -0.106066 3.902908
vt 0.106066 3.634848
vt -0.106066 3.445283
vt 0.106066 3.168502
vt -0.106066 2.987658
vt 0.106066 2.702155
vt -0.106066 2.530033
vt -0.758476 -0.167705
vt -1.238786 0.167705
vt -7.087554 -0.167705
vt -6.973808 0.167705
vt 2.450000 0.588879
vt 2.056719 0.312347
vt 2.450000 -5.146143
vt 1.632579 0.085973
vt 0.950000 -4.534619
vt 0.950000 -0.319281
vt 1.183945 -0.086848
vt 0.944045 -0.284707
vt 0.936452 -0.270772
vt 0.925373 -0.259442
vt 0.911493 -0.251835
vt 0.896006 -0.248149
vt 0.717548 -0.203523
vt 0.864016 -0.250240
vt 0.434580 -0.320992
vt 0.240385 -0.262302
vt 0.000000 -0.344670
vt -0.240385 -0.262302
vt -0.434580 -0.320992
vt -0.717548 -0.203523
vt -0.864015 -0.250240
vt -0.899030 -0.248568
vt -1.183945 -0.086848
vt -0.914280 -0.252966
vt -0.927738 -0.261342
vt -0.938165 -0.273258
vt -0.945116 -0.287588
vt -0.950000 -0.319281
vt -1.632579 0.085973
vt -0.950000 -3.569796
vt -2.450000 -4.127785
vt -2.384507 -4.285899
vt -2.433505 -4.213574
vt -2.056719 0.312348
vt -2.450000 0.588879
vt -0.617470 -6.052936
vt -0.929289 -3.619796
vt -0.944724 -3.596900
vt -0.559610 -6.092134
vt -0.490979 -6.105330
vt 0.035534 -4.584619
vt 1.595082 -6.105330
vt 0.879289 -4.605330
vt 0.085534 -4.605330
vt 0.058430 -4.600054
vt 1.668768 -6.090130
vt 1.729000 -6.045045
vt 0.931053 -4.586383
vt 0.908579 -4.600511
vt 0.945181 -4.563909
vt 2.393791 -5.294393
vt 2.435858 -5.225562
vt 5.827665 0.167705
vt 4.567457 0.167705
vt 5.330173 -0.167705
vt 4.439286 0.007390
vt 4.323297 -0.167705
vt 5.421190 -0.343007
vt 5.498171 -0.477172
vt 5.565145 -0.579819
vt 5.827665 -0.782621
vt 5.624933 -0.657329
vt 5.679610 -0.713996
vt 5.730780 -0.752682
vt 5.779752 -0.775218
vt 0.200000 -0.086127
vt 1.950000 -0.086127
vt 0.204289 -0.057072
vt 1.075000 -0.043064
vt 0.210611 -0.029000
vt 1.075000 -0.000168
vt 0.212850 -0.000334
vt 0.210647 0.028376
vt 1.075000 0.043064
vt 0.204343 0.056547
vt 0.200000 0.086127
vt 1.950000 0.086127
vt 1.950000 0.043064
vt 1.950000 -0.000000
vt 1.950000 -0.043064
vt 0.115297 1.163179
vt 0.086310 0.825724
vt 0.115296 0.792688
vt 0.086734 0.791072
vt 0.115296 0.784742
vt 0.086310 1.051087
vt 0.086590 1.182832
vt 0.076865 1.051087
vt 0.071815 1.188031
vt 0.056276 1.189669
vt 0.047878 1.051087
vt 0.040822 1.187354
vt 0.026147 1.181579
vt 0.018891 1.051087
vt 0.000000 1.163179
vt 0.000000 0.792688
vt 0.018891 0.825724
vt 0.000000 0.784841
vt 0.028536 0.791128
vt 0.047878 0.825724
vt 0.057625 0.793320
vt 0.076865 0.825724
vt -1.950000 -1.391371
vt -0.200000 -1.391371
vt -1.950000 -0.966487
vt -0.200000 -0.966487
vt -1.950000 -0.541602
vt -0.200000 -0.541602
vt -1.950000 -0.116717
vt -0.200000 -0.116717
vt -0.141421 1.629594
vt -0.141421 1.183035
vt 0.141421 1.391736
vt 0.141421 1.358954
vt 0.147487 1.386905
vt 0.141421 0.943968
vt -0.141421 0.736476
vt 0.141421 0.528983
vt -0.141421 0.289917
vt 0.141421 0.113998
vt 0.141421 0.081215
vt 0.147487 0.086046
vt -0.141421 -0.156643
vt 0.200000 -0.039270
vt 1.950000 -0.039270
vt 0.200703 -0.027401
vt 1.075000 0.000000
vt 0.202154 -0.009134
vt 0.202154 0.009134
vt 0.200703 0.027401
vt 0.200000 0.039270
vt 1.950000 0.013090
vt 1.950000 0.039270
vt 1.950000 -0.013090
vt -0.113975 0.027401
vt -0.409737 0.027401
vt -0.115425 0.009134
vt -0.413775 0.000000
vt -0.115425 -0.009134
vt -0.409737 -0.027401
vt -0.113975 -0.027401
vt -0.569491 0.200000
vt -0.100000 0.200000
vt -0.569491 1.950000
vt -0.100000 1.950000
vt 0.206332 -0.142416
vt 0.289466 0.141421
vt 0.194491 -0.141421
vt -0.275000 -0.141421
vt -0.504289 0.141421
vt -0.300882 -0.146240
vt 0.200000 -0.078540
vt 1.950000 -0.078540
vt 0.203407 -0.052360
vt 1.075000 -0.026180
vt 0.208579 -0.026180
vt 0.210342 0.000000
vt 1.075000 0.026180
vt 0.208579 0.026180
vt 0.203407 0.052360
vt 0.200000 0.078540
vt 1.950000 0.078540
vt 1.950000 0.026180
vt 1.950000 -0.026180
vt -1.148893 0.052360
vt -1.501205 0.052360
vt -1.154064 0.026180
vt -1.515333 0.026180
vt -1.155828 -0.000000
vt -1.520152 -0.000000
vt -1.515333 -0.026180
vt -1.154064 -0.026180
vt -1.501205 -0.052360
vt -1.148893 -0.052360
vt -0.118095 1.950000
vt -3.828167 1.950000
vt -0.118095 0.200000
vt -3.828167 0.200000
vt 4.296038 0.141421
vt 0.080700 0.141421
vt 0.356677 -0.141421
vt 0.322430 -0.141421
vt 0.327526 -0.147564
vt 4.066749 -0.141421
vt 4.092630 -0.146240
vt -0.053005 0.027401
vt -0.348767 0.027401
vt -0.054455 0.009134
vt -0.352805 0.000000
vt -0.054455 -0.009134
vt -0.348767 -0.027401
vt -0.053005 -0.027401
vt -0.041421 1.950000
vt -1.215938 1.950000
vt -0.041421 0.200000
vt -1.215938 0.200000
vt -1.577113 -0.142416
vt -1.565273 -0.141421
vt -1.660248 0.141421
vt -0.390756 -0.141421
vt -0.295781 0.141421
vt -0.378916 -0.142416
vt 0.204343 -0.056547
vt 0.210634 -0.028466
vt 1.075000 0.000101
vt 0.212850 0.000201
vt 0.210625 0.028909
vt 0.204289 0.057072
vt 0.000000 0.559462
vt 0.000000 0.188971
vt 0.018880 0.294709
vt 0.028866 0.169244
vt 0.047872 0.294709
vt 0.043703 0.164068
vt 0.059265 0.162488
vt 0.076865 0.294709
vt 0.074698 0.164858
vt 0.089314 0.170655
vt 0.086305 0.294709
vt 0.115297 0.188971
vt 0.115296 0.559462
vt 0.115296 0.567409
vt 0.086826 0.561092
vt 0.086305 0.514346
vt 0.076865 0.514346
vt 0.047872 0.514346
vt 0.018880 0.514346
vt 0.057760 0.558831
vt 0.028628 0.561009
vt 0.000000 0.567309
vt -2.920985 1.950000
vt -2.920985 0.200000
vt -1.728541 -0.142416
vt -1.716700 -0.141421
vt -1.811675 0.141421
vt 1.162863 -0.141421
vt 1.438840 0.141421
vt 1.197110 -0.141421
vt 1.192014 -0.147564
vt -2.205570 1.811127
vt -1.979333 2.128163
vt -2.450000 2.150962
vt -2.188079 2.446071
vt -2.346188 2.791964
vt -1.724781 1.845598
vt -1.914381 1.510389
vt -1.430312 1.604914
vt -1.582606 1.255125
vt -1.102743 1.411682
vt -1.217280 1.050747
vt -0.749653 1.270373
vt -0.826147 0.901586
vt -0.379215 1.184258
vt -0.417499 0.810806
vt -0.000000 1.155330
vt -0.000000 0.780330
vt 0.417499 0.810806
vt 0.379214 1.184258
vt 0.826147 0.901586
vt 0.749652 1.270373
vt 1.217280 1.050747
vt 1.102742 1.411681
vt 1.582606 1.255125
vt 1.430311 1.604913
vt 1.914381 1.510389
vt 1.724780 1.845597
vt 2.205570 1.811126
vt 1.979333 2.128162
vt 2.450000 2.150961
vt 2.188079 2.446070
vt 2.346188 2.791963
vt 2.450000 3.157836
vt -2.450000 3.157837
vt -1.991776 0.392699
vt -0.666486 0.392699
vt -1.991224 0.471239
vt -0.666486 0.471239
vt -1.991224 -0.471239
vt -0.666486 -0.471239
vt -0.666486 -0.392699
vt 0.666486 -0.471239
vt 0.666486 -0.392699
vt 1.991224 -0.471239
vt 1.991776 -0.392699
vt -0.666486 0.314159
vt -1.993282 0.314159
vt -0.666486 0.235619
vt -1.995341 0.235619
vt -0.666486 0.157080
vt -1.997399 0.157080
vt -0.666486 0.078540
vt -1.998906 0.078540
vt -0.666486 0.000000
vt -1.999457 -0.000000
vt -1.998906 -0.078540
vt -0.666486 -0.078540
vt -1.997399 -0.157080
vt -0.666486 -0.157080
vt -1.995341 -0.235619
vt -0.666486 -0.235619
vt -1.993282 -0.314159
vt -0.666486 -0.314159
vt -1.991776 -0.392699
vt 0.666486 -0.314159
vt 1.993282 -0.314159
vt 0.666486 -0.235619
vt 1.995341 -0.235619
vt 0.666486 -0.157080
vt 1.997399 -0.157080
vt 0.666486 -0.078540
vt 1.998906 -0.078540
vt 0.666486 0.000000
vt 1.999457 0.000000
vt 1.998906 0.078540
vt 0.666486 0.078540
vt 1.997399 0.157080
vt 0.666486 0.157080
vt 1.995341 0.235619
vt 0.666486 0.235619
vt 1.993282 0.314159
vt 0.666486 0.314159
vt 1.991776 0.392699
vt 0.666486 0.392699
vt 1.991224 0.471239
vt 0.666486 0.471239
vt 0.000000 5.637414
vt 0.000003 5.969026
vt -0.660019 5.969026
vt -0.660019 -5.969026
vt 0.000003 -5.969026
vt 0.007949 -5.921289
vt 0.032137 -5.873568
vt 0.073661 -5.825876
vt 0.134484 -5.778230
vt -0.660019 -5.557369
vt 0.217679 -5.730643
vt 0.327854 -5.683132
vt 0.471860 -5.635709
vt 0.660019 -5.588391
vt 0.660019 -5.299071
vt -0.660019 -5.145712
vt 0.660019 -5.009751
vt -0.660019 -4.734055
vt 0.660019 -4.720432
vt 0.660019 -4.431112
vt -0.660019 -4.322398
vt 0.660019 -4.141792
vt -0.660019 -3.910741
vt 0.660019 -3.852473
vt 0.660019 -3.563153
vt -0.660019 -3.499084
vt 0.660019 -3.273833
vt -0.660019 -3.087427
vt 0.660019 -2.984513
vt -0.660019 -2.675770
vt 0.660019 -2.695194
vt 0.660019 -2.405874
vt -0.660019 -2.264113
vt 0.660019 -2.116554
vt -0.660019 -1.852456
vt 0.660019 -1.827235
vt 0.660019 -1.537915
vt -0.660019 -1.440799
vt 0.660019 -1.248595
vt -0.660019 -1.029142
vt 0.660019 -0.959276
vt -0.660019 -0.617485
vt 0.660019 -0.669956
vt 0.660019 -0.380636
vt 0.471858 -0.333318
vt 0.327853 -0.285895
vt -0.660019 -0.205828
vt 0.217677 -0.238383
vt 0.134481 -0.190797
vt 0.073659 -0.143150
vt 0.032134 -0.095459
vt 0.007946 -0.047737
vt -0.660019 0.205828
vt 0.000000 0.331613
vt -0.660019 0.617485
vt 0.000000 0.663225
vt -0.660019 1.029142
vt 0.000000 0.994838
vt 0.000000 1.326450
vt -0.660019 1.440799
vt 0.000000 1.658063
vt -0.660019 1.852456
vt 0.000000 1.989675
vt -0.660019 2.264113
vt 0.000000 2.321288
vt -0.660019 2.675770
vt 0.000000 2.652900
vt 0.000000 2.984513
vt -0.660019 3.087427
vt 0.000000 3.316126
vt -0.660019 3.499084
vt 0.000000 3.647738
vt -0.660019 3.910741
vt 0.000000 3.979351
vt -0.660019 4.322398
vt 0.000000 4.310963
vt 0.000000 4.642576
vt -0.660019 4.734055
vt 0.000000 4.974188
vt -0.660019 5.145712
vt 0.000000 5.305801
vt -0.660019 5.557369
vt -0.850000 3.802410
vt -0.700000 3.943240
vt -0.850000 4.084070
vt -0.850000 -4.084070
vt -0.700000 -4.224900
vt -0.700000 -3.943240
vt -0.850000 -3.802410
vt -0.700000 -3.661580
vt -0.850000 -3.520750
vt -0.700000 -3.379920
vt -0.850000 -3.239090
vt -0.700000 -3.098260
vt -0.850000 -2.957430
vt -0.700000 -2.816600
vt -0.850000 -2.675770
vt -0.700000 -2.534940
vt -0.850000 -2.394110
vt -0.700000 -2.253280
vt -0.850000 -2.112450
vt -0.700000 -1.971620
vt -0.850000 -1.830790
vt -0.700000 -1.689960
vt -0.850000 -1.549130
vt -0.700000 -1.408300
vt -0.850000 -1.267470
vt -0.700000 -1.126640
vt -0.850000 -0.985810
vt -0.700000 -0.844980
vt -0.850000 -0.704150
vt -0.700000 -0.563320
vt -0.850000 -0.422490
vt -0.700000 -0.281660
vt -0.850000 -0.140830
vt -0.700000 -0.000000
vt -0.850000 0.140830
vt -0.700000 0.281660
vt -0.850000 0.422490
vt -0.700000 0.563320
vt -0.850000 0.704150
vt -0.700000 0.844980
vt -0.850000 0.985810
vt -0.700000 1.126640
vt -0.850000 1.267470
vt -0.700000 1.408300
vt -0.850000 1.549130
vt -0.700000 1.689960
vt -0.850000 1.830790
vt -0.700000 1.971620
vt -0.850000 2.112450
vt -0.700000 2.253280
vt -0.850000 2.394110
vt -0.700000 2.534940
vt -0.850000 2.675770
vt -0.700000 2.816600
vt -0.850000 2.957430
vt -0.700000 3.098260
vt -0.850000 3.239090
vt -0.700000 3.379920
vt -0.850000 3.520750
vt -0.700000 3.661580
vt -0.502081 -0.073850
vt -0.516991 -0.000000
vt -0.863659 -0.073850
vt -0.878569 -0.000000
vt -0.863659 0.073850
vt -0.502081 0.073850
vt -0.167705 -2.074802
vt 0.167705 -1.939752
vt -0.167705 0.270573
vt 0.167705 0.146309
vt -0.315017 -0.068795
vt -0.327792 -0.000000
vt -0.672706 -0.068795
vt -0.685481 0.000000
vt -0.672706 0.068795
vt -0.315017 0.068795
vt -0.868042 0.079610
vt -1.222215 0.079610
vt -0.881570 0.000000
vt -1.235608 0.007934
vt -1.227063 -0.063742
vt -1.222215 -0.079610
vt -0.868042 -0.079610
vt 0.323296 0.167705
vt 0.439286 -0.007389
vt 1.330171 0.167705
vt 0.567457 -0.167705
vt 1.827665 -0.167705
vt 1.827665 0.782624
vt 1.565144 0.579821
vt 1.498170 0.477174
vt 1.421189 0.343008
vt 1.779752 0.775221
vt 1.730780 0.752685
vt 1.679610 0.713999
vt 1.624933 0.657332
vt -1.800000 -0.067743
vt -0.000000 -0.067743
vt -1.800000 -0.022581
vt 0.000000 -0.022581
vt -1.800000 0.022581
vt 0.000000 0.022581
vt -1.800000 0.067743
vt 0.000000 0.067743
vt -2.809079 -9.630805
vt -3.280810 -9.517605
vt -2.840000 -9.925000
vt -3.323868 -9.859416
vt -3.304495 -10.203383
vt -2.717667 -9.349468
vt -2.569759 -9.093284
vt -2.371820 -8.873450
vt -1.233673 -0.192272
vt -2.132500 -8.699574
vt -1.862259 -8.579255
vt -1.572908 -8.517752
vt -0.166734 -0.933266
vt -1.225505 -0.026331
vt -1.272161 0.133125
vt -1.368490 0.268490
vt -1.277092 -8.517752
vt -0.108874 -0.972464
vt -0.987741 -8.579255
vt -0.717500 -8.699574
vt -0.040243 -0.985660
vt -0.478180 -8.873450
vt -0.280241 -9.093284
vt 2.305132 -0.985660
vt -0.132333 -9.349468
vt 0.405671 -10.433569
vt -0.040921 -9.630805
vt -0.010000 -9.925000
vt -0.040921 -10.219195
vt 0.283742 -10.755783
vt -0.132333 -10.500532
vt 0.105633 -11.050683
vt -0.280241 -10.756716
vt -0.122800 -11.308573
vt -0.478180 -10.976550
vt -0.394046 -11.520974
vt -0.717500 -11.150426
vt -0.699188 -11.680903
vt -0.987741 -11.270745
vt -1.028192 -11.783102
vt -1.277092 -11.332248
vt -1.370243 -11.824211
vt -1.572908 -11.332248
vt -1.714095 -11.802878
vt -1.862259 -11.270745
vt -2.048441 -11.719804
vt -2.132500 -11.150426
vt -2.362290 -11.577721
vt -2.371820 -10.976550
vt -2.645323 -11.381301
vt -2.569759 -10.756716
vt -2.888235 -11.137000
vt -2.717667 -10.500532
vt -3.083038 -10.852852
vt -2.809079 -10.219195
vt -3.223329 -10.538198
vt 3.316864 0.053327
vt 3.307907 0.072996
vt 3.306756 0.009327
vt 3.268791 0.011531
vt 2.439050 -0.925375
vt 3.322962 0.098060
vt 3.324437 0.143199
vt 3.325000 0.143161
vt 3.325000 0.159781
vt 2.378817 -0.970460
vt -1.337975 1.088792
vt -0.448660 0.208235
vt -1.006015 1.232112
vt -0.293493 0.526608
vt 1.800000 0.250374
vt -0.000000 0.250374
vt 1.800000 0.083458
vt -0.000000 0.083458
vt 1.800000 -0.083458
vt -0.000000 -0.083458
vt 1.800000 -0.250374
vt -0.000000 -0.250374
vt 0.273637 0.000000
vt 1.207107 0.000000
vt 0.273637 1.800000
vt 1.207107 1.800000
vt -0.000000 0.196350
vt -1.800000 0.196350
vt 0.006065 0.085994
vt -1.800000 0.065450
vt 0.010783 -0.000000
vt -1.800000 -0.065450
vt 0.006065 -0.085994
vt -1.800000 -0.196350
vt -0.000000 -0.196350
vt -0.169629 -0.085994
vt -0.185598 0.000000
vt -0.512857 -0.085994
vt -0.517575 -0.000000
vt -0.512857 0.085994
vt -0.169629 0.085994
vt -0.787352 4.880372
vt -0.704904 8.000000
vt -1.209884 4.923263
vt -0.725000 8.075000
vt -1.311122 8.500000
vt -1.291025 8.575000
vt -0.704904 8.150000
vt -0.704904 10.000000
vt -0.650000 8.204904
vt -0.650000 9.945096
vt -0.575000 8.225000
vt -0.575000 9.925000
vt -0.500000 9.945096
vt -0.500000 8.204904
vt -0.445096 10.000000
vt -0.445096 8.150000
vt 0.141025 8.575000
vt -0.425000 8.075000
vt 0.161122 8.500000
vt 0.059884 4.923263
vt 0.216025 8.445096
vt 0.102529 4.920548
vt 0.140147 4.900279
vt -0.362648 4.880372
vt -0.575000 7.925000
vt -0.650000 7.945096
vt -0.445096 8.000000
vt -0.500000 7.945096
vt 0.291025 8.425000
vt 0.165870 4.866157
vt 0.366025 8.445096
vt 0.420929 8.500000
vt 0.175000 4.824412
vt 0.441025 8.575000
vt 2.175000 9.075000
vt 1.697157 10.624130
vt 1.902664 10.268180
vt 2.052825 9.885577
vt 2.144285 9.484866
vt 0.175000 1.944849
vt 1.368490 0.268490
vt 2.028553 0.928553
vt 2.175000 1.282107
vt 2.108013 1.032107
vt 2.157963 1.152697
vt 0.171593 1.918967
vt 1.225505 -0.026331
vt 1.272161 0.133125
vt 0.161603 1.894849
vt 1.233673 -0.192272
vt 0.145711 1.874138
vt 0.478180 -8.873450
vt -0.684798 1.043629
vt 0.280241 -9.093284
vt -0.705509 1.027737
vt 0.132333 -9.349468
vt -0.729627 1.017747
vt -0.755509 1.014340
vt -0.405671 -10.433569
vt -1.225000 1.014340
vt -1.275000 1.027737
vt -1.311603 1.064340
vt -3.306756 0.009327
vt -1.325000 1.114340
vt -3.325000 0.143161
vt -1.325000 4.824412
vt -3.325000 9.075000
vt -1.591025 8.575000
vt -2.847157 10.624130
vt -2.590893 10.945475
vt -2.289597 11.225037
vt -1.591025 9.575000
vt -1.950000 11.456570
vt -1.570929 9.650000
vt -1.579688 11.634903
vt -1.516025 9.704904
vt -1.441025 9.725000
vt -1.570929 8.500000
vt -1.315870 4.866157
vt -1.516025 8.445096
vt -1.441025 8.425000
vt -1.290147 4.900279
vt -1.366025 8.445096
vt -1.252529 4.920548
vt -3.322962 0.098060
vt -3.316864 0.053327
vt -0.283742 -10.755783
vt 0.010000 -9.925000
vt 0.040921 -9.630805
vt 0.040921 -10.219195
vt -0.105633 -11.050683
vt 0.132333 -10.500532
vt 0.122800 -11.308573
vt 0.280241 -10.756716
vt 0.394046 -11.520974
vt 0.478180 -10.976550
vt 0.699188 -11.680903
vt 0.717500 -11.150426
vt 0.987741 -11.270745
vt 1.028192 -11.783102
vt 1.277092 -11.332248
vt 1.370243 -11.824211
vt 1.572908 -11.332248
vt 1.714095 -11.802878
vt 1.862259 -11.270745
vt 2.048441 -11.719804
vt 2.132500 -11.150426
vt 2.362290 -11.577721
vt 2.371820 -10.976550
vt 2.645323 -11.381301
vt 2.569759 -10.756716
vt 2.717667 -10.500532
vt 2.888235 -11.137000
vt 2.809079 -10.219195
vt 3.083038 -10.852852
vt 2.840000 -9.925000
vt 3.223329 -10.538198
vt 3.280810 -9.517605
vt 3.304495 -10.203383
vt 3.323868 -9.859416
vt 2.569759 -9.093284
vt 2.717667 -9.349468
vt 2.809079 -9.630805
vt 1.440893 10.945475
vt 1.139597 11.225037
vt 0.441025 9.575000
vt 0.800000 11.456570
vt 0.420929 9.650000
vt 0.429688 11.634903
vt 0.366025 9.704904
vt 0.291025 9.725000
vt 0.216025 9.704904
vt 0.036933 11.756052
vt 0.161122 9.650000
vt -0.425000 10.075000
vt 0.141025 9.575000
vt -0.369492 11.817310
vt -0.445096 10.150000
vt -0.500000 10.204904
vt -0.575000 10.225000
vt -0.780508 11.817310
vt -0.650000 10.204904
vt -0.704904 10.150000
vt -0.725000 10.075000
vt -1.186933 11.756052
vt -1.311122 9.650000
vt -1.366025 9.704904
vt -3.052664 10.268180
vt -3.202825 9.885577
vt -3.294285 9.484866
vt 0.420929 8.650000
vt 0.420929 9.500000
vt 0.366025 8.704904
vt 0.366025 9.445096
vt 0.291025 8.725000
vt 0.291025 9.425000
vt 0.216025 8.704904
vt 0.216025 9.445096
vt 0.161122 8.650000
vt 0.161122 9.500000
vt -1.291025 9.575000
vt -1.311122 9.500000
vt -1.311122 8.650000
vt -1.366025 9.445096
vt -1.366025 8.704904
vt -1.441025 9.425000
vt -1.441025 8.725000
vt -1.516025 8.704904
vt -1.516025 9.445096
vt -1.570929 8.650000
vt -1.570929 9.500000
vt 0.717500 -8.699574
vt 0.987741 -8.579255
vt 1.277092 -8.517752
vt 1.572908 -8.517752
vt 1.862259 -8.579255
vt 2.132500 -8.699574
vt 2.371820 -8.873450
vt -1.922874 -1.898281
vt -1.590031 -2.029267
vt -0.789847 -0.631519
vt 0.075947 -0.166646
vt -0.167534 0.064249
vt -0.084452 0.136797
vt 0.167705 0.000000
vt -0.782621 0.000000
vt 0.167705 -0.347819
vt -0.782624 -0.405789
vt 0.167705 -0.695638
vt -0.782624 -0.811578
vt 0.167705 -1.043458
vt -0.782624 -1.217367
vt 0.167705 -1.391277
vt -0.782624 -1.623156
vt 0.167705 -1.739096
vt -0.782624 -2.028945
vt 0.167705 -2.086915
vt -0.782624 -2.434734
vt 0.167705 -2.434734
vt 0.167705 -2.782554
vt -0.782624 -2.840523
vt 0.167705 -3.130373
vt -0.782624 -3.246312
vt 0.167705 -3.478192
vt -0.782624 -3.652102
vt 0.167705 -3.826011
vt -0.782624 -4.057891
vt 0.167705 -4.173830
vt -0.782624 -4.463680
vt 0.167705 -4.521650
vt -0.782624 -4.869469
vt 0.167705 -4.869469
vt 0.167705 -5.217288
vt -0.782624 -5.275258
vt 0.167705 -5.565107
vt -0.782624 -5.681047
vt 0.167705 -5.912926
vt -0.782624 -6.086836
vt 0.167705 -6.260746
vt -0.782624 -6.492625
vt 0.167705 -6.608565
vt -0.782624 -6.898414
vt 0.167705 -6.956384
vt -0.782624 -7.304203
vt 0.167705 -7.304203
vt -1.800000 -0.000000
vt -1.800000 0.411399
vt -0.000000 0.411399
vt -1.800000 0.822798
vt -0.000000 0.822798
vt -1.800000 1.234197
vt -0.000000 1.234197
vt -1.800000 1.645596
vt -0.000000 1.645596
vt -1.800000 2.056995
vt -0.000000 2.056995
vt -1.800000 2.468394
vt -0.000000 2.468394
vt -1.800000 2.879793
vt -0.000000 2.879793
vt -1.800000 3.291192
vt -0.000000 3.291192
vt -1.800000 3.702591
vt -0.000000 3.702591
vt -1.800000 4.113990
vt -0.000000 4.113990
vt -1.800000 4.525389
vt -0.000000 4.525389
vt -1.800000 4.936788
vt -0.000000 4.936788
vt -1.800000 5.348187
vt -0.000000 5.348187
vt -1.800000 5.759586
vt -0.000000 5.759586
vt -1.800000 6.170986
vt -0.000000 6.170986
vt -1.800000 6.582385
vt -0.000000 6.582385
vt -1.800000 6.993784
vt -0.000000 6.993784
vt -1.800000 7.405183
vt -0.000000 7.405183
vt -1.800000 7.816582
vt -0.000000 7.816582
vt -1.800000 8.227981
vt -0.000000 8.227981
vt -1.800000 8.639380
vt -0.000000 8.639380
vt 0.600000 -2.577415
vt 0.000000 -2.577415
vt 0.600000 -2.811725
vt 0.000000 -2.811725
vt 0.600000 2.811725
vt 0.000000 2.811725
vt 0.600000 2.577415
vt 0.000000 2.577415
vt 0.600000 2.343105
vt 0.000000 2.343105
vt 0.600000 2.108794
vt 0.000000 2.108794
vt 0.600000 1.874484
vt 0.000000 1.874484
vt 0.600000 1.640173
vt 0.000000 1.640173
vt 0.600000 1.405863
vt 0.000000 1.405863
vt 0.600000 1.171552
vt -0.000000 1.171552
vt 0.600000 0.937242
vt 0.000000 0.937242
vt 0.600000 0.702931
vt -0.000000 0.702931
vt 0.600000 0.468621
vt 0.000000 0.468621
vt 0.600000 0.234310
vt -0.000000 0.234310
vt 0.600000 0.000000
vt 0.600000 -0.234310
vt 0.000000 -0.234310
vt 0.600000 -0.468621
vt 0.000000 -0.468621
vt 0.600000 -0.702931
vt 0.000000 -0.702931
vt 0.600000 -0.937242
vt 0.000000 -0.937242
vt 0.600000 -1.171552
vt 0.000000 -1.171552
vt 0.600000 -1.405863
vt 0.000000 -1.405863
vt 0.600000 -1.640173
vt 0.000000 -1.640173
vt 0.600000 -1.874484
vt 0.000000 -1.874484
vt 0.600000 -2.108794
vt 0.000000 -2.108794
vt 0.600000 -2.343105
vt 0.000000 -2.343105
vt 0.600000 -4.148997
vt 0.000000 -4.148997
vt 0.600000 -4.445354
vt 0.000000 -4.445354
vt 0.600000 4.445354
vt 0.000000 4.445354
vt 0.600000 4.148997
vt 0.000000 4.148997
vt 0.600000 3.852640
vt 0.000000 3.852640
vt 0.600000 3.556283
vt 0.000000 3.556283
vt 0.600000 3.259926
vt 0.000000 3.259926
vt 0.600000 2.963569
vt 0.000000 2.963569
vt 0.600000 2.667212
vt 0.000000 2.667212
vt 0.600000 2.370855
vt 0.000000 2.370855
vt 0.600000 2.074498
vt 0.000000 2.074498
vt 0.600000 1.778141
vt 0.000000 1.778141
vt 0.600000 1.481785
vt 0.000000 1.481785
vt 0.600000 1.185428
vt 0.000000 1.185428
vt 0.600000 0.889071
vt 0.000000 0.889071
vt 0.600000 0.592714
vt 0.000000 0.592714
vt 0.600000 0.296357
vt 0.000000 0.296357
vt 0.600000 -0.296357
vt 0.000000 -0.296357
vt 0.600000 -0.592714
vt 0.000000 -0.592714
vt 0.600000 -0.889071
vt 0.000000 -0.889071
vt 0.600000 -1.185428
vt 0.000000 -1.185428
vt 0.600000 -1.481785
vt 0.000000 -1.481785
vt 0.600000 -1.778141
vt 0.000000 -1.778141
vt 0.600000 -2.074498
vt 0.000000 -2.074498
vt 0.600000 -2.370855
vt 0.000000 -2.370855
vt 0.600000 -2.667212
vt 0.000000 -2.667212
vt 0.600000 -2.963569
vt 0.000000 -2.963569
vt 0.600000 -3.259926
vt 0.000000 -3.259926
vt 0.600000 -3.556283
vt 0.000000 -3.556283
vt 0.600000 -3.852640
vt 0.000000 -3.852640
vt 0.864504 -0.231643
vt 1.384079 -0.294195
vt 0.895000 0.000000
vt 1.415000 0.000000
vt 1.384079 0.294195
vt 1.292667 -0.575532
vt 0.775093 -0.447500
vt 1.144759 -0.831716
vt 0.632861 -0.632861
vt 0.946820 -1.051550
vt 0.447500 -0.775093
vt 0.707500 -1.225426
vt 0.437259 -1.345745
vt 0.231643 -0.864504
vt 0.147908 -1.407248
vt 0.000000 -0.895000
vt -0.147908 -1.407248
vt -0.231643 -0.864504
vt -0.437259 -1.345745
vt -0.447500 -0.775093
vt -0.707500 -1.225426
vt -0.946820 -1.051550
vt -0.632861 -0.632861
vt -1.144759 -0.831716
vt -0.775093 -0.447500
vt -1.292667 -0.575532
vt -0.864504 -0.231643
vt -1.384079 -0.294195
vt -0.895000 0.000000
vt -1.415000 0.000000
vt -1.384079 0.294195
vt -0.864504 0.231643
vt -1.292667 0.575532
vt -0.775093 0.447500
vt -1.144759 0.831716
vt -0.632861 0.632861
vt -0.946820 1.051550
vt -0.447500 0.775093
vt -0.707500 1.225426
vt -0.437259 1.345745
vt -0.231643 0.864504
vt -0.147908 1.407248
vt 0.000000 0.895000
vt 0.147908 1.407248
vt 0.231643 0.864504
vt 0.437259 1.345745
vt 0.447500 0.775093
vt 0.707500 1.225426
vt 0.946820 1.051550
vt 0.632861 0.632861
vt 1.144759 0.831716
vt 0.775093 0.447500
vt 1.292667 0.575532
vt 0.864504 0.231643
vt 3.371365 0.975000
vt 3.351261 0.900000
vt 3.371365 0.825000
vt 3.426290 0.770096
vt 3.501318 0.750000
vt 9.547387 0.000000
vt 3.576346 0.770096
vt 3.631271 0.825000
vt 3.651374 0.900000
vt 9.547387 1.800000
vt 3.631271 0.975000
vt 3.576346 1.029904
vt 3.501318 1.050000
vt 3.426290 1.029904
vt -1.800000 -5.454180
vt 0.000000 -5.454180
vt -1.800000 -5.109194
vt 0.000000 -5.109194
vt -1.800000 -4.764208
vt 0.000000 -4.764208
vt -1.800000 -4.419222
vt -0.000000 -4.419222
vt -1.800000 -4.074235
vt -0.000000 -4.074235
vt -1.800000 -3.729249
vt 0.000000 -3.729249
vt -1.800000 -3.384263
vt 0.000000 -3.384263
vt -1.800000 -3.039277
vt 0.000000 -3.039277
vt -1.800000 -2.694291
vt -0.000000 -2.694291
vt -1.800000 -2.349305
vt -0.000000 -2.349305
vt -1.800000 -2.004319
vt -0.000000 -2.004319
vt -1.800000 -1.659333
vt -0.000000 -1.659333
vt -1.800000 -1.314347
vt -0.000000 -1.314347
vt -1.800000 -0.969361
vt -0.000000 -0.969361
vt -1.800000 -0.624375
vt -0.000000 -0.624375
vt -1.800000 -0.279389
vt -0.000000 -0.279389
vt -1.800000 0.065597
vt -0.000000 0.065597
vt -1.800000 0.410583
vt -0.000000 0.410583
vt 7.535170 0.825000
vt 10.906535 0.000000
vt 7.555273 0.900000
vt 10.906535 1.800000
vt 7.535170 0.975000
vt 7.480245 1.029904
vt 7.405217 1.050000
vt 0.068161 1.800000
vt 7.330189 1.029904
vt 7.275264 0.975000
vt 7.255160 0.900000
vt 0.068161 0.000000
vt 7.275264 0.825000
vt 7.330189 0.770096
vt 7.405217 0.750000
vt 7.480245 0.770096
vt -1.800000 0.392699
vt -0.475000 0.392699
vt -1.800000 0.471239
vt -0.475000 0.471239
vt -1.800000 -0.471239
vt -0.475000 -0.471239
vt -1.800000 -0.392699
vt -0.475000 -0.392699
vt -1.800000 -0.314159
vt -0.475000 -0.314159
vt -1.800000 -0.235619
vt -0.475000 -0.235619
vt -1.800000 -0.157080
vt -0.475000 -0.157080
vt -1.800000 -0.078540
vt -0.475000 -0.078540
vt -0.475000 0.000000
vt -1.800000 0.078540
vt -0.475000 0.078540
vt -1.800000 0.157080
vt -0.475000 0.157080
vt -1.800000 0.235619
vt -0.475000 0.235619
vt -1.800000 0.314159
vt -0.475000 0.314159
vt 0.850000 -0.392699
vt 0.850000 -0.471239
vt 0.850000 0.471239
vt 0.850000 0.392699
vt 0.850000 0.314159
vt 0.850000 0.235619
vt 0.850000 0.157080
vt 0.850000 0.078540
vt 0.850000 0.000000
vt 0.850000 -0.078540
vt 0.850000 -0.157080
vt 0.850000 -0.235619
vt 0.850000 -0.314159
vt -0.129904 -0.925000
vt -0.608931 -1.148566
vt -0.150000 -1.000000
vt -0.347787 -1.252615
vt -0.129904 -1.075000
vt -0.075000 -1.129904
vt -0.070381 -1.298093
vt -0.000000 -1.150000
vt 0.210317 -1.282874
vt 0.075000 -1.129904
vt 0.129904 -1.075000
vt 0.481180 -1.207670
vt 0.150000 -1.000000
vt 0.729543 -1.075996
vt 0.129904 -0.925000
vt 0.736122 -0.575000
vt 0.716025 -0.500000
vt -0.075000 -0.870096
vt -0.716025 -0.500000
vt -0.736122 -0.575000
vt -0.791025 -0.629904
vt -0.841602 -0.990811
vt -0.866025 -0.650000
vt -1.034921 -0.786726
vt -0.941025 -0.629904
vt -0.995929 -0.575000
vt -0.736122 -0.425000
vt -0.000000 -0.850000
vt -0.736122 0.425000
vt 0.000000 0.850000
vt -0.075000 0.870096
vt 0.736122 -0.425000
vt 0.075000 -0.870096
vt 0.791025 -0.370096
vt 0.791025 0.370096
vt 0.736122 0.425000
vt 0.075000 0.870096
vt 0.716025 0.500000
vt 0.129904 0.925000
vt 0.736122 0.575000
vt 0.729543 1.075996
vt 0.791025 0.629904
vt 0.943794 0.894009
vt 0.866025 0.650000
vt 0.941025 0.629904
vt 0.866025 0.350000
vt 0.866025 -0.350000
vt 1.292379 -0.140555
vt 0.941025 -0.370096
vt 0.995929 -0.425000
vt 1.231949 -0.415092
vt 1.016025 -0.500000
vt 1.113914 -0.670220
vt 0.995929 -0.575000
vt 0.941025 -0.629904
vt 0.943794 -0.894009
vt 0.866025 -0.650000
vt 0.791025 -0.629904
vt 1.113914 0.670220
vt 0.995929 0.575000
vt 1.016025 0.500000
vt 1.231949 0.415092
vt 0.995929 0.425000
vt 1.292379 0.140555
vt 0.941025 0.370096
vt -0.995929 0.425000
vt -1.016025 0.500000
vt -1.179848 0.545856
vt -0.995929 0.575000
vt -1.034921 0.786726
vt -0.941025 0.629904
vt -0.866025 0.650000
vt -0.841602 0.990811
vt -0.791025 0.629904
vt -0.608931 1.148566
vt -0.736122 0.575000
vt -0.129904 0.925000
vt -0.716025 0.500000
vt -0.791025 0.370096
vt -0.791025 -0.370096
vt -0.866025 0.350000
vt -0.866025 -0.350000
vt -1.300000 -0.000000
vt -0.941025 -0.370096
vt -1.269607 -0.279462
vt -0.995929 -0.425000
vt -1.179848 -0.545856
vt -1.016025 -0.500000
vt -0.941025 0.370096
vt -1.269607 0.279462
vt -0.129904 1.075000
vt -0.347787 1.252615
vt -0.150000 1.000000
vt -0.075000 1.129904
vt -0.070381 1.298093
vt 0.000000 1.150000
vt 0.210317 1.282874
vt 0.075000 1.129904
vt 0.129904 1.075000
vt 0.481180 1.207670
vt 0.150000 1.000000
vt 0.000000 2.438149
vt 0.800000 2.438149
vt 0.000000 2.670354
vt 0.800000 2.670354
vt 0.000000 -2.670354
vt 0.800000 -2.670354
vt 0.000000 -2.438149
vt 0.800000 -2.438149
vt 0.000000 -2.205944
vt 0.800000 -2.205944
vt 0.000000 -1.973740
vt 0.800000 -1.973740
vt 0.000000 -1.741535
vt 0.800000 -1.741535
vt 0.000000 -1.509330
vt 0.800000 -1.509330
vt 0.000000 -1.277126
vt 0.800000 -1.277126
vt 0.000000 -1.044921
vt 0.800000 -1.044921
vt 0.000000 -0.812716
vt 0.800000 -0.812716
vt 0.000000 -0.580512
vt 0.800000 -0.580512
vt 0.000000 -0.348307
vt 0.800000 -0.348307
vt 0.000000 -0.116102
vt 0.800000 -0.116102
vt 0.000000 0.116102
vt 0.800000 0.116102
vt 0.000000 0.348307
vt 0.800000 0.348307
vt 0.000000 0.580512
vt 0.800000 0.580512
vt 0.000000 0.812716
vt 0.800000 0.812716
vt 0.000000 1.044921
vt 0.800000 1.044921
vt 0.000000 1.277126
vt 0.800000 1.277126
vt 0.000000 1.509330
vt 0.800000 1.509330
vt 0.000000 1.741535
vt 0.800000 1.741535
vt 0.000000 1.973740
vt 0.800000 1.973740
vt 0.000000 2.205944
vt 0.800000 2.205944
vt -0.000000 -3.646491
vt -0.800000 -3.646491
vt -0.000000 -3.926991
vt -0.800000 -3.926991
vt -0.000000 3.926991
vt -0.800000 3.926991
vt -0.000000 3.646491
vt -0.800000 3.646491
vt -0.000000 3.365992
vt -0.800000 3.365992
vt -0.000000 3.085493
vt -0.800000 3.085493
vt -0.000000 2.804993
vt -0.800000 2.804993
vt -0.000000 2.524494
vt -0.800000 2.524494
vt -0.000000 2.243995
vt -0.800000 2.243995
vt -0.000000 1.963495
vt -0.800000 1.963495
vt -0.000000 1.682996
vt -0.800000 1.682996
vt -0.000000 1.402497
vt -0.800000 1.402497
vt -0.000000 1.121997
vt -0.800000 1.121997
vt -0.000000 0.841498
vt -0.800000 0.841498
vt -0.000000 0.560999
vt -0.800000 0.560999
vt -0.000000 0.280499
vt -0.800000 0.280499
vt -0.800000 0.000000
vt -0.000000 -0.280499
vt -0.800000 -0.280499
vt -0.000000 -0.560999
vt -0.800000 -0.560999
vt -0.000000 -0.841498
vt -0.800000 -0.841498
vt -0.000000 -1.121997
vt -0.800000 -1.121997
vt -0.000000 -1.402497
vt -0.800000 -1.402497
vt -0.000000 -1.682996
vt -0.800000 -1.682996
vt -0.000000 -1.963495
vt -0.800000 -1.963495
vt -0.000000 -2.243995
vt -0.800000 -2.243995
vt -0.000000 -2.524494
vt -0.800000 -2.524494
vt -0.000000 -2.804993
vt -0.800000 -2.804993
vt -0.000000 -3.085493
vt -0.800000 -3.085493
vt -0.000000 -3.365992
vt -0.800000 -3.365992
vt -0.278151 1.218660
vt -0.115742 0.842083
vt -0.000000 1.250000
vt 0.115742 0.842083
vt 0.278151 1.218660
vt 0.338641 0.779630
vt 0.542355 1.126211
vt 0.536425 0.659355
vt 0.779362 0.977289
vt 0.977289 0.779362
vt 0.694424 0.490178
vt 1.126211 0.542355
vt 0.800922 0.284648
vt 1.218660 0.278151
vt 0.848018 0.058006
vt 1.250000 -0.000000
vt 0.832221 -0.172938
vt 1.218660 -0.278151
vt 1.126211 -0.542355
vt 0.754702 -0.391055
vt 0.977289 -0.779362
vt 0.621211 -0.580170
vt 0.779362 -0.977289
vt 0.441646 -0.726256
vt 0.542355 -1.126211
vt 0.229327 -0.818480
vt 0.278151 -1.218660
vt 0.000000 -1.250000
vt -0.278151 -1.218660
vt -0.229327 -0.818480
vt -0.542355 -1.126211
vt -0.441646 -0.726256
vt -0.779362 -0.977289
vt -0.621211 -0.580170
vt -0.977289 -0.779362
vt -0.754702 -0.391055
vt -1.126211 -0.542355
vt -0.832221 -0.172938
vt -1.218660 -0.278151
vt -1.250000 -0.000000
vt -0.848018 0.058006
vt -1.218660 0.278151
vt -0.800922 0.284648
vt -1.126211 0.542355
vt -0.694424 0.490178
vt -0.977289 0.779362
vt -0.536425 0.659355
vt -0.779362 0.977289
vt -0.542355 1.126211
vt -0.338641 0.779630
vt 0.000000 1.250000
vt -0.000000 -1.250000
vt 0.000000 1.696460
vt 0.800000 1.696460
vt 0.000000 1.884956
vt 0.800000 1.884956
vt 0.000000 -1.884956
vt 0.800000 -1.884956
vt 0.000000 -1.696460
vt 0.800000 -1.696460
vt 0.000000 -1.507964
vt 0.800000 -1.507964
vt 0.000000 -1.319469
vt 0.800000 -1.319469
vt 0.000000 -1.130973
vt 0.800000 -1.130973
vt 0.000000 -0.942478
vt 0.800000 -0.942478
vt 0.000000 -0.753982
vt 0.800000 -0.753982
vt 0.000000 -0.565487
vt 0.800000 -0.565487
vt 0.000000 -0.376991
vt 0.800000 -0.376991
vt 0.000000 -0.188496
vt 0.800000 -0.188496
vt 0.800000 0.000000
vt 0.000000 0.188496
vt 0.800000 0.188496
vt 0.000000 0.376991
vt 0.800000 0.376991
vt 0.000000 0.565487
vt 0.800000 0.565487
vt 0.000000 0.753982
vt 0.800000 0.753982
vt 0.000000 0.942478
vt 0.800000 0.942478
vt 0.000000 1.130973
vt 0.800000 1.130973
vt 0.000000 1.319469
vt 0.800000 1.319469
vt 0.000000 1.507964
vt 0.800000 1.507964
vt -0.800000 -2.438149
vt -0.800000 -2.670354
vt -0.800000 2.670354
vt -0.800000 2.438149
vt -0.800000 2.205944
vt -0.000000 1.973740
vt -0.800000 1.973740
vt -0.000000 1.741535
vt -0.800000 1.741535
vt -0.800000 1.509330
vt -0.800000 1.277126
vt -0.800000 1.044921
vt -0.800000 0.812716
vt -0.800000 0.580512
vt -0.800000 0.348307
vt -0.800000 0.116102
vt -0.800000 -0.116102
vt -0.800000 -0.348307
vt -0.800000 -0.580512
vt -0.800000 -0.812716
vt -0.800000 -1.044921
vt -0.800000 -1.277126
vt -0.800000 -1.509330
vt -0.800000 -1.741535
vt -0.800000 -1.973740
vt -0.800000 -2.205944
vt 0.229327 0.818480
vt 0.000000 0.600000
vt -0.229327 0.818480
vt -0.185410 0.570634
vt -0.441646 0.726256
vt -0.352671 0.485410
vt -0.621211 0.580170
vt -0.485410 0.352671
vt -0.754702 0.391055
vt -0.570634 0.185410
vt -0.832221 0.172938
vt -0.600000 0.000000
vt -0.848018 -0.058006
vt -0.570634 -0.185410
vt -0.800922 -0.284648
vt -0.485410 -0.352671
vt -0.694424 -0.490178
vt -0.536425 -0.659355
vt -0.352671 -0.485410
vt -0.338641 -0.779630
vt -0.185410 -0.570634
vt -0.115742 -0.842083
vt 0.000000 -0.600000
vt 0.115742 -0.842083
vt 0.185410 -0.570634
vt 0.338641 -0.779630
vt 0.352671 -0.485410
vt 0.536425 -0.659355
vt 0.485410 -0.352671
vt 0.694424 -0.490178
vt 0.800922 -0.284648
vt 0.570634 -0.185410
vt 0.848018 -0.058006
vt 0.832221 0.172938
vt 0.570634 0.185410
vt 0.754702 0.391055
vt 0.485410 0.352671
vt 0.621211 0.580170
vt 0.352671 0.485410
vt 0.441646 0.726256
vt 0.185410 0.570634
vt 0.800000 3.646491
vt 0.800000 3.926991
vt 0.800000 -3.926991
vt 0.800000 -3.646491
vt 0.000000 -3.365992
vt 0.800000 -3.365992
vt 0.000000 -3.085493
vt 0.800000 -3.085493
vt 0.000000 -2.804993
vt 0.800000 -2.804993
vt 0.800000 -2.524494
vt 0.800000 -2.243995
vt 0.800000 -1.963495
vt 0.800000 -1.682996
vt 0.800000 -1.402497
vt 0.800000 -1.121997
vt 0.000000 -0.841498
vt 0.800000 -0.841498
vt 0.800000 -0.560999
vt 0.800000 -0.280499
vt 0.800000 0.280499
vt 0.800000 0.560999
vt 0.000000 0.841498
vt 0.800000 0.841498
vt 0.800000 1.121997
vt 0.800000 1.402497
vt 0.800000 1.682996
vt 0.800000 1.963495
vt 0.800000 2.243995
vt 0.800000 2.524494
vt 0.800000 2.804993
vt 0.800000 3.085493
vt 0.800000 3.365992
vt -0.000000 -4.105014
vt -0.800000 -4.105014
vt -0.000000 -4.398230
vt -0.800000 -4.398230
vt -0.000000 4.398230
vt -0.800000 4.398230
vt -0.000000 4.105014
vt -0.800000 4.105014
vt -0.000000 3.811799
vt -0.800000 3.811799
vt -0.000000 3.518584
vt -0.800000 3.518584
vt -0.000000 3.225368
vt -0.800000 3.225368
vt -0.000000 2.932153
vt -0.800000 2.932153
vt -0.000000 2.638938
vt -0.800000 2.638938
vt -0.000000 2.345723
vt -0.800000 2.345723
vt -0.000000 2.052507
vt -0.800000 2.052507
vt -0.000000 1.759292
vt -0.800000 1.759292
vt -0.000000 1.466077
vt -0.800000 1.466077
vt -0.000000 1.172861
vt -0.800000 1.172861
vt -0.000000 0.879646
vt -0.800000 0.879646
vt -0.000000 0.586431
vt -0.800000 0.586431
vt -0.000000 0.293215
vt -0.800000 0.293215
vt -0.000000 -0.293215
vt -0.800000 -0.293215
vt -0.000000 -0.586431
vt -0.800000 -0.586431
vt -0.000000 -0.879646
vt -0.800000 -0.879646
vt -0.000000 -1.172861
vt -0.800000 -1.172861
vt -0.000000 -1.466077
vt -0.800000 -1.466077
vt -0.000000 -1.759292
vt -0.800000 -1.759292
vt -0.000000 -2.052507
vt -0.800000 -2.052507
vt -0.000000 -2.345723
vt -0.800000 -2.345723
vt -0.000000 -2.638938
vt -0.800000 -2.638938
vt -0.000000 -2.932153
vt -0.800000 -2.932153
vt -0.000000 -3.225368
vt -0.800000 -3.225368
vt -0.000000 -3.518584
vt -0.800000 -3.518584
vt -0.000000 -3.811799
vt -0.800000 -3.811799
vt 0.291076 1.369407
vt -0.000000 1.400000
vt -0.291076 1.369407
vt -0.569431 1.278964
vt -0.822899 1.132624
vt -1.040403 0.936783
vt -1.212436 0.700000
vt -1.331479 0.432624
vt -1.392331 0.146340
vt -1.250000 0.000000
vt -1.392331 -0.146340
vt -1.331479 -0.432624
vt -1.212436 -0.700000
vt -1.040403 -0.936783
vt -0.822899 -1.132624
vt -0.569431 -1.278964
vt -0.291076 -1.369407
vt 0.000000 -1.400000
vt 0.291076 -1.369407
vt 0.569431 -1.278964
vt 0.822899 -1.132624
vt 1.040403 -0.936783
vt 1.212436 -0.700000
vt 1.331479 -0.432624
vt 1.392331 -0.146340
vt 1.392331 0.146340
vt 1.331479 0.432624
vt 1.212436 0.700000
vt 1.040403 0.936783
vt 0.822899 1.132624
vt 0.569431 1.278964
s 0
f 1/1/1 2/2/2 36/3/3
f 36/3/3 2/2/2 3/4/4
f 36/3/3 3/4/4 35/5/5
f 35/5/5 3/4/4 4/6/6
f 35/5/5 4/6/6 34/7/7
f 34/7/7 4/6/8 5/8/9
f 34/7/7 5/8/9 33/9/10
f 33/9/10 5/8/11 6/10/12
f 33/9/10 6/10/12 32/11/13
f 32/11/14 6/10/12 7/12/15
f 32/11/16 7/12/15 31/13/17
f 31/13/18 7/12/15 8/14/19
f 31/13/18 8/14/19 30/15/20
f 30/15/20 8/14/19 9/16/21
f 30/15/20 9/16/21 29/17/22
f 29/17/22 9/16/23 10/18/24
f 29/17/25 10/18/24 28/19/24
f 28/19/24 10/18/24 27/20/26
f 27/20/26 10/18/24 11/21/27
f 27/20/28 11/21/27 26/22/29
f 26/22/29 11/21/27 12/23/30
f 26/22/29 12/23/30 25/24/31
f 25/24/31 12/23/30 13/25/32
f 25/24/33 13/25/32 24/26/34
f 24/26/35 13/25/32 14/27/36
f 24/26/37 14/27/36 23/28/38
f 23/28/38 14/27/36 15/29/39
f 23/28/38 15/29/40 22/30/41
f 22/30/41 15/29/39 16/31/42
f 22/30/41 16/31/43 21/32/44
f 21/32/44 16/31/43 17/33/45
f 21/32/44 17/33/45 20/34/46
f 20/34/46 17/33/45 18/35/47
f 20/34/46 18/35/47 19/36/48
f 1/37/49 36/38/49 47/39/49
f 47/39/49 36/38/49 37/40/49
f 47/39/49 37/40/49 38/41/49
f 47/39/49 38/41/49 46/42/49
f 46/42/49 38/41/49 39/43/49
f 46/42/49 39/43/49 45/44/49
f 45/44/49 39/43/49 43/45/49
f 45/44/49 43/45/49 44/46/49
f 39/43/49 40/47/49 43/45/49
f 43/45/49 40/47/49 42/48/49
f 42/48/49 40/47/49 41/49/49
f 37/50/50 36/51/50 63/52/51
f 63/52/51 36/51/50 35/53/51
f 63/52/51 35/53/51 62/54/52
f 62/54/52 35/53/51 34/55/52
f 62/54/53 34/55/53 61/56/54
f 61/56/54 34/55/53 33/57/54
f 61/56/55 33/57/55 60/58/56
f 60/58/56 33/57/55 32/59/56
f 60/58/57 32/59/57 59/60/58
f 59/60/58 32/59/57 31/61/58
f 59/60/58 31/61/58 58/62/59
f 58/62/59 31/61/58 30/63/59
f 58/62/59 30/63/59 57/64/60
f 57/64/60 30/63/59 29/65/60
f 57/64/60 29/65/60 56/66/61
f 56/66/61 29/65/60 28/67/61
f 56/66/61 28/67/61 55/68/62
f 55/68/62 28/67/61 27/69/62
f 55/68/62 27/69/62 54/70/63
f 54/70/63 27/69/62 26/71/63
f 54/70/63 26/71/63 53/72/64
f 53/72/64 26/71/63 25/73/64
f 53/72/64 25/73/64 52/74/65
f 52/74/65 25/73/64 24/75/65
f 52/74/66 24/75/66 51/76/67
f 51/76/67 24/75/66 23/77/67
f 51/76/68 23/77/68 50/78/69
f 50/78/69 23/77/68 22/79/69
f 50/78/70 22/79/70 49/80/71
f 49/80/71 22/79/70 21/81/71
f 49/80/71 21/81/71 48/82/72
f 48/82/72 21/81/71 20/83/72
f 19/84/73 64/85/73 20/86/73
f 20/86/73 64/85/73 48/87/73
f 48/87/73 64/85/73 72/88/73
f 72/88/73 64/85/73 65/89/73
f 72/88/73 65/89/73 71/90/73
f 71/90/73 65/89/73 66/91/73
f 71/90/73 66/91/73 67/92/73
f 71/90/73 67/92/73 70/93/73
f 70/93/73 67/92/73 68/94/73
f 70/93/73 68/94/73 69/95/73
f 69/96/74 68/97/75 96/98/76
f 96/98/76 68/97/75 73/99/77
f 96/98/76 73/99/77 95/100/78
f 95/100/78 73/99/77 74/101/79
f 95/100/78 74/101/79 94/102/80
f 94/102/80 74/101/79 75/103/81
f 94/102/80 75/103/81 93/104/82
f 93/104/82 75/103/81 76/105/83
f 93/104/82 76/105/83 92/106/84
f 92/106/84 76/105/83 77/107/85
f 92/106/84 77/107/85 91/108/86
f 91/108/87 77/107/88 78/109/89
f 91/108/87 78/109/89 90/110/90
f 90/110/91 78/109/92 79/111/93
f 90/110/91 79/111/93 80/112/94
f 90/110/91 80/112/95 89/113/96
f 89/113/96 80/112/95 81/114/97
f 89/113/96 81/114/97 88/115/98
f 88/115/98 81/114/97 82/116/99
f 88/115/100 82/116/99 87/117/101
f 87/117/101 82/116/99 83/118/102
f 87/117/101 83/118/103 86/119/104
f 86/119/104 83/118/102 84/120/105
f 86/119/104 84/120/105 85/121/106
f 85/121/106 84/120/105 42/122/107
f 85/121/106 42/122/107 41/123/108
f 98/124/109 73/125/109 97/126/109
f 97/126/110 73/125/110 68/127/110
f 97/126/110 68/127/110 67/128/110
f 70/129/111 69/130/111 110/131/112
f 110/131/112 69/130/111 96/132/112
f 110/131/112 96/132/112 109/133/113
f 109/133/113 96/132/112 95/134/113
f 109/133/113 95/134/113 108/135/114
f 108/135/114 95/134/113 94/136/114
f 108/135/114 94/136/114 107/137/115
f 107/137/115 94/136/114 93/138/115
f 107/137/115 93/138/115 106/139/116
f 106/139/116 93/138/115 92/140/116
f 106/139/116 92/140/116 105/141/117
f 105/141/117 92/140/116 91/142/117
f 105/141/118 91/142/118 104/143/119
f 104/143/119 91/142/118 90/144/119
f 104/143/120 90/144/120 103/145/121
f 103/145/121 90/144/120 89/146/121
f 103/145/121 89/146/121 102/147/122
f 102/147/122 89/146/121 88/148/122
f 102/147/122 88/148/122 101/149/123
f 101/149/123 88/148/122 87/150/123
f 101/149/123 87/150/123 100/151/124
f 100/151/124 87/150/123 86/152/124
f 100/151/124 86/152/124 99/153/125
f 99/153/125 86/152/124 85/154/125
f 99/153/125 85/154/125 40/155/126
f 40/155/126 85/154/125 41/156/126
f 48/157/46 72/158/127 49/159/44
f 49/159/44 72/158/128 111/160/129
f 49/159/44 111/160/130 50/161/41
f 50/161/41 111/160/130 112/162/131
f 50/161/41 112/162/131 51/163/38
f 51/163/132 112/162/131 113/164/133
f 51/163/132 113/164/134 52/165/37
f 52/165/35 113/164/134 114/166/135
f 52/165/34 114/166/135 53/167/136
f 53/167/136 114/166/137 115/168/138
f 53/167/31 115/168/138 54/169/29
f 54/169/29 115/168/138 116/170/139
f 54/169/29 116/170/139 55/171/28
f 55/171/26 116/170/139 117/172/140
f 55/171/28 117/172/140 56/173/24
f 56/173/24 117/172/140 118/174/141
f 56/173/24 118/174/141 57/175/25
f 57/175/22 118/174/141 119/176/142
f 57/175/25 119/176/142 58/177/20
f 58/177/20 119/176/142 120/178/143
f 58/177/20 120/178/143 59/179/18
f 59/179/17 120/178/143 121/180/144
f 59/179/17 121/180/145 60/181/16
f 60/181/14 121/180/145 122/182/146
f 60/181/13 122/182/146 61/183/10
f 61/183/147 122/182/148 123/184/149
f 61/183/10 123/184/149 62/185/7
f 62/185/7 123/184/149 124/186/150
f 62/185/7 124/186/150 63/187/5
f 63/187/5 124/186/151 38/188/152
f 63/187/5 38/188/152 37/189/3
f 38/190/153 124/191/153 39/192/153
f 39/192/153 124/191/153 123/193/153
f 39/192/153 123/193/153 137/194/153
f 137/194/153 123/193/153 122/195/153
f 137/194/153 122/195/153 136/196/153
f 136/196/153 122/195/153 121/197/153
f 136/196/153 121/197/153 135/198/153
f 135/198/153 121/197/153 120/199/153
f 135/198/153 120/199/153 134/200/153
f 134/200/153 120/199/153 119/201/153
f 134/200/153 119/201/153 133/202/153
f 133/202/153 119/201/153 118/203/153
f 133/202/153 118/203/153 132/204/153
f 132/204/153 118/203/153 131/205/153
f 131/205/153 118/203/153 117/206/153
f 131/205/153 117/206/153 130/207/153
f 130/207/153 117/206/153 129/208/153
f 129/208/153 117/206/153 116/209/153
f 129/208/153 116/209/153 128/210/153
f 128/210/153 116/209/153 115/211/153
f 128/210/153 115/211/153 127/212/153
f 127/212/153 115/211/153 114/213/153
f 127/212/153 114/213/153 126/214/153
f 126/214/153 114/213/153 113/215/153
f 126/214/153 113/215/153 125/216/153
f 125/216/153 113/215/153 112/217/153
f 125/216/153 112/217/153 71/218/153
f 71/218/153 112/217/153 111/219/153
f 71/218/153 111/219/153 72/220/153
f 39/221/154 137/222/155 40/223/108
f 40/223/108 137/222/155 99/224/106
f 99/224/106 137/222/155 136/225/156
f 99/224/106 136/225/157 100/226/104
f 100/226/104 136/225/157 135/227/158
f 100/226/104 135/227/159 101/228/101
f 101/228/101 135/227/159 134/229/160
f 101/228/101 134/229/161 102/230/100
f 102/230/98 134/229/161 133/231/162
f 102/230/98 133/231/162 103/232/96
f 103/232/96 133/231/162 132/233/163
f 103/232/96 132/233/163 104/234/164
f 104/234/91 132/233/163 131/235/165
f 104/234/91 131/235/165 105/236/87
f 105/236/87 131/235/165 130/237/166
f 105/236/86 130/237/166 106/238/84
f 106/238/84 130/237/166 129/239/167
f 106/238/84 129/239/167 107/240/82
f 107/240/82 129/239/167 128/241/168
f 107/240/169 128/241/168 108/242/80
f 108/242/80 128/241/170 127/243/171
f 108/242/80 127/243/171 109/244/78
f 109/244/78 127/243/172 126/245/173
f 109/244/78 126/245/173 110/246/76
f 110/246/76 126/245/174 125/247/175
f 110/246/76 125/247/175 70/248/74
f 70/248/74 125/247/175 71/249/176
f 42/250/177 84/251/177 43/252/177
f 43/252/177 84/251/177 138/253/177
f 84/254/153 83/255/153 138/256/153
f 138/256/153 83/255/153 82/257/153
f 138/256/153 82/257/153 156/258/153
f 156/258/153 82/257/153 155/259/153
f 155/259/153 82/257/153 81/260/153
f 155/259/153 81/260/153 154/261/153
f 154/261/153 81/260/153 153/262/153
f 153/262/153 81/260/153 152/263/153
f 152/263/153 81/260/153 151/264/153
f 151/264/153 81/260/153 150/265/153
f 150/265/153 81/260/153 80/266/153
f 150/265/153 80/266/153 149/267/153
f 149/267/153 80/266/153 176/268/153
f 176/268/153 80/266/153 79/269/153
f 176/268/153 79/269/153 175/270/153
f 175/270/153 79/269/153 78/271/153
f 175/270/153 78/271/153 174/272/153
f 174/272/153 78/271/153 77/273/153
f 174/272/153 77/273/153 173/274/153
f 173/274/153 77/273/153 172/275/153
f 172/275/153 77/273/153 76/276/153
f 172/275/153 76/276/153 171/277/153
f 171/277/153 76/276/153 170/278/153
f 170/278/153 76/276/153 169/279/153
f 169/279/153 76/276/153 168/280/153
f 168/280/153 76/276/153 167/281/153
f 167/281/153 76/276/153 75/282/153
f 167/281/153 75/282/153 166/283/153
f 166/283/153 75/282/153 98/284/153
f 166/283/153 98/284/153 140/285/153
f 140/285/153 98/284/153 139/286/153
f 75/282/153 74/287/153 98/284/153
f 98/284/153 74/287/153 73/288/153
f 141/289/153 164/290/153 140/285/153
f 140/285/153 164/290/153 165/291/153
f 140/285/153 165/291/153 166/283/153
f 142/292/153 143/293/153 141/289/153
f 141/289/153 143/293/153 163/294/153
f 141/289/153 163/294/153 164/290/153
f 144/295/153 160/296/153 143/293/153
f 143/293/153 160/296/153 161/297/153
f 143/293/153 161/297/153 162/298/153
f 145/299/153 146/300/153 144/295/153
f 144/295/153 146/300/153 158/301/153
f 144/295/153 158/301/153 159/302/153
f 158/301/153 146/300/153 157/303/153
f 157/303/153 146/300/153 147/304/153
f 157/303/153 147/304/153 156/258/153
f 156/258/153 147/304/153 138/256/153
f 147/304/153 148/305/153 138/256/153
f 159/302/153 160/296/153 144/295/153
f 162/298/153 163/294/153 143/293/153
f 64/306/110 19/307/110 177/308/110
f 177/308/110 19/307/110 18/309/110
f 177/308/110 18/309/110 17/310/110
f 177/308/110 178/311/110 64/306/110
f 64/306/110 178/311/110 179/312/110
f 64/306/110 179/312/110 180/313/110
f 64/306/110 180/313/110 185/314/110
f 185/314/178 180/313/110 181/315/178
f 185/314/179 181/315/110 182/316/179
f 182/316/110 183/317/110 185/314/110
f 185/314/110 183/317/110 184/318/110
f 186/319/180 187/320/180 197/321/181
f 197/321/182 187/320/180 198/322/183
f 197/321/182 198/322/184 196/323/185
f 196/323/185 198/322/186 199/324/187
f 196/323/188 199/324/189 195/325/190
f 195/325/191 199/324/192 194/326/193
f 194/326/193 199/324/194 200/327/195
f 194/326/196 200/327/197 193/328/198
f 193/328/199 200/327/197 192/329/200
f 192/329/200 200/327/197 191/330/200
f 191/330/200 200/327/197 190/331/197
f 190/331/195 200/327/195 189/332/201
f 189/332/202 200/327/195 199/324/203
f 189/332/204 199/324/187 188/333/205
f 188/333/205 199/324/187 198/322/205
f 188/333/183 198/322/183 187/320/180
f 155/334/206 204/335/207 201/336/208
f 201/336/209 204/335/207 194/337/210
f 201/336/209 194/337/210 193/338/209
f 204/335/207 155/334/209 210/339/211
f 210/339/211 155/334/209 154/340/212
f 210/339/213 154/340/214 209/341/215
f 209/341/215 154/340/216 153/342/217
f 209/341/218 153/342/217 152/343/219
f 209/341/220 152/343/219 208/344/221
f 208/344/222 152/343/219 151/345/223
f 208/344/224 151/345/225 150/346/226
f 208/344/224 150/346/227 203/347/228
f 203/347/228 150/346/227 149/348/229
f 203/347/228 149/348/230 202/349/231
f 203/347/232 202/349/231 207/350/233
f 207/350/234 202/349/235 197/351/236
f 207/350/233 197/351/236 196/352/237
f 207/350/233 196/352/238 206/353/239
f 206/353/240 196/352/241 195/354/242
f 206/353/243 195/354/244 205/355/245
f 205/355/246 195/354/247 194/337/248
f 205/355/246 194/337/249 204/335/250
f 210/339/213 209/341/215 204/335/251
f 204/335/251 209/341/215 205/355/252
f 203/347/253 207/350/233 206/353/254
f 209/341/218 208/344/221 205/355/245
f 205/355/245 208/344/221 206/353/243
f 208/344/224 203/347/253 206/353/254
f 187/356/180 186/357/180 216/358/255
f 216/358/255 186/357/180 211/359/255
f 216/358/255 211/359/255 215/360/256
f 215/360/256 211/359/255 212/361/256
f 215/360/256 212/361/256 214/362/257
f 214/362/257 212/361/256 213/363/257
f 149/364/230 176/365/258 202/366/235
f 202/366/235 176/365/258 186/367/259
f 202/366/235 186/367/259 197/368/260
f 186/367/259 176/365/258 211/369/261
f 211/369/261 176/365/258 175/370/24
f 211/369/262 175/370/24 212/371/263
f 212/371/264 175/370/24 174/372/265
f 212/371/264 174/372/265 213/373/266
f 213/373/266 174/372/265 217/374/267
f 213/373/266 217/374/267 218/375/268
f 174/372/265 173/376/269 217/374/267
f 219/377/270 220/378/270 228/379/271
f 228/379/272 220/378/273 229/380/274
f 228/379/272 229/380/275 227/381/276
f 227/381/276 229/380/274 226/382/277
f 226/382/278 229/380/279 225/383/280
f 225/383/280 229/380/281 224/384/282
f 224/384/283 229/380/281 222/385/284
f 224/384/283 222/385/285 223/386/283
f 220/378/273 221/387/286 229/380/274
f 229/380/274 221/387/287 222/385/288
f 225/388/289 163/389/289 226/390/290
f 226/390/290 163/389/291 162/391/292
f 226/390/290 162/391/293 227/392/294
f 227/392/295 162/391/296 161/393/297
f 227/392/298 161/393/165 228/394/165
f 219/395/299 230/396/299 220/397/299
f 220/397/299 230/396/299 231/398/299
f 228/399/165 161/400/165 219/401/165
f 219/401/165 161/400/165 230/402/165
f 230/402/165 161/400/165 160/403/165
f 230/402/165 160/403/165 232/404/165
f 233/405/300 234/406/300 240/407/301
f 240/407/302 234/406/300 241/408/303
f 240/407/304 241/408/303 239/409/303
f 239/409/305 241/408/305 238/410/306
f 238/410/307 241/408/305 242/411/308
f 238/410/309 242/411/308 237/412/308
f 237/412/310 242/411/311 232/413/312
f 232/413/313 242/411/314 230/414/315
f 230/414/315 242/411/314 231/415/315
f 231/415/315 242/411/314 236/416/314
f 236/416/308 242/411/308 235/417/305
f 235/417/305 242/411/308 241/408/305
f 235/417/303 241/408/303 234/406/300
f 232/418/316 160/419/316 237/420/317
f 237/420/318 160/419/319 159/421/320
f 237/420/321 159/421/321 238/422/322
f 238/422/322 159/421/321 158/423/322
f 238/422/323 158/423/323 157/424/324
f 238/422/323 157/424/324 239/425/324
f 239/425/325 157/424/325 156/426/326
f 239/425/327 156/426/326 240/427/326
f 191/428/73 234/429/73 192/430/73
f 192/430/73 234/429/73 233/431/73
f 156/432/328 155/433/328 192/434/328
f 192/434/328 155/433/328 201/435/328
f 192/434/328 201/435/328 193/436/328
f 192/434/328 233/437/328 156/432/328
f 156/432/328 233/437/328 240/438/328
f 243/377/282 244/378/282 252/379/329
f 252/379/330 244/378/331 253/380/332
f 252/379/333 253/380/334 251/381/335
f 251/381/336 253/380/332 250/382/337
f 250/382/338 253/380/339 249/383/340
f 249/383/341 253/380/339 248/384/49
f 248/384/342 253/380/339 246/385/343
f 248/384/342 246/385/344 247/386/342
f 244/378/282 245/387/345 253/380/346
f 253/380/332 245/387/347 246/385/348
f 249/439/349 166/440/349 250/441/350
f 250/441/350 166/440/351 165/442/352
f 250/441/353 165/442/354 251/443/355
f 251/443/356 165/442/357 164/444/358
f 251/443/356 164/444/289 252/445/289
f 223/446/282 244/447/282 224/448/282
f 224/448/282 244/447/282 243/449/282
f 225/450/289 224/451/359 163/452/289
f 163/452/289 224/451/289 243/453/289
f 163/452/289 243/453/289 164/454/289
f 164/454/358 243/453/360 252/455/360
f 254/319/361 255/320/361 262/456/362
f 262/456/363 255/320/361 263/322/364
f 262/456/365 263/322/366 261/457/367
f 261/457/368 263/322/369 264/458/370
f 261/457/371 264/458/370 260/459/372
f 260/459/373 264/458/374 259/460/375
f 259/460/375 264/458/376 265/327/377
f 259/460/378 265/327/379 218/461/380
f 218/461/381 265/327/382 213/329/257
f 213/329/257 265/327/382 214/330/257
f 214/330/257 265/327/382 258/331/382
f 258/331/377 265/327/377 264/458/383
f 258/331/377 264/458/383 257/332/384
f 257/332/385 264/458/370 263/322/366
f 257/332/385 263/322/366 256/333/366
f 256/333/386 263/322/386 255/320/361
f 217/462/387 173/463/388 267/464/389
f 267/464/390 173/463/269 172/465/391
f 267/464/392 172/465/393 270/466/394
f 270/466/394 172/465/395 171/467/396
f 270/466/397 171/467/396 170/468/398
f 270/466/399 170/468/398 269/469/400
f 269/469/401 170/468/398 169/470/402
f 269/469/403 169/470/402 168/471/404
f 269/469/403 168/471/404 268/472/405
f 268/472/406 168/471/407 167/473/408
f 268/472/406 167/473/408 266/474/408
f 262/475/349 261/476/409 266/474/349
f 266/474/408 261/476/410 274/477/411
f 266/474/412 274/477/413 268/472/406
f 268/472/406 274/477/414 273/478/415
f 268/472/416 273/478/417 269/469/403
f 269/469/400 273/478/418 272/479/419
f 269/469/400 272/479/420 270/466/399
f 270/466/394 272/479/421 271/480/422
f 270/466/394 271/480/422 267/464/423
f 267/464/389 271/480/424 217/462/425
f 274/477/414 261/476/426 273/478/417
f 273/478/417 261/476/426 260/481/427
f 273/478/418 260/481/428 272/479/429
f 272/479/430 260/481/431 259/482/432
f 272/479/421 259/482/433 271/480/434
f 271/480/424 259/482/435 218/483/268
f 271/480/436 218/483/268 217/462/267
f 247/446/49 255/484/49 248/448/49
f 248/448/49 255/484/49 254/485/49
f 249/486/349 248/487/349 166/488/349
f 166/488/349 248/487/349 254/489/349
f 166/488/349 254/489/349 167/490/349
f 167/490/349 254/489/349 266/491/349
f 266/491/349 254/489/349 262/492/349
f 16/493/153 290/494/153 17/495/153
f 17/495/153 290/494/153 291/496/153
f 17/495/153 291/496/153 292/497/153
f 290/494/153 16/493/153 289/498/153
f 289/498/153 16/493/153 15/499/153
f 289/498/153 15/499/153 288/500/153
f 288/500/153 15/499/153 14/501/153
f 288/500/153 14/501/153 287/502/153
f 287/502/153 14/501/153 13/503/153
f 287/502/153 13/503/153 286/504/153
f 286/504/153 13/503/153 12/505/153
f 286/504/153 12/505/153 285/506/153
f 285/506/153 12/505/153 11/507/153
f 285/506/153 11/507/153 284/508/153
f 284/508/153 11/507/153 10/509/153
f 284/508/153 10/509/153 9/510/153
f 284/508/153 9/510/153 283/511/153
f 283/511/153 9/510/153 8/512/153
f 283/511/153 8/512/153 282/513/153
f 282/513/153 8/512/153 7/514/153
f 282/513/153 7/514/153 281/515/153
f 281/515/153 7/514/153 6/516/153
f 281/515/153 6/516/153 280/517/153
f 280/517/153 6/516/153 5/518/153
f 280/517/153 5/518/153 279/519/153
f 279/519/153 5/518/153 4/520/153
f 279/519/153 4/520/153 278/521/153
f 278/521/153 4/520/153 3/522/153
f 278/521/153 3/522/153 277/523/153
f 277/523/153 3/522/153 276/524/153
f 276/524/153 3/522/153 275/525/153
f 292/497/153 177/526/153 17/495/153
f 294/527/437 319/528/437 293/529/438
f 293/529/439 319/528/440 317/530/439
f 293/531/441 317/532/442 339/533/443
f 339/533/443 317/532/441 318/534/441
f 339/533/443 318/534/444 340/535/443
f 340/535/445 318/534/441 305/536/441
f 340/535/446 305/536/447 306/537/443
f 319/528/448 294/527/448 321/538/449
f 321/538/450 294/527/448 295/539/450
f 321/538/451 295/539/452 323/540/453
f 323/540/453 295/539/454 296/541/453
f 323/540/455 296/541/455 325/542/456
f 325/542/457 296/541/455 297/543/458
f 325/542/459 297/543/459 327/544/460
f 327/544/461 297/543/459 298/545/461
f 327/544/462 298/545/463 329/546/464
f 329/546/465 298/545/466 299/547/465
f 329/546/467 299/547/468 300/548/469
f 329/546/467 300/548/469 331/549/470
f 331/549/471 300/548/471 301/550/472
f 331/549/471 301/550/472 333/551/473
f 333/551/474 301/550/475 302/552/476
f 333/551/477 302/552/476 335/553/476
f 335/553/478 302/552/478 303/554/479
f 335/553/478 303/554/480 337/555/481
f 337/555/482 303/554/482 304/556/483
f 337/555/482 304/556/483 339/533/483
f 339/533/443 304/556/484 293/531/442
f 340/535/483 306/537/483 338/557/485
f 338/557/482 306/537/483 307/558/482
f 338/557/479 307/558/479 336/559/486
f 336/559/478 307/558/480 308/560/478
f 336/559/476 308/560/476 334/561/477
f 334/561/487 308/560/476 309/562/477
f 334/561/472 309/562/472 332/563/488
f 332/563/471 309/562/472 310/564/471
f 332/563/469 310/564/469 330/565/489
f 330/565/467 310/564/490 311/566/467
f 330/565/491 311/566/492 312/567/462
f 330/565/465 312/567/463 328/568/493
f 328/568/461 312/567/461 313/569/459
f 328/568/461 313/569/459 326/570/494
f 326/570/458 313/569/458 314/571/455
f 326/570/457 314/571/455 324/572/455
f 324/572/453 314/571/453 315/573/451
f 324/572/453 315/573/454 322/574/495
f 322/574/450 315/573/450 316/575/448
f 322/574/450 316/575/448 320/576/496
f 320/576/497 316/575/498 305/577/439
f 320/576/437 305/577/439 318/578/499
f 320/576/440 318/578/439 317/530/439
f 320/576/437 317/530/500 319/528/437
f 322/574/449 320/576/448 319/528/448
f 322/574/450 319/528/448 321/538/450
f 324/572/501 322/574/451 321/538/454
f 324/572/453 321/538/454 323/540/453
f 326/570/457 324/572/455 323/540/455
f 326/570/458 323/540/455 325/542/458
f 328/568/460 326/570/459 325/542/459
f 328/568/461 325/542/502 327/544/461
f 330/565/503 328/568/463 327/544/463
f 330/565/465 327/544/493 329/546/491
f 332/563/470 330/565/467 329/546/467
f 334/561/473 332/563/471 331/549/471
f 331/549/469 332/563/469 329/546/504
f 336/559/476 334/561/487 333/551/487
f 333/551/472 334/561/472 331/549/505
f 338/557/506 336/559/478 335/553/478
f 335/553/476 336/559/476 333/551/474
f 340/535/507 338/557/482 337/555/482
f 337/555/508 338/557/480 335/553/478
f 339/533/483 340/535/483 337/555/482
f 365/579/509 185/580/510 366/581/510
f 366/582/510 185/583/510 184/584/511
f 366/582/510 184/584/512 183/585/513
f 183/585/513 182/586/514 366/582/510
f 366/582/510 182/586/515 181/587/516
f 366/582/510 181/587/517 394/588/518
f 394/588/519 181/587/517 180/589/520
f 394/588/519 180/589/521 179/590/522
f 179/590/523 178/591/524 394/588/519
f 394/588/518 178/591/524 177/592/525
f 394/588/519 177/592/525 292/593/526
f 394/588/519 292/593/526 393/594/527
f 393/594/528 292/593/526 291/595/529
f 393/594/527 291/595/529 392/596/530
f 392/596/531 291/595/529 290/597/532
f 392/596/530 290/597/532 289/598/533
f 392/596/531 289/598/533 391/599/534
f 391/599/535 289/598/533 288/600/536
f 391/599/534 288/600/536 390/601/537
f 390/601/537 288/600/536 287/602/538
f 390/601/537 287/602/538 286/603/539
f 390/601/537 286/603/539 389/604/540
f 389/604/540 286/603/541 285/605/542
f 389/604/540 285/605/542 388/606/543
f 388/606/544 285/605/542 284/607/545
f 388/606/543 284/607/545 387/608/546
f 387/608/546 284/607/545 283/609/547
f 387/608/546 283/609/547 282/610/548
f 387/608/546 282/610/549 386/611/550
f 386/611/550 282/610/548 281/612/551
f 386/611/552 281/612/551 385/613/553
f 385/613/553 281/612/551 280/614/554
f 385/613/553 280/614/554 279/615/555
f 385/613/556 279/615/557 384/616/558
f 384/616/558 279/615/557 278/617/559
f 384/616/558 278/617/559 383/618/560
f 383/618/560 278/617/559 277/619/561
f 383/618/560 277/619/562 382/620/563
f 382/620/563 277/619/562 276/621/564
f 382/620/565 276/621/564 275/622/566
f 275/622/567 341/623/568 382/620/569
f 382/620/563 341/623/568 342/624/570
f 382/620/563 342/624/571 381/625/572
f 381/625/573 342/624/574 343/626/575
f 381/625/572 343/626/575 344/627/576
f 344/627/576 345/628/577 381/625/572
f 381/625/573 345/628/577 346/629/578
f 381/625/572 346/629/578 347/630/579
f 347/630/580 348/39/581 381/625/573
f 381/625/573 348/39/581 380/631/582
f 380/631/582 348/39/581 349/632/583
f 380/631/582 349/632/583 379/633/584
f 379/633/584 349/632/583 350/634/585
f 379/633/584 350/634/585 378/635/586
f 378/635/586 350/634/585 351/636/587
f 378/635/586 351/636/587 352/637/588
f 378/635/586 352/637/588 377/638/589
f 377/638/589 352/637/588 353/639/590
f 377/638/589 353/639/590 376/640/591
f 376/640/591 353/639/590 354/641/592
f 376/640/591 354/641/592 375/642/593
f 375/642/593 354/641/592 355/643/594
f 375/642/593 355/643/594 374/644/595
f 374/644/595 355/643/594 356/645/596
f 374/644/595 356/645/597 357/646/598
f 374/644/595 357/646/598 373/647/599
f 373/647/599 357/646/598 358/648/600
f 373/647/601 358/648/602 372/649/603
f 372/649/604 358/648/602 359/650/605
f 372/649/603 359/650/605 371/651/606
f 371/651/606 359/650/605 360/652/607
f 371/651/606 360/652/607 370/653/608
f 370/653/608 360/652/607 361/654/609
f 370/653/610 361/654/609 362/655/611
f 370/653/608 362/655/611 369/656/612
f 369/656/612 362/655/611 363/657/613
f 369/656/612 363/657/614 368/658/615
f 368/658/616 363/657/614 364/659/617
f 368/658/618 364/659/617 367/660/619
f 367/660/619 364/659/617 365/579/620
f 367/660/619 365/579/620 366/581/510
f 396/661/621 381/662/622 395/663/361
f 395/664/49 381/665/622 380/666/623
f 395/664/342 380/666/623 423/667/624
f 423/667/625 380/666/626 379/668/627
f 423/667/625 379/668/627 422/669/628
f 422/669/629 379/668/630 378/670/631
f 422/669/632 378/670/633 421/671/634
f 421/671/635 378/670/636 377/672/637
f 421/671/635 377/672/638 420/673/639
f 420/673/640 377/672/638 376/674/641
f 420/673/642 376/674/641 419/675/643
f 419/675/644 376/674/645 375/676/646
f 419/675/644 375/676/647 418/677/648
f 418/677/649 375/676/647 374/678/650
f 418/677/651 374/678/650 417/679/652
f 417/679/653 374/678/654 373/680/655
f 417/679/656 373/680/657 416/681/658
f 416/681/659 373/680/660 372/682/661
f 416/681/659 372/682/662 415/683/663
f 415/683/663 372/682/664 371/684/665
f 415/683/666 371/684/665 414/685/667
f 414/685/668 371/684/669 370/686/670
f 414/685/668 370/686/671 413/687/672
f 413/687/672 370/686/673 369/688/674
f 413/687/675 369/688/674 412/689/676
f 412/689/677 369/688/678 368/690/679
f 412/689/680 368/690/681 411/691/682
f 411/691/683 368/690/684 367/692/685
f 411/691/683 367/692/685 410/693/686
f 410/693/687 367/692/688 366/694/300
f 410/693/687 366/694/73 409/695/689
f 409/695/689 366/694/200 394/696/690
f 409/695/691 394/696/692 408/697/693
f 408/697/693 394/696/692 393/698/694
f 408/697/695 393/698/696 407/699/697
f 407/699/698 393/698/699 392/700/700
f 407/699/701 392/700/702 406/701/703
f 406/701/704 392/700/702 391/702/705
f 406/701/704 391/702/706 405/703/707
f 405/703/707 391/702/708 390/704/709
f 405/703/710 390/704/711 404/705/712
f 404/705/713 390/704/711 389/706/714
f 404/705/713 389/706/715 403/707/716
f 403/707/716 389/706/715 388/708/717
f 403/707/718 388/708/719 402/709/720
f 402/709/720 388/708/719 387/710/721
f 402/709/722 387/710/723 401/711/724
f 401/711/724 387/710/723 386/712/725
f 401/711/726 386/712/725 400/713/727
f 400/713/727 386/712/728 385/714/729
f 400/713/730 385/714/731 399/715/732
f 399/715/733 385/714/731 384/716/734
f 399/715/735 384/716/734 398/717/736
f 398/717/736 384/716/737 383/718/738
f 398/717/739 383/718/740 397/719/741
f 397/719/742 383/718/743 382/720/744
f 397/719/745 382/720/746 396/661/747
f 396/661/747 382/720/746 381/662/748
f 146/721/749 145/722/750 426/723/751
f 426/723/749 145/722/750 425/724/750
f 425/724/752 145/722/752 424/725/753
f 424/725/754 145/722/755 144/726/754
f 424/727/753 144/728/753 427/729/753
f 427/729/753 144/728/753 143/730/753
f 143/731/753 142/732/756 427/733/753
f 427/733/753 142/732/757 429/734/757
f 429/734/757 142/732/757 428/735/758
f 428/735/758 142/732/757 141/736/758
f 147/737/749 430/738/749 148/739/759
f 148/739/759 430/738/749 431/740/760
f 148/739/759 431/740/761 432/741/762
f 43/742/177 138/743/177 432/741/763
f 432/741/764 138/743/177 148/739/765
f 3/744/177 2/745/177 275/746/177
f 275/746/177 2/745/177 1/747/177
f 275/746/177 1/747/177 47/748/177
f 348/749/177 343/750/177 47/748/177
f 47/748/177 343/750/177 342/751/177
f 47/748/177 342/751/177 341/752/177
f 347/753/177 346/754/177 348/749/177
f 348/749/177 346/754/177 345/755/177
f 348/749/177 345/755/177 344/756/766
f 344/756/177 343/750/767 348/749/177
f 341/752/177 275/746/177 47/748/177
f 45/757/49 44/758/49 438/759/768
f 438/759/768 44/758/49 433/760/768
f 438/759/768 433/760/768 437/761/769
f 437/761/769 433/760/768 434/762/769
f 437/761/770 434/762/770 436/763/771
f 436/763/772 434/762/770 435/764/772
f 440/765/153 473/766/153 439/767/153
f 439/767/153 473/766/153 474/768/153
f 439/767/153 474/768/153 475/769/153
f 440/765/153 441/770/153 473/766/153
f 473/766/153 441/770/153 442/771/153
f 473/766/153 442/771/153 443/772/153
f 473/766/153 443/772/153 472/773/153
f 472/773/153 443/772/153 444/774/153
f 472/773/153 444/774/153 445/775/153
f 445/775/153 446/776/153 472/773/153
f 472/773/153 446/776/153 428/777/153
f 472/773/153 428/777/153 471/778/153
f 471/778/153 428/777/153 470/779/153
f 470/779/153 428/777/153 469/780/153
f 446/776/153 447/781/153 428/777/153
f 428/777/153 447/781/153 429/782/153
f 429/782/153 447/781/153 448/783/153
f 429/782/153 448/783/153 449/784/153
f 429/782/153 449/784/153 427/785/153
f 427/785/153 449/784/153 450/786/153
f 427/785/153 450/786/153 451/787/153
f 427/785/153 451/787/153 424/788/153
f 424/788/153 451/787/153 452/789/153
f 424/788/153 452/789/153 490/790/153
f 490/790/153 452/789/153 453/791/153
f 490/790/153 453/791/153 454/792/153
f 454/792/153 455/793/153 490/790/153
f 490/790/153 455/793/153 489/794/153
f 489/794/153 455/793/153 456/795/153
f 489/794/153 456/795/153 488/796/153
f 488/796/153 456/795/153 457/797/153
f 488/796/153 457/797/153 487/798/153
f 487/798/153 457/797/153 458/799/153
f 487/798/153 458/799/153 486/800/153
f 486/800/153 458/799/153 459/801/153
f 486/800/153 459/801/153 485/802/153
f 485/802/153 459/801/153 460/803/153
f 485/802/153 460/803/153 484/804/153
f 484/804/153 460/803/153 461/805/153
f 484/804/153 461/805/153 483/806/153
f 483/806/153 461/805/153 462/807/153
f 483/806/153 462/807/153 482/808/153
f 482/808/153 462/807/153 463/809/153
f 482/808/153 463/809/153 481/810/153
f 481/810/153 463/809/153 464/811/153
f 481/810/153 464/811/153 480/812/153
f 480/812/153 464/811/153 465/813/153
f 480/812/153 465/813/153 479/814/153
f 479/814/153 465/813/153 466/815/153
f 479/814/153 466/815/153 478/816/153
f 478/816/153 466/815/153 467/817/153
f 478/816/153 467/817/153 477/818/153
f 477/818/153 467/817/153 468/819/153
f 477/818/153 468/819/153 476/820/153
f 476/820/153 468/819/153 475/769/153
f 475/769/153 468/819/153 439/767/153
f 434/821/153 431/822/153 435/823/153
f 435/823/153 431/822/153 430/824/153
f 435/823/153 430/824/153 426/825/153
f 434/821/153 433/826/153 431/822/153
f 431/822/153 433/826/153 432/827/153
f 432/827/153 433/826/153 44/828/153
f 432/827/153 44/828/153 43/829/153
f 435/823/153 426/825/153 490/790/153
f 490/790/153 426/825/153 425/830/153
f 490/790/153 425/830/153 424/788/153
f 426/831/749 430/832/749 146/833/749
f 146/833/773 430/832/773 147/834/773
f 494/835/774 472/836/774 493/837/775
f 493/837/775 472/836/774 471/838/775
f 493/837/776 471/838/776 492/839/777
f 492/839/777 471/838/776 470/840/777
f 492/839/778 470/840/778 491/841/779
f 491/841/780 470/840/778 469/842/780
f 469/843/779 495/844/779 491/845/779
f 491/845/779 495/844/779 496/846/779
f 67/847/200 66/848/200 97/849/781
f 97/849/782 66/848/200 497/850/783
f 97/849/784 497/850/783 500/851/785
f 500/851/785 497/850/786 498/852/787
f 500/851/785 498/852/788 499/853/789
f 499/853/790 498/852/791 496/854/792
f 499/853/790 496/854/780 495/855/780
f 140/856/758 139/857/793 499/858/758
f 499/858/794 139/857/793 500/859/793
f 500/859/793 139/857/793 97/860/110
f 97/860/110 139/857/793 98/861/110
f 216/862/795 610/863/795 187/864/795
f 187/864/795 610/863/795 599/865/795
f 187/864/795 599/865/795 570/866/795
f 570/866/795 599/865/795 569/867/795
f 569/867/795 599/865/795 600/868/795
f 569/867/795 600/868/795 586/869/795
f 586/869/795 600/868/795 601/870/795
f 586/869/795 601/870/795 585/871/795
f 585/871/795 601/870/795 602/872/795
f 585/871/795 602/872/795 584/873/795
f 584/873/795 602/872/795 583/874/795
f 583/874/795 602/872/795 603/875/795
f 583/874/795 603/875/795 582/876/795
f 582/876/795 603/875/795 604/877/795
f 582/876/795 604/877/795 587/878/795
f 587/878/795 604/877/795 605/879/795
f 587/878/795 605/879/795 598/880/795
f 598/880/795 605/879/795 214/881/795
f 598/880/795 214/881/795 597/882/795
f 597/882/795 214/881/795 258/883/795
f 597/882/795 258/883/795 257/884/795
f 215/885/795 608/886/795 216/862/795
f 216/862/795 608/886/795 609/887/795
f 216/862/795 609/887/795 610/863/795
f 214/881/795 606/888/795 215/885/795
f 215/885/795 606/888/795 607/889/795
f 215/885/795 607/889/795 608/886/795
f 597/882/795 257/884/795 596/890/795
f 596/890/795 257/884/795 256/891/795
f 596/890/795 256/891/795 595/892/795
f 595/892/795 256/891/795 594/893/795
f 594/893/795 256/891/795 255/894/795
f 594/893/795 255/894/795 593/895/795
f 593/895/795 255/894/795 65/896/795
f 593/895/795 65/896/795 522/897/795
f 522/897/795 65/896/795 521/898/795
f 521/898/795 65/896/795 520/899/795
f 520/899/795 65/896/795 519/900/795
f 247/901/795 491/902/795 255/894/795
f 255/894/795 491/902/795 496/903/795
f 255/894/795 496/903/795 66/904/795
f 66/904/795 496/903/795 498/905/795
f 66/904/795 498/905/795 497/906/795
f 246/907/795 493/908/795 247/901/795
f 247/901/795 493/908/795 492/909/795
f 247/901/795 492/909/795 491/902/795
f 246/907/795 245/910/795 493/908/795
f 493/908/795 245/910/795 494/911/795
f 494/911/795 245/910/795 244/912/795
f 494/911/795 244/912/795 615/913/795
f 615/913/795 244/912/795 223/914/795
f 615/913/795 223/914/795 614/915/795
f 614/915/795 223/914/795 222/916/795
f 614/915/795 222/916/795 613/917/795
f 613/917/795 222/916/795 221/918/795
f 613/917/795 221/918/795 220/919/795
f 613/917/795 220/919/795 501/920/795
f 501/920/795 220/919/795 231/921/795
f 501/920/795 231/921/795 236/922/795
f 236/922/795 235/923/795 501/920/795
f 501/920/795 235/923/795 436/924/795
f 436/924/795 235/923/795 234/925/795
f 436/924/795 234/925/795 45/926/795
f 45/926/795 234/925/795 191/927/795
f 45/926/795 191/927/795 46/928/795
f 46/928/795 191/927/795 563/929/795
f 46/928/795 563/929/795 535/930/795
f 535/930/795 563/929/795 534/931/795
f 534/931/795 563/929/795 533/932/795
f 533/932/795 563/929/795 551/933/795
f 533/932/795 551/933/795 532/934/795
f 532/934/795 551/933/795 552/935/795
f 532/934/795 552/935/795 531/936/795
f 531/936/795 552/935/795 553/937/795
f 531/936/795 553/937/795 554/938/795
f 563/929/795 191/927/795 574/939/795
f 574/939/795 191/927/795 190/940/795
f 574/939/795 190/940/795 573/941/795
f 573/941/795 190/940/795 572/942/795
f 572/942/795 190/940/795 189/943/795
f 572/942/795 189/943/795 571/944/795
f 571/944/795 189/943/795 188/945/795
f 571/944/795 188/945/795 187/864/795
f 438/946/795 437/947/795 45/926/795
f 45/926/795 437/947/795 436/924/795
f 502/948/795 611/949/795 501/920/795
f 501/920/795 611/949/795 612/950/795
f 501/920/795 612/950/795 613/917/795
f 611/949/795 502/948/795 640/951/795
f 640/951/795 502/948/795 503/952/795
f 640/951/795 503/952/795 639/953/795
f 639/953/795 503/952/795 504/954/795
f 639/953/795 504/954/795 638/955/795
f 638/955/795 504/954/795 505/956/795
f 638/955/795 505/956/795 637/957/795
f 637/957/795 505/956/795 506/958/795
f 637/957/795 506/958/795 636/959/795
f 636/959/795 506/958/795 635/960/795
f 635/960/795 506/958/795 507/961/795
f 635/960/795 507/961/795 634/962/795
f 634/962/795 507/961/795 508/963/795
f 634/962/795 508/963/795 633/964/795
f 633/964/795 508/963/795 509/965/795
f 633/964/795 509/965/795 632/966/795
f 632/966/795 509/965/795 510/967/795
f 632/966/795 510/967/795 631/968/795
f 631/968/795 510/967/795 511/969/795
f 631/968/795 511/969/795 630/970/795
f 630/970/795 511/969/795 512/971/795
f 630/970/795 512/971/795 629/972/795
f 629/972/795 512/971/795 628/973/795
f 628/973/795 512/971/795 513/974/795
f 628/973/795 513/974/795 627/975/795
f 627/975/795 513/974/795 514/976/795
f 627/975/795 514/976/795 626/977/795
f 626/977/795 514/976/795 515/978/795
f 626/977/795 515/978/795 518/979/795
f 518/979/795 515/978/795 516/980/795
f 518/979/795 516/980/795 517/981/795
f 494/911/795 623/982/795 518/979/795
f 518/979/795 623/982/795 624/983/795
f 518/979/795 624/983/795 625/984/795
f 66/904/795 65/896/795 255/894/795
f 522/897/795 523/985/795 593/895/795
f 593/895/795 523/985/795 524/986/795
f 593/895/795 524/986/795 545/987/795
f 545/987/795 524/986/795 525/988/795
f 545/987/795 525/988/795 544/989/795
f 544/989/795 525/988/795 526/990/795
f 544/989/795 526/990/795 543/991/795
f 543/991/795 526/990/795 542/992/795
f 542/992/795 526/990/795 541/993/795
f 541/993/795 526/990/795 527/994/795
f 541/993/795 527/994/795 540/995/795
f 540/995/795 527/994/795 581/996/795
f 540/995/795 581/996/795 539/997/795
f 539/997/795 581/996/795 582/876/795
f 539/997/795 582/876/795 587/878/795
f 527/994/795 528/998/795 581/996/795
f 581/996/795 528/998/795 580/999/795
f 580/999/795 528/998/795 579/1000/795
f 579/1000/795 528/998/795 578/1001/795
f 578/1001/795 528/998/795 529/1002/795
f 578/1001/795 529/1002/795 577/1003/795
f 577/1003/795 529/1002/795 576/1004/795
f 576/1004/795 529/1002/795 575/1005/795
f 575/1005/795 529/1002/795 530/1006/795
f 575/1005/795 530/1006/795 556/1007/795
f 556/1007/795 530/1006/795 555/1008/795
f 555/1008/795 530/1006/795 531/936/795
f 555/1008/795 531/936/795 554/938/795
f 535/930/795 536/1009/795 46/928/795
f 46/928/795 536/1009/795 537/1010/795
f 46/928/795 537/1010/795 538/1011/795
f 593/895/795 545/987/795 592/1012/795
f 592/1012/795 545/987/795 546/1013/795
f 592/1012/795 546/1013/795 591/1014/795
f 591/1014/795 546/1013/795 547/1015/795
f 591/1014/795 547/1015/795 590/1016/795
f 590/1016/795 547/1015/795 548/1017/795
f 590/1016/795 548/1017/795 589/1018/795
f 589/1018/795 548/1017/795 549/1019/795
f 589/1018/795 549/1019/795 588/1020/795
f 588/1020/795 549/1019/795 550/1021/795
f 588/1020/795 550/1021/795 587/878/795
f 587/878/795 550/1021/795 539/997/795
f 556/1007/795 557/1022/795 575/1005/795
f 575/1005/795 557/1022/795 586/869/795
f 586/869/795 557/1022/795 569/867/795
f 557/1022/795 558/1023/795 569/867/795
f 569/867/795 558/1023/795 568/1024/795
f 568/1024/795 558/1023/795 559/1025/795
f 568/1024/795 559/1025/795 567/1026/795
f 567/1026/795 559/1025/795 560/1027/795
f 567/1026/795 560/1027/795 566/1028/795
f 566/1028/795 560/1027/795 565/1029/795
f 565/1029/795 560/1027/795 561/1030/795
f 565/1029/795 561/1030/795 564/1031/795
f 564/1031/795 561/1030/795 562/1032/795
f 564/1031/795 562/1032/795 563/929/795
f 563/929/795 562/1032/795 551/933/795
f 570/866/795 571/944/795 187/864/795
f 605/879/795 606/888/795 214/881/795
f 615/913/795 616/1033/795 494/911/795
f 494/911/795 616/1033/795 617/1034/795
f 494/911/795 617/1034/795 618/1035/795
f 618/1035/795 619/1036/795 494/911/795
f 494/911/795 619/1036/795 620/1037/795
f 494/911/795 620/1037/795 621/1038/795
f 621/1038/795 622/1039/795 494/911/795
f 494/911/795 622/1039/795 623/982/795
f 625/984/795 626/977/795 518/979/795
f 428/1040/796 141/1041/796 469/1042/796
f 469/1042/758 141/1041/758 140/1043/758
f 469/1042/758 140/1043/758 495/1044/758
f 495/1044/797 140/1043/797 499/1045/797
f 64/1046/110 185/1047/110 660/1048/798
f 660/1048/798 185/1047/110 365/1049/799
f 660/1048/800 365/1049/801 659/1050/802
f 659/1050/803 365/1049/801 364/1051/804
f 659/1050/803 364/1051/804 658/1052/805
f 658/1052/805 364/1051/804 363/1053/806
f 658/1052/805 363/1053/806 657/1054/807
f 657/1054/807 363/1053/806 362/1055/808
f 657/1054/807 362/1055/809 656/1056/810
f 656/1056/810 362/1055/809 361/1057/811
f 656/1056/810 361/1057/811 655/1058/812
f 655/1058/812 361/1057/811 360/1059/813
f 655/1058/814 360/1059/813 654/1060/813
f 654/1060/813 360/1059/813 653/1061/815
f 653/1061/815 360/1059/813 359/1062/816
f 653/1061/815 359/1062/817 652/1063/818
f 652/1063/818 359/1062/819 358/1064/820
f 652/1063/818 358/1064/820 651/1065/821
f 651/1065/821 358/1064/820 357/1066/822
f 651/1065/821 357/1066/822 650/1067/823
f 650/1067/823 357/1066/822 356/1068/824
f 650/1067/823 356/1068/824 649/1069/825
f 649/1069/825 356/1068/824 355/1070/826
f 649/1069/825 355/1070/827 648/1071/828
f 648/1071/828 355/1070/826 354/1072/829
f 648/1071/828 354/1072/829 647/1073/829
f 647/1073/829 354/1072/829 646/1074/830
f 646/1074/831 354/1072/829 353/1075/832
f 646/1074/831 353/1075/832 645/1076/833
f 645/1076/833 353/1075/832 352/1077/834
f 645/1076/835 352/1077/834 644/1078/836
f 644/1078/836 352/1077/837 351/1079/838
f 644/1078/836 351/1079/838 643/1080/839
f 643/1080/839 351/1079/838 350/1081/840
f 643/1080/841 350/1081/840 642/1082/842
f 642/1082/842 350/1081/840 349/1083/843
f 642/1082/844 349/1083/843 641/1084/845
f 641/1084/846 349/1083/847 348/1085/177
f 641/1084/846 348/1085/177 47/1086/177
f 65/1087/73 64/39/73 519/1088/848
f 519/1088/848 64/39/73 660/1089/848
f 519/1088/849 660/1089/849 520/1090/850
f 520/1090/850 660/1089/849 659/1091/850
f 520/1090/851 659/1091/851 521/1092/852
f 521/1092/852 659/1091/851 658/1093/852
f 521/1092/852 658/1093/852 522/1094/853
f 522/1094/853 658/1093/852 657/1095/853
f 522/1094/853 657/1095/853 523/1096/854
f 523/1096/854 657/1095/853 656/1097/854
f 523/1096/855 656/1097/855 524/1098/856
f 524/1098/856 656/1097/855 655/1099/856
f 524/1098/856 655/1099/856 525/1100/311
f 525/1100/311 655/1099/857 654/1101/311
f 525/1100/311 654/1101/311 526/1102/858
f 526/1102/858 654/1101/311 653/1103/858
f 526/1102/858 653/1103/858 527/1104/859
f 527/1104/859 653/1103/858 652/1105/859
f 527/1104/859 652/1105/859 528/1106/860
f 528/1106/860 652/1105/859 651/1107/860
f 528/1106/861 651/1107/861 529/1108/862
f 529/1108/862 651/1107/861 650/1109/862
f 529/1108/863 650/1109/863 530/1110/864
f 530/1110/864 650/1109/863 649/1111/864
f 530/1110/864 649/1111/864 531/1112/865
f 531/1112/865 649/1111/864 648/1113/865
f 531/1112/865 648/1113/865 532/1114/284
f 532/1114/284 648/1113/865 647/1115/284
f 532/1114/284 647/1115/284 533/1116/866
f 533/1116/867 647/1115/284 646/1117/867
f 533/1116/866 646/1117/866 534/1118/868
f 534/1118/868 646/1117/866 645/1119/868
f 534/1118/869 645/1119/869 535/1120/870
f 535/1120/870 645/1119/871 644/1121/870
f 535/1120/872 644/1121/872 536/1122/873
f 536/1122/873 644/1121/870 643/1123/873
f 536/1122/873 643/1123/873 537/1124/874
f 537/1124/874 643/1123/873 642/1125/874
f 537/1124/875 642/1125/875 538/1126/876
f 538/1126/876 642/1125/875 641/1127/876
f 538/1126/877 641/1127/877 46/1128/49
f 46/1128/49 641/1127/877 47/1129/49
f 662/1130/878 708/1131/878 661/1132/361
f 661/1132/361 708/1131/878 685/1133/361
f 661/1134/342 685/1135/342 684/1136/879
f 684/1136/879 685/1135/342 686/1137/879
f 684/1136/348 686/1137/348 683/1138/880
f 683/1138/880 686/1137/348 687/1139/880
f 683/1138/345 687/1139/345 682/1140/331
f 682/1140/331 687/1139/881 688/1141/331
f 682/1140/283 688/1141/283 681/1142/284
f 681/1142/285 688/1141/283 689/1143/285
f 681/1142/288 689/1143/288 680/1144/882
f 680/1144/882 689/1143/288 690/1145/882
f 680/1144/286 690/1145/286 679/1146/273
f 679/1146/273 690/1145/883 691/1147/273
f 679/1146/315 691/1147/315 678/1148/313
f 678/1148/884 691/1147/315 692/1149/884
f 678/1148/312 692/1149/312 677/1150/314
f 677/1150/310 692/1149/312 693/1151/310
f 677/1150/308 693/1151/308 676/1152/885
f 676/1152/885 693/1151/311 694/1153/885
f 676/1152/306 694/1153/306 675/1154/886
f 675/1154/305 694/1153/306 695/1155/305
f 675/1154/303 695/1155/303 674/1156/304
f 674/1156/304 695/1155/303 696/1157/304
f 674/1156/301 696/1157/301 673/1158/300
f 673/1158/300 696/1157/301 697/39/300
f 673/1158/200 697/39/200 672/1159/887
f 672/1159/887 697/39/200 698/1160/887
f 672/1159/786 698/1160/786 671/1161/787
f 671/1161/787 698/1160/786 699/1162/787
f 671/1161/791 699/1162/791 670/1163/792
f 670/1163/792 699/1162/788 700/1164/792
f 670/1163/888 700/1164/888 669/1165/889
f 669/1165/890 700/1164/888 701/1166/890
f 669/1165/891 701/1166/891 668/1167/892
f 668/1167/892 701/1166/891 702/1168/892
f 668/1167/893 702/1168/893 667/1169/894
f 667/1169/894 702/1168/895 703/1170/894
f 667/1169/896 703/1170/896 666/1171/897
f 666/1171/898 703/1170/896 704/1172/898
f 666/1171/899 704/1172/899 665/1173/900
f 665/1173/900 704/1172/899 705/1174/900
f 665/1173/901 705/1174/901 664/1175/902
f 664/1175/902 705/1174/903 706/1176/902
f 664/1175/904 706/1176/904 663/1177/905
f 663/1177/906 706/1176/904 707/1178/906
f 663/1177/907 707/1178/907 662/1130/908
f 662/1130/908 707/1178/907 708/1131/908
f 710/1179/909 612/1180/909 709/1181/200
f 709/1181/200 612/1180/909 611/1182/200
f 709/1183/300 611/1184/300 738/1185/910
f 738/1185/910 611/1184/300 640/1186/910
f 738/1185/911 640/1186/911 737/1187/912
f 737/1187/912 640/1186/911 639/1188/912
f 737/1187/913 639/1188/913 736/1189/914
f 736/1189/914 639/1188/913 638/1190/914
f 736/1189/915 638/1190/915 735/1191/916
f 735/1191/916 638/1190/915 637/1192/916
f 735/1191/917 637/1192/917 734/1193/308
f 734/1193/308 637/1192/917 636/1194/308
f 734/1193/314 636/1194/314 733/1195/918
f 733/1195/918 636/1194/314 635/1196/918
f 733/1195/919 635/1196/919 732/1197/920
f 732/1197/920 635/1196/919 634/1198/920
f 732/1197/921 634/1198/921 731/1199/922
f 731/1199/922 634/1198/921 633/1200/922
f 731/1199/923 633/1200/923 730/1201/924
f 730/1201/925 633/1200/923 632/1202/925
f 730/1201/926 632/1202/926 729/1203/288
f 729/1203/288 632/1202/926 631/1204/288
f 729/1203/285 631/1204/285 728/1205/927
f 728/1205/927 631/1204/285 630/1206/927
f 728/1205/928 630/1206/928 727/1207/929
f 727/1207/929 630/1206/928 629/1208/929
f 727/1207/930 629/1208/930 726/1209/931
f 726/1209/931 629/1208/930 628/1210/931
f 726/1209/932 628/1210/932 725/1211/933
f 725/1211/933 628/1210/932 627/1212/933
f 725/1211/934 627/1212/934 724/1158/342
f 724/1158/342 627/1212/934 626/39/342
f 724/1158/361 626/39/361 723/1213/935
f 723/1213/935 626/39/361 625/1214/935
f 723/1213/936 625/1214/936 722/1215/937
f 722/1215/937 625/1214/936 624/1216/937
f 722/1215/938 624/1216/938 721/1217/939
f 721/1217/939 624/1216/938 623/1218/939
f 721/1217/940 623/1218/940 720/1219/941
f 720/1219/941 623/1218/940 622/1220/941
f 720/1219/942 622/1220/942 719/1221/901
f 719/1221/901 622/1220/942 621/1222/901
f 719/1221/900 621/1222/900 718/1223/943
f 718/1223/943 621/1222/900 620/1224/943
f 718/1223/944 620/1224/944 717/1225/945
f 717/1225/945 620/1224/944 619/1226/945
f 717/1225/946 619/1226/946 716/1227/947
f 716/1227/947 619/1226/946 618/1228/947
f 716/1227/948 618/1228/948 715/1229/949
f 715/1229/949 618/1228/948 617/1230/949
f 715/1229/950 617/1230/950 714/1231/891
f 714/1231/891 617/1230/950 616/1232/891
f 714/1231/890 616/1232/890 713/1233/951
f 713/1233/951 616/1232/890 615/1234/951
f 713/1233/952 615/1234/952 712/1235/953
f 712/1235/953 615/1234/952 614/1236/953
f 712/1235/954 614/1236/954 711/1237/955
f 711/1237/955 614/1236/954 613/1238/955
f 711/1237/956 613/1238/956 710/1179/957
f 710/1179/957 613/1238/956 612/1180/957
f 684/1239/795 725/1240/795 661/1241/795
f 661/1241/795 725/1240/795 724/1242/795
f 661/1241/795 724/1242/795 723/1243/795
f 725/1240/795 684/1239/795 726/1244/795
f 726/1244/795 684/1239/795 683/1245/795
f 726/1244/795 683/1245/795 727/1246/795
f 727/1246/795 683/1245/795 682/1247/795
f 727/1246/795 682/1247/795 728/1248/795
f 728/1248/795 682/1247/795 681/1249/795
f 728/1248/795 681/1249/795 729/1250/795
f 729/1250/795 681/1249/795 730/1251/795
f 730/1251/795 681/1249/795 680/1252/795
f 730/1251/795 680/1252/795 731/1253/795
f 731/1253/795 680/1252/795 679/1254/795
f 731/1253/795 679/1254/795 732/1255/795
f 732/1255/795 679/1254/795 678/1256/795
f 732/1255/795 678/1256/795 733/1257/795
f 733/1257/795 678/1256/795 677/1258/795
f 733/1257/795 677/1258/795 734/1259/795
f 734/1259/795 677/1258/795 735/1260/795
f 735/1260/795 677/1258/795 676/1261/795
f 735/1260/795 676/1261/795 736/1262/795
f 736/1262/795 676/1261/795 675/1263/795
f 736/1262/795 675/1263/795 737/1264/795
f 737/1264/795 675/1263/795 674/1265/795
f 737/1264/795 674/1265/795 738/1266/795
f 738/1266/795 674/1265/795 673/1267/795
f 738/1266/795 673/1267/795 709/1268/795
f 709/1268/795 673/1267/795 710/1269/795
f 710/1269/795 673/1267/795 672/1270/795
f 710/1269/795 672/1270/795 711/1271/795
f 711/1271/795 672/1270/795 671/1272/795
f 711/1271/795 671/1272/795 712/1273/795
f 712/1273/795 671/1272/795 670/1274/795
f 712/1273/795 670/1274/795 713/1275/795
f 713/1275/795 670/1274/795 669/1276/795
f 713/1275/795 669/1276/795 714/1277/795
f 714/1277/795 669/1276/795 715/1278/795
f 715/1278/795 669/1276/795 668/1279/795
f 715/1278/795 668/1279/795 716/1280/795
f 716/1280/795 668/1279/795 667/1281/795
f 716/1280/795 667/1281/795 717/1282/795
f 717/1282/795 667/1281/795 666/1283/795
f 717/1282/795 666/1283/795 718/1284/795
f 718/1284/795 666/1283/795 665/1285/795
f 718/1284/795 665/1285/795 719/1286/795
f 719/1286/795 665/1285/795 720/1287/795
f 720/1287/795 665/1285/795 664/1288/795
f 720/1287/795 664/1288/795 721/1289/795
f 721/1289/795 664/1288/795 663/1290/795
f 721/1289/795 663/1290/795 722/1291/795
f 722/1291/795 663/1290/795 662/1292/795
f 722/1291/795 662/1292/795 723/1243/795
f 723/1243/795 662/1292/795 661/1241/795
f 740/1179/935 440/1180/935 739/1181/361
f 739/1181/361 440/1180/935 439/1182/361
f 739/1183/342 439/1184/342 768/1185/934
f 768/1185/934 439/1184/342 468/1186/934
f 768/1185/933 468/1186/933 767/1187/932
f 767/1187/932 468/1186/933 467/1188/932
f 767/1187/931 467/1188/931 766/1189/930
f 766/1189/930 467/1188/931 466/1190/930
f 766/1189/929 466/1190/929 765/1191/928
f 765/1191/928 466/1190/929 465/1192/928
f 765/1191/927 465/1192/927 764/1193/285
f 764/1193/285 465/1192/927 464/1194/285
f 764/1193/288 464/1194/288 763/1195/926
f 763/1195/926 464/1194/288 463/1196/926
f 763/1195/925 463/1196/925 762/1197/923
f 762/1197/923 463/1196/925 462/1198/923
f 762/1197/922 462/1198/922 761/1199/921
f 761/1199/921 462/1198/922 461/1200/921
f 761/1199/920 461/1200/920 760/1201/919
f 760/1201/919 461/1200/920 460/1202/919
f 760/1201/918 460/1202/918 759/1203/314
f 759/1203/314 460/1202/918 459/1204/314
f 759/1203/308 459/1204/308 758/1205/917
f 758/1205/917 459/1204/308 458/1206/917
f 758/1205/916 458/1206/916 757/1207/915
f 757/1207/915 458/1206/916 457/1208/915
f 757/1207/914 457/1208/914 756/1209/913
f 756/1209/913 457/1208/914 456/1210/913
f 756/1209/912 456/1210/912 755/1211/911
f 755/1211/911 456/1210/912 455/1212/911
f 755/1211/910 455/1212/910 754/1158/300
f 754/1158/300 455/1212/910 454/39/300
f 754/1158/200 454/39/200 753/1213/909
f 753/1213/909 454/39/200 453/1214/909
f 753/1213/957 453/1214/957 752/1215/956
f 752/1215/956 453/1214/957 452/1216/956
f 752/1215/955 452/1216/955 751/1217/954
f 751/1217/954 452/1216/955 451/1218/954
f 751/1217/953 451/1218/953 750/1219/952
f 750/1219/952 451/1218/953 450/1220/952
f 750/1219/951 450/1220/951 749/1221/890
f 749/1221/890 450/1220/951 449/1222/890
f 749/1221/891 449/1222/891 748/1223/950
f 748/1223/950 449/1222/891 448/1224/950
f 748/1223/949 448/1224/949 747/1225/948
f 747/1225/948 448/1224/958 447/1226/948
f 747/1225/947 447/1226/947 746/1227/959
f 746/1227/946 447/1226/947 446/1228/946
f 746/1227/945 446/1228/945 745/1229/944
f 745/1229/944 446/1228/945 445/1230/944
f 745/1229/943 445/1230/943 744/1231/900
f 744/1231/900 445/1230/943 444/1232/900
f 744/1231/901 444/1232/901 743/1233/942
f 743/1233/942 444/1232/901 443/1234/942
f 743/1233/941 443/1234/941 742/1235/940
f 742/1235/940 443/1234/941 442/1236/940
f 742/1235/939 442/1236/939 741/1237/938
f 741/1237/938 442/1236/939 441/1238/938
f 741/1237/937 441/1238/937 740/1179/936
f 740/1179/936 441/1238/937 440/1180/936
f 708/1270/153 740/1269/153 685/1267/153
f 685/1267/153 740/1269/153 739/1268/153
f 685/1267/153 739/1268/153 768/1266/153
f 740/1269/153 708/1270/153 741/1271/153
f 741/1271/153 708/1270/153 707/1272/153
f 741/1271/153 707/1272/153 742/1273/153
f 742/1273/153 707/1272/153 706/1274/153
f 742/1273/153 706/1274/153 743/1275/153
f 743/1275/153 706/1274/153 705/1276/153
f 743/1275/153 705/1276/153 744/1277/153
f 744/1277/153 705/1276/153 745/1278/153
f 745/1278/153 705/1276/153 704/1279/153
f 745/1278/153 704/1279/153 746/1280/153
f 746/1280/153 704/1279/153 703/1281/153
f 746/1280/153 703/1281/153 747/1282/153
f 747/1282/153 703/1281/153 702/1283/153
f 747/1282/153 702/1283/153 748/1284/153
f 748/1284/153 702/1283/153 701/1285/153
f 748/1284/153 701/1285/153 749/1286/153
f 749/1286/153 701/1285/153 750/1287/153
f 750/1287/153 701/1285/153 700/1288/153
f 750/1287/153 700/1288/153 751/1289/153
f 751/1289/153 700/1288/153 699/1290/153
f 751/1289/153 699/1290/153 752/1291/153
f 752/1291/153 699/1290/153 698/1292/153
f 752/1291/153 698/1292/153 753/1243/153
f 753/1243/153 698/1292/153 697/1241/153
f 753/1243/153 697/1241/153 754/1242/153
f 754/1242/153 697/1241/153 755/1240/153
f 755/1240/153 697/1241/153 696/1239/153
f 755/1240/153 696/1239/153 756/1244/153
f 756/1244/153 696/1239/153 695/1245/153
f 756/1244/153 695/1245/153 757/1246/153
f 757/1246/153 695/1245/153 694/1247/153
f 757/1246/153 694/1247/153 758/1248/153
f 758/1248/153 694/1247/153 693/1249/153
f 758/1248/153 693/1249/153 759/1250/153
f 759/1250/153 693/1249/153 760/1251/153
f 760/1251/153 693/1249/153 692/1252/153
f 760/1251/153 692/1252/153 761/1253/153
f 761/1253/153 692/1252/153 691/1254/153
f 761/1253/153 691/1254/153 762/1255/153
f 762/1255/153 691/1254/153 690/1256/153
f 762/1255/153 690/1256/153 763/1257/153
f 763/1257/153 690/1256/153 689/1258/153
f 763/1257/153 689/1258/153 764/1259/153
f 764/1259/153 689/1258/153 765/1260/153
f 765/1260/153 689/1258/153 688/1261/153
f 765/1260/153 688/1261/153 766/1262/153
f 766/1262/153 688/1261/153 687/1263/153
f 766/1262/153 687/1263/153 767/1264/153
f 767/1264/153 687/1263/153 686/1265/153
f 767/1264/153 686/1265/153 768/1266/153
f 768/1266/153 686/1265/153 685/1267/153
f 316/1293/960 518/42/960 305/1294/960
f 305/1294/960 518/42/960 473/39/960
f 305/1294/960 473/39/960 306/1295/960
f 306/1295/961 473/39/961 307/1296/961
f 307/1296/962 473/39/960 308/1297/962
f 308/1297/962 473/39/962 472/1298/962
f 308/1297/960 472/1298/963 309/1299/960
f 309/1299/964 472/1298/960 310/1300/960
f 310/1300/960 472/1298/960 311/1301/960
f 311/1301/960 472/1298/960 494/1302/960
f 311/1301/960 494/1302/960 312/1303/960
f 312/1303/960 494/1302/960 313/1304/960
f 313/1304/960 494/1302/960 314/1305/960
f 314/1305/965 494/1302/965 518/42/965
f 314/1305/965 518/42/960 315/1306/960
f 315/1306/966 518/42/966 316/1293/966
f 501/1307/772 490/1308/772 502/1309/967
f 502/1309/968 490/1308/772 489/1310/968
f 502/1309/969 489/1310/969 503/1311/970
f 503/1311/970 489/1310/969 488/1312/970
f 503/1311/970 488/1312/970 504/1313/971
f 504/1313/971 488/1312/970 487/1314/971
f 504/1313/971 487/1314/971 505/1315/972
f 505/1315/973 487/1314/971 486/1316/972
f 505/1315/972 486/1316/972 506/1317/974
f 506/1317/975 486/1316/972 485/1318/975
f 506/1317/975 485/1318/975 507/1319/976
f 507/1319/976 485/1318/975 484/1320/976
f 507/1319/977 484/1320/977 508/1321/978
f 508/1321/978 484/1320/977 483/1322/978
f 508/1321/979 483/1322/979 509/1323/980
f 509/1323/981 483/1322/979 482/1324/981
f 509/1323/982 482/1324/982 510/1325/983
f 510/1325/983 482/1324/982 481/1326/983
f 510/1325/984 481/1326/984 511/1327/985
f 511/1327/985 481/1326/984 480/1328/985
f 511/1327/986 480/1328/986 512/1329/987
f 512/1329/988 480/1328/986 479/1330/987
f 512/1329/989 479/1330/989 513/1331/990
f 513/1331/990 479/1330/989 478/1332/990
f 513/1331/991 478/1332/991 514/1333/992
f 514/1333/992 478/1332/991 477/1334/992
f 514/1333/993 477/1334/993 515/1335/994
f 515/1335/994 477/1334/993 476/1336/994
f 515/1335/994 476/1336/994 516/1337/995
f 516/1337/995 476/1336/994 475/1338/995
f 516/1337/996 475/1338/996 517/1339/997
f 517/1339/997 475/1338/996 474/1340/997
f 517/1339/997 474/1340/998 518/1341/960
f 518/1341/960 474/1340/997 473/1342/960
f 304/1343/999 490/1344/999 293/1345/999
f 293/1345/772 490/1344/772 501/1346/772
f 293/1345/1000 501/1346/1001 294/1347/1001
f 294/1347/1000 501/1346/1000 295/1348/1000
f 295/1348/1002 501/1346/1002 296/1349/1000
f 296/1349/772 501/1346/772 436/1350/772
f 296/1349/772 436/1350/772 297/1351/1000
f 297/1351/1002 436/1350/1002 298/1352/1002
f 298/1352/1003 436/1350/1003 299/1353/999
f 299/1353/772 436/1350/772 435/1354/772
f 299/1353/1004 435/1354/1004 300/1355/1004
f 300/1355/1000 435/1354/1000 301/1356/1000
f 301/1356/772 435/1354/772 302/1357/772
f 302/1357/772 435/1354/772 490/1344/772
f 302/1357/1002 490/1344/1002 303/1358/1002
f 303/1358/1002 490/1344/1002 304/1343/1002
f 562/1359/303 782/1360/303 551/1361/300
f 551/1361/300 782/1360/303 781/1362/300
f 551/1363/200 781/1364/200 552/1365/787
f 552/1365/787 781/1364/200 792/1366/787
f 552/1365/791 792/1366/791 553/1367/890
f 553/1367/890 792/1366/791 791/1368/890
f 553/1367/891 791/1368/891 554/1369/894
f 554/1369/894 791/1368/891 790/1370/894
f 554/1369/896 790/1370/896 555/1371/900
f 555/1371/900 790/1370/896 789/1372/900
f 555/1371/901 789/1372/901 556/1373/905
f 556/1373/905 789/1372/901 788/1374/905
f 556/1373/907 788/1374/907 557/1087/361
f 557/1087/361 788/1374/907 787/1375/361
f 557/1087/342 787/1375/342 558/1376/880
f 558/1376/880 787/1375/342 786/1377/880
f 558/1376/345 786/1377/345 559/1378/285
f 559/1378/285 786/1377/345 785/1379/285
f 559/1378/288 785/1379/288 560/1380/273
f 560/1380/273 785/1379/288 784/1381/273
f 560/1380/315 784/1381/315 561/1382/314
f 561/1382/314 784/1381/315 783/1383/314
f 561/1382/308 783/1383/308 562/1359/305
f 562/1359/305 783/1383/308 782/1360/305
f 770/1384/787 792/1366/787 769/1385/200
f 769/1385/200 792/1366/787 781/1364/200
f 769/1386/300 781/1362/300 780/1387/303
f 780/1387/303 781/1362/300 782/1360/303
f 780/1387/305 782/1360/305 779/1388/308
f 779/1388/308 782/1360/305 783/1383/308
f 779/1388/314 783/1383/314 778/1389/315
f 778/1389/315 783/1383/314 784/1381/315
f 778/1389/273 784/1381/273 777/1390/288
f 777/1390/288 784/1381/273 785/1379/288
f 777/1390/285 785/1379/285 776/1391/345
f 776/1391/345 785/1379/285 786/1377/345
f 776/1391/880 786/1377/880 775/1392/342
f 775/1392/342 786/1377/880 787/1375/342
f 775/1392/361 787/1375/361 774/1393/907
f 774/1393/907 787/1375/361 788/1374/907
f 774/1393/905 788/1374/905 773/1394/901
f 773/1394/901 788/1374/905 789/1372/901
f 773/1394/900 789/1372/900 772/1395/896
f 772/1395/896 789/1372/900 790/1370/896
f 772/1395/894 790/1370/894 771/1396/891
f 771/1396/891 790/1370/894 791/1368/891
f 771/1396/890 791/1368/890 770/1384/791
f 770/1384/791 791/1368/890 792/1366/791
f 610/1359/303 806/1360/303 599/1361/300
f 599/1361/300 806/1360/303 805/1362/300
f 599/1363/200 805/1364/200 600/1365/787
f 600/1365/787 805/1364/200 816/1366/787
f 600/1365/791 816/1366/791 601/1367/890
f 601/1367/890 816/1366/791 815/1368/890
f 601/1367/891 815/1368/891 602/1369/894
f 602/1369/894 815/1368/891 814/1370/894
f 602/1369/896 814/1370/896 603/1371/900
f 603/1371/900 814/1370/896 813/1372/900
f 603/1371/901 813/1372/901 604/1373/905
f 604/1373/905 813/1372/901 812/1374/905
f 604/1373/907 812/1374/907 605/1087/361
f 605/1087/361 812/1374/907 811/1375/361
f 605/1087/342 811/1375/342 606/1376/880
f 606/1376/880 811/1375/342 810/1377/880
f 606/1376/345 810/1377/345 607/1378/285
f 607/1378/285 810/1377/345 809/1379/285
f 607/1378/288 809/1379/288 608/1380/273
f 608/1380/273 809/1379/288 808/1381/273
f 608/1380/315 808/1381/315 609/1382/314
f 609/1382/314 808/1381/315 807/1383/314
f 609/1382/308 807/1383/308 610/1359/305
f 610/1359/305 807/1383/308 806/1360/305
f 794/1384/787 816/1366/787 793/1385/200
f 793/1385/200 816/1366/787 805/1364/200
f 793/1386/300 805/1362/300 804/1387/303
f 804/1387/303 805/1362/300 806/1360/303
f 804/1387/305 806/1360/305 803/1388/308
f 803/1388/308 806/1360/305 807/1383/308
f 803/1388/314 807/1383/314 802/1389/315
f 802/1389/315 807/1383/314 808/1381/315
f 802/1389/273 808/1381/273 801/1390/288
f 801/1390/288 808/1381/273 809/1379/288
f 801/1390/285 809/1379/285 800/1391/345
f 800/1391/345 809/1379/285 810/1377/345
f 800/1391/880 810/1377/880 799/1392/342
f 799/1392/342 810/1377/880 811/1375/342
f 799/1392/361 811/1375/361 798/1393/907
f 798/1393/907 811/1375/361 812/1374/907
f 798/1393/905 812/1374/905 797/1394/901
f 797/1394/901 812/1374/905 813/1372/901
f 797/1394/900 813/1372/900 796/1395/896
f 796/1395/896 813/1372/900 814/1370/896
f 796/1395/894 814/1370/894 795/1396/891
f 795/1396/891 814/1370/894 815/1368/891
f 795/1396/890 815/1368/890 794/1384/791
f 794/1384/791 815/1368/890 816/1366/791
f 574/1359/303 830/1360/303 563/1361/300
f 563/1361/300 830/1360/303 829/1362/300
f 563/1363/200 829/1364/200 564/1365/787
f 564/1365/787 829/1364/200 840/1366/787
f 564/1365/791 840/1366/791 565/1367/890
f 565/1367/890 840/1366/791 839/1368/890
f 565/1367/891 839/1368/891 566/1369/894
f 566/1369/894 839/1368/891 838/1370/894
f 566/1369/896 838/1370/896 567/1371/900
f 567/1371/900 838/1370/896 837/1372/900
f 567/1371/901 837/1372/901 568/1373/905
f 568/1373/905 837/1372/901 836/1374/905
f 568/1373/907 836/1374/907 569/1087/361
f 569/1087/361 836/1374/907 835/1375/361
f 569/1087/342 835/1375/342 570/1376/880
f 570/1376/880 835/1375/342 834/1377/880
f 570/1376/345 834/1377/345 571/1378/285
f 571/1378/285 834/1377/345 833/1379/285
f 571/1378/288 833/1379/288 572/1380/273
f 572/1380/273 833/1379/288 832/1381/273
f 572/1380/315 832/1381/315 573/1382/314
f 573/1382/314 832/1381/315 831/1383/314
f 573/1382/308 831/1383/308 574/1359/305
f 574/1359/305 831/1383/308 830/1360/305
f 818/1384/787 840/1366/787 817/1385/200
f 817/1385/200 840/1366/787 829/1364/200
f 817/1386/300 829/1362/300 828/1387/303
f 828/1387/303 829/1362/300 830/1360/303
f 828/1387/305 830/1360/305 827/1388/308
f 827/1388/308 830/1360/305 831/1383/308
f 827/1388/314 831/1383/314 826/1389/315
f 826/1389/315 831/1383/314 832/1381/315
f 826/1389/273 832/1381/273 825/1390/288
f 825/1390/288 832/1381/273 833/1379/288
f 825/1390/285 833/1379/285 824/1391/345
f 824/1391/345 833/1379/285 834/1377/345
f 824/1391/880 834/1377/880 823/1392/342
f 823/1392/342 834/1377/880 835/1375/342
f 823/1392/361 835/1375/361 822/1393/907
f 822/1393/907 835/1375/361 836/1374/907
f 822/1393/905 836/1374/905 821/1394/901
f 821/1394/901 836/1374/905 837/1372/901
f 821/1394/900 837/1372/900 820/1395/896
f 820/1395/896 837/1372/900 838/1370/896
f 820/1395/894 838/1370/894 819/1396/891
f 819/1396/891 838/1370/894 839/1368/891
f 819/1396/890 839/1368/890 818/1384/791
f 818/1384/791 839/1368/890 840/1366/791
f 598/1359/303 854/1360/303 587/1361/300
f 587/1361/300 854/1360/303 853/1362/300
f 587/1363/200 853/1364/200 588/1365/787
f 588/1365/787 853/1364/200 864/1366/787
f 588/1365/791 864/1366/791 589/1367/890
f 589/1367/890 864/1366/791 863/1368/890
f 589/1367/891 863/1368/891 590/1369/894
f 590/1369/894 863/1368/891 862/1370/894
f 590/1369/896 862/1370/896 591/1371/900
f 591/1371/900 862/1370/896 861/1372/900
f 591/1371/901 861/1372/901 592/1373/905
f 592/1373/905 861/1372/901 860/1374/905
f 592/1373/907 860/1374/907 593/1087/361
f 593/1087/361 860/1374/907 859/1375/361
f 593/1087/342 859/1375/342 594/1376/880
f 594/1376/880 859/1375/342 858/1377/880
f 594/1376/345 858/1377/345 595/1378/285
f 595/1378/285 858/1377/345 857/1379/285
f 595/1378/288 857/1379/288 596/1380/273
f 596/1380/273 857/1379/288 856/1381/273
f 596/1380/315 856/1381/315 597/1382/314
f 597/1382/314 856/1381/315 855/1383/314
f 597/1382/308 855/1383/308 598/1359/305
f 598/1359/305 855/1383/308 854/1360/305
f 842/1384/787 864/1366/787 841/1385/200
f 841/1385/200 864/1366/787 853/1364/200
f 841/1386/300 853/1362/300 852/1387/303
f 852/1387/303 853/1362/300 854/1360/303
f 852/1387/305 854/1360/305 851/1388/308
f 851/1388/308 854/1360/305 855/1383/308
f 851/1388/314 855/1383/314 850/1389/315
f 850/1389/315 855/1383/314 856/1381/315
f 850/1389/273 856/1381/273 849/1390/288
f 849/1390/288 856/1381/273 857/1379/288
f 849/1390/285 857/1379/285 848/1391/345
f 848/1391/345 857/1379/285 858/1377/345
f 848/1391/880 858/1377/880 847/1392/342
f 847/1392/342 858/1377/880 859/1375/342
f 847/1392/361 859/1375/361 846/1393/907
f 846/1393/907 859/1375/361 860/1374/907
f 846/1393/905 860/1374/905 845/1394/901
f 845/1394/901 860/1374/905 861/1372/901
f 845/1394/900 861/1372/900 844/1395/896
f 844/1395/896 861/1372/900 862/1370/896
f 844/1395/894 862/1370/894 843/1396/891
f 843/1396/891 862/1370/894 863/1368/891
f 843/1396/890 863/1368/890 842/1384/791
f 842/1384/791 863/1368/890 864/1366/791
f 550/1359/303 878/1360/303 539/1361/300
f 539/1361/300 878/1360/303 877/1362/300
f 539/1363/200 877/1364/200 540/1365/787
f 540/1365/787 877/1364/200 888/1366/787
f 540/1365/791 888/1366/791 541/1367/890
f 541/1367/890 888/1366/791 887/1368/890
f 541/1367/891 887/1368/891 542/1369/894
f 542/1369/894 887/1368/891 886/1370/894
f 542/1369/896 886/1370/896 543/1371/900
f 543/1371/900 886/1370/896 885/1372/900
f 543/1371/901 885/1372/901 544/1373/905
f 544/1373/905 885/1372/901 884/1374/905
f 544/1373/907 884/1374/907 545/1087/361
f 545/1087/361 884/1374/907 883/1375/361
f 545/1087/342 883/1375/342 546/1376/880
f 546/1376/880 883/1375/342 882/1377/880
f 546/1376/345 882/1377/345 547/1378/285
f 547/1378/285 882/1377/345 881/1379/285
f 547/1378/288 881/1379/288 548/1380/273
f 548/1380/273 881/1379/288 880/1381/273
f 548/1380/315 880/1381/315 549/1382/314
f 549/1382/314 880/1381/315 879/1383/314
f 549/1382/308 879/1383/308 550/1359/305
f 550/1359/305 879/1383/308 878/1360/305
f 866/1384/787 888/1366/787 865/1385/200
f 865/1385/200 888/1366/787 877/1364/200
f 865/1386/300 877/1362/300 876/1387/303
f 876/1387/303 877/1362/300 878/1360/303
f 876/1387/305 878/1360/305 875/1388/308
f 875/1388/308 878/1360/305 879/1383/308
f 875/1388/314 879/1383/314 874/1389/315
f 874/1389/315 879/1383/314 880/1381/315
f 874/1389/273 880/1381/273 873/1390/288
f 873/1390/288 880/1381/273 881/1379/288
f 873/1390/285 881/1379/285 872/1391/345
f 872/1391/345 881/1379/285 882/1377/345
f 872/1391/880 882/1377/880 871/1392/342
f 871/1392/342 882/1377/880 883/1375/342
f 871/1392/361 883/1375/361 870/1393/907
f 870/1393/907 883/1375/361 884/1374/907
f 870/1393/905 884/1374/905 869/1394/901
f 869/1394/901 884/1374/905 885/1372/901
f 869/1394/900 885/1372/900 868/1395/896
f 868/1395/896 885/1372/900 886/1370/896
f 868/1395/894 886/1370/894 867/1396/891
f 867/1396/891 886/1370/894 887/1368/891
f 867/1396/890 887/1368/890 866/1384/791
f 866/1384/791 887/1368/890 888/1366/791
f 586/1359/303 902/1360/303 575/1361/300
f 575/1361/300 902/1360/303 901/1362/300
f 575/1363/200 901/1364/200 576/1365/787
f 576/1365/787 901/1364/200 912/1366/787
f 576/1365/791 912/1366/791 577/1367/890
f 577/1367/890 912/1366/791 911/1368/890
f 577/1367/891 911/1368/891 578/1369/894
f 578/1369/894 911/1368/891 910/1370/894
f 578/1369/896 910/1370/896 579/1371/900
f 579/1371/900 910/1370/896 909/1372/900
f 579/1371/901 909/1372/901 580/1373/905
f 580/1373/905 909/1372/901 908/1374/905
f 580/1373/907 908/1374/907 581/1087/361
f 581/1087/361 908/1374/907 907/1375/361
f 581/1087/342 907/1375/342 582/1376/880
f 582/1376/880 907/1375/342 906/1377/880
f 582/1376/345 906/1377/345 583/1378/285
f 583/1378/285 906/1377/345 905/1379/285
f 583/1378/288 905/1379/288 584/1380/273
f 584/1380/273 905/1379/288 904/1381/273
f 584/1380/315 904/1381/315 585/1382/314
f 585/1382/314 904/1381/315 903/1383/314
f 585/1382/308 903/1383/308 586/1359/305
f 586/1359/305 903/1383/308 902/1360/305
f 890/1384/787 912/1366/787 889/1385/200
f 889/1385/200 912/1366/787 901/1364/200
f 889/1386/300 901/1362/300 900/1387/303
f 900/1387/303 901/1362/300 902/1360/303
f 900/1387/305 902/1360/305 899/1388/308
f 899/1388/308 902/1360/305 903/1383/308
f 899/1388/314 903/1383/314 898/1389/315
f 898/1389/315 903/1383/314 904/1381/315
f 898/1389/273 904/1381/273 897/1390/288
f 897/1390/288 904/1381/273 905/1379/288
f 897/1390/285 905/1379/285 896/1391/345
f 896/1391/345 905/1379/285 906/1377/345
f 896/1391/880 906/1377/880 895/1392/342
f 895/1392/342 906/1377/880 907/1375/342
f 895/1392/361 907/1375/361 894/1393/907
f 894/1393/907 907/1375/361 908/1374/907
f 894/1393/905 908/1374/905 893/1394/901
f 893/1394/901 908/1374/905 909/1372/901
f 893/1394/900 909/1372/900 892/1395/896
f 892/1395/896 909/1372/900 910/1370/896
f 892/1395/894 910/1370/894 891/1396/891
f 891/1396/891 910/1370/894 911/1368/891
f 891/1396/890 911/1368/890 890/1384/791
f 890/1384/791 911/1368/890 912/1366/791
f 900/1397/153 419/1398/153 889/1399/153
f 889/1399/153 419/1398/153 418/1400/153
f 889/1399/153 418/1400/153 890/1401/153
f 890/1401/153 418/1400/153 891/1402/153
f 891/1402/153 418/1400/153 417/1403/153
f 891/1402/153 417/1403/153 892/1404/153
f 892/1404/153 417/1403/153 416/1405/153
f 892/1404/153 416/1405/153 893/1406/153
f 893/1406/153 416/1405/153 894/1407/153
f 894/1407/153 416/1405/153 415/1408/153
f 894/1407/153 415/1408/153 895/1409/153
f 895/1409/153 415/1408/153 414/1410/153
f 895/1409/153 414/1410/153 896/1411/153
f 896/1411/153 414/1410/153 866/1412/153
f 896/1411/153 866/1412/153 865/1413/153
f 899/1414/153 775/1415/153 900/1397/153
f 900/1397/153 775/1415/153 774/1416/153
f 900/1397/153 774/1416/153 419/1398/153
f 419/1398/153 774/1416/153 773/1417/153
f 419/1398/153 773/1417/153 420/1418/153
f 420/1418/153 773/1417/153 772/1419/153
f 420/1418/153 772/1419/153 421/1420/153
f 421/1420/153 772/1419/153 771/1421/153
f 421/1420/153 771/1421/153 770/1422/153
f 775/1415/153 899/1414/153 776/1423/153
f 776/1423/153 899/1414/153 898/1424/153
f 776/1423/153 898/1424/153 822/1425/153
f 822/1425/153 898/1424/153 796/1426/153
f 822/1425/153 796/1426/153 795/1427/153
f 796/1426/153 898/1424/153 876/1428/153
f 876/1428/153 898/1424/153 897/1429/153
f 876/1428/153 897/1429/153 865/1413/153
f 865/1413/153 897/1429/153 896/1411/153
f 875/1430/153 843/1431/153 876/1428/153
f 876/1428/153 843/1431/153 842/1432/153
f 876/1428/153 842/1432/153 796/1426/153
f 796/1426/153 842/1432/153 797/1433/153
f 797/1433/153 842/1432/153 841/1434/153
f 797/1433/153 841/1434/153 798/1435/153
f 798/1435/153 841/1434/153 852/1436/153
f 798/1435/153 852/1436/153 405/1437/153
f 405/1437/153 852/1436/153 851/1438/153
f 405/1437/153 851/1438/153 406/1439/153
f 406/1439/153 851/1438/153 850/1440/153
f 406/1439/153 850/1440/153 849/1441/153
f 843/1431/153 875/1430/153 844/1442/153
f 844/1442/153 875/1430/153 874/1443/153
f 844/1442/153 874/1443/153 410/1444/153
f 410/1444/153 874/1443/153 873/1445/153
f 410/1444/153 873/1445/153 872/1446/153
f 410/1444/153 872/1446/153 411/1447/153
f 411/1447/153 872/1446/153 871/1448/153
f 411/1447/153 871/1448/153 412/1449/153
f 412/1449/153 871/1448/153 870/1450/153
f 412/1449/153 870/1450/153 869/1451/153
f 412/1449/153 869/1451/153 413/1452/153
f 413/1452/153 869/1451/153 868/1453/153
f 413/1452/153 868/1453/153 867/1454/153
f 413/1452/153 867/1454/153 414/1410/153
f 414/1410/153 867/1454/153 866/1412/153
f 406/1439/153 849/1441/153 407/1455/153
f 407/1455/153 849/1441/153 848/1456/153
f 407/1455/153 848/1456/153 847/1457/153
f 407/1455/153 847/1457/153 408/1458/153
f 408/1458/153 847/1457/153 846/1459/153
f 408/1458/153 846/1459/153 409/1460/153
f 409/1460/153 846/1459/153 845/1461/153
f 409/1460/153 845/1461/153 844/1442/153
f 818/1462/153 817/1463/153 397/1464/153
f 397/1464/153 817/1463/153 828/1465/153
f 397/1464/153 828/1465/153 398/1466/153
f 398/1466/153 828/1465/153 827/1467/153
f 398/1466/153 827/1467/153 826/1468/153
f 398/1466/153 826/1468/153 399/1469/153
f 399/1469/153 826/1468/153 825/1470/153
f 399/1469/153 825/1470/153 400/1471/153
f 400/1471/153 825/1470/153 824/1472/153
f 400/1471/153 824/1472/153 794/1473/153
f 794/1473/153 824/1472/153 823/1474/153
f 794/1473/153 823/1474/153 795/1427/153
f 795/1427/153 823/1474/153 822/1425/153
f 822/1425/153 821/1475/153 776/1423/153
f 776/1423/153 821/1475/153 777/1476/153
f 777/1476/153 821/1475/153 820/1477/153
f 777/1476/153 820/1477/153 778/1478/153
f 778/1478/153 820/1477/153 395/1479/153
f 778/1478/153 395/1479/153 779/1480/153
f 779/1480/153 395/1479/153 423/1481/153
f 779/1480/153 423/1481/153 780/1482/153
f 780/1482/153 423/1481/153 422/1483/153
f 780/1482/153 422/1483/153 769/1484/153
f 769/1484/153 422/1483/153 770/1422/153
f 770/1422/153 422/1483/153 421/1420/153
f 820/1477/153 819/1485/153 395/1479/153
f 395/1479/153 819/1485/153 396/1486/153
f 396/1486/153 819/1485/153 818/1462/153
f 396/1486/153 818/1462/153 397/1464/153
f 804/1487/153 401/1488/153 793/1489/153
f 793/1489/153 401/1488/153 400/1471/153
f 793/1489/153 400/1471/153 794/1473/153
f 804/1487/153 803/1490/153 401/1488/153
f 401/1488/153 803/1490/153 402/1491/153
f 402/1491/153 803/1490/153 802/1492/153
f 402/1491/153 802/1492/153 403/1493/153
f 403/1493/153 802/1492/153 801/1494/153
f 403/1493/153 801/1494/153 800/1495/153
f 403/1493/153 800/1495/153 404/1496/153
f 404/1496/153 800/1495/153 799/1497/153
f 404/1496/153 799/1497/153 405/1437/153
f 405/1437/153 799/1497/153 798/1435/153
f 410/1444/153 409/1460/153 844/1442/153
f 914/1498/1005 958/1499/1005 913/1500/894
f 913/1500/894 958/1499/1005 936/1501/894
f 913/1502/896 936/1503/896 935/1504/1006
f 935/1504/1006 936/1503/896 937/1505/1006
f 935/1504/1007 937/1505/1007 934/1506/1008
f 934/1506/1008 937/1505/1007 938/1507/1008
f 934/1506/1009 938/1507/1009 933/1508/1010
f 933/1508/1010 938/1507/1009 939/1509/1010
f 933/1508/1011 939/1509/1011 932/1510/1012
f 932/1510/1012 939/1509/1011 940/1511/1012
f 932/1510/1013 940/1511/1013 931/1512/1014
f 931/1512/1015 940/1511/1013 941/1513/1015
f 931/1512/1016 941/1513/1016 930/1514/1017
f 930/1514/1017 941/1513/1016 942/1515/1017
f 930/1514/1018 942/1515/1018 929/1516/1019
f 929/1516/1019 942/1515/1018 943/1517/1019
f 929/1516/1020 943/1517/1020 928/1518/1021
f 928/1518/1021 943/1517/1020 944/1519/1021
f 928/1518/1022 944/1519/1022 927/1520/1023
f 927/1520/1024 944/1519/1025 945/1521/1024
f 927/1520/1026 945/1521/1026 926/1522/1027
f 926/1522/1027 945/1521/1026 946/1523/1027
f 926/1522/1028 946/1523/1028 925/1524/1029
f 925/1524/1030 946/1523/1028 947/1525/1030
f 925/1524/1031 947/1525/1031 924/1526/1032
f 924/1526/1032 947/1525/1031 948/1527/1032
f 924/1526/1033 948/1527/1033 923/1528/1034
f 923/1528/1034 948/1527/1035 949/1529/1034
f 923/1528/1036 949/1529/1036 922/1530/1037
f 922/1530/1037 949/1529/1036 950/1531/1037
f 922/1530/1038 950/1531/1038 921/1532/1039
f 921/1532/1040 950/1531/1041 951/1533/1040
f 921/1532/1042 951/1533/1042 920/1534/1043
f 920/1534/1043 951/1533/1042 952/1535/1043
f 920/1534/1044 952/1535/1044 919/1536/1045
f 919/1536/1045 952/1535/1044 953/1537/1045
f 919/1536/1046 953/1537/1046 918/1538/1047
f 918/1538/1047 953/1537/1046 954/1539/1047
f 918/1538/1048 954/1539/1048 917/1540/1049
f 917/1540/1049 954/1539/1050 955/1541/1049
f 917/1540/1051 955/1541/1051 916/1542/1052
f 916/1542/1052 955/1541/1051 956/1543/1052
f 916/1542/1053 956/1543/1053 915/1544/1054
f 915/1544/1055 956/1543/1053 957/1545/1055
f 915/1544/1056 957/1545/1056 914/1498/1057
f 914/1498/1057 957/1545/1056 958/1499/1057
f 960/1546/1058 1014/1547/1058 959/1548/896
f 959/1548/896 1014/1547/1059 987/1549/896
f 959/1550/894 987/1551/894 986/1552/1060
f 986/1552/1060 987/1551/894 988/1553/1060
f 986/1552/1061 988/1553/1061 985/1554/1062
f 985/1554/1062 988/1553/1061 989/1555/1062
f 985/1554/1063 989/1555/1063 984/1556/1064
f 984/1556/1064 989/1555/1063 990/1557/1064
f 984/1556/1065 990/1557/1065 983/1558/1066
f 983/1558/1067 990/1557/1068 991/1559/1067
f 983/1558/1069 991/1559/1069 982/1560/1070
f 982/1560/1070 991/1559/1069 992/1561/1070
f 982/1560/1071 992/1561/1071 981/1562/1072
f 981/1562/1072 992/1561/1071 993/1563/1072
f 981/1562/1073 993/1563/1073 980/1564/200
f 980/1564/200 993/1563/1073 994/1565/200
f 980/1564/300 994/1565/300 979/1566/1074
f 979/1566/1074 994/1565/300 995/1567/1074
f 979/1566/1075 995/1567/1075 978/1568/1076
f 978/1568/1076 995/1567/1075 996/1569/1076
f 978/1568/1077 996/1569/1077 977/1570/1078
f 977/1570/1079 996/1569/1077 997/1571/1079
f 977/1570/1080 997/1571/1080 976/1572/856
f 976/1572/856 997/1571/1081 998/1573/856
f 976/1572/1082 998/1573/1082 975/1574/1083
f 975/1574/1083 998/1573/1082 999/1575/1083
f 975/1574/1084 999/1575/1084 974/1576/1085
f 974/1576/1085 999/1575/1084 1000/1577/1085
f 974/1576/1086 1000/1577/1086 973/39/315
f 973/39/299 1000/1577/1086 1001/1578/299
f 973/39/299 1001/1578/299 972/1579/1087
f 972/1579/1087 1001/1578/273 1002/1580/1087
f 972/1579/1088 1002/1580/1088 971/1581/1089
f 971/1581/1089 1002/1580/1088 1003/1582/1089
f 971/1581/1090 1003/1582/1090 970/1583/1091
f 970/1583/1091 1003/1582/1092 1004/1584/1091
f 970/1583/1093 1004/1584/1093 969/1585/1094
f 969/1585/1094 1004/1584/866 1005/1586/1094
f 969/1585/1095 1005/1586/1095 968/1587/1096
f 968/1587/1096 1005/1586/1095 1006/1588/1096
f 968/1587/1097 1006/1588/1097 967/1589/1098
f 967/1589/1098 1006/1588/1097 1007/1590/1098
f 967/1589/1099 1007/1590/1099 966/1591/342
f 966/1591/342 1007/1590/1099 1008/1592/342
f 966/1591/361 1008/1592/361 965/1593/1100
f 965/1593/1100 1008/1592/361 1009/1594/1100
f 965/1593/1101 1009/1594/1101 964/1595/1102
f 964/1595/1102 1009/1594/1101 1010/1596/1102
f 964/1595/1103 1010/1596/1103 963/1597/1104
f 963/1597/1104 1010/1596/1103 1011/1598/1104
f 963/1597/1105 1011/1598/1105 962/1599/1106
f 962/1599/1106 1011/1598/1105 1012/1600/1106
f 962/1599/1107 1012/1600/1107 961/1601/1108
f 961/1601/1108 1012/1600/1107 1013/1602/1108
f 961/1601/1109 1013/1602/1109 960/1546/1110
f 960/1546/1110 1013/1602/1109 1014/1547/1110
f 1014/1603/153 948/1604/153 987/1605/153
f 987/1605/153 948/1604/153 947/1606/153
f 987/1605/153 947/1606/153 988/1607/153
f 988/1607/153 947/1606/153 946/1608/153
f 988/1607/153 946/1608/153 989/1609/153
f 989/1609/153 946/1608/153 945/1610/153
f 989/1609/153 945/1610/153 990/1611/153
f 990/1611/153 945/1610/153 991/1612/153
f 991/1612/153 945/1610/153 944/1613/153
f 991/1612/153 944/1613/153 992/1614/153
f 992/1614/153 944/1613/153 943/1615/153
f 992/1614/153 943/1615/153 993/1616/153
f 993/1616/153 943/1615/153 942/1617/153
f 993/1616/153 942/1617/153 994/1618/153
f 994/1618/153 942/1617/153 941/1619/153
f 994/1618/153 941/1619/153 995/1620/153
f 995/1620/153 941/1619/153 996/1621/153
f 996/1621/153 941/1619/153 940/1622/153
f 996/1621/153 940/1622/153 997/1623/153
f 997/1623/153 940/1622/153 939/1624/153
f 997/1623/153 939/1624/153 998/1625/153
f 998/1625/153 939/1624/153 938/1626/153
f 998/1625/153 938/1626/153 999/1627/153
f 999/1627/153 938/1626/153 937/1628/153
f 999/1627/153 937/1628/153 1000/1629/153
f 1000/1629/153 937/1628/153 936/1424/153
f 1000/1629/153 936/1424/153 1001/1630/153
f 1001/1630/153 936/1424/153 1002/1631/153
f 1002/1631/153 936/1424/153 958/1632/153
f 1002/1631/153 958/1632/153 1003/1633/153
f 1003/1633/153 958/1632/153 957/1634/153
f 1003/1633/153 957/1634/153 1004/1635/153
f 1004/1635/153 957/1634/153 956/1636/153
f 1004/1635/153 956/1636/153 1005/1637/153
f 1005/1637/153 956/1636/153 955/1638/153
f 1005/1637/153 955/1638/153 1006/1639/153
f 1006/1639/153 955/1638/153 954/1640/153
f 1006/1639/153 954/1640/153 1007/1641/153
f 1007/1641/153 954/1640/153 1008/1642/153
f 1008/1642/153 954/1640/153 953/1643/153
f 1008/1642/153 953/1643/153 1009/1644/153
f 1009/1644/153 953/1643/153 952/1645/153
f 1009/1644/153 952/1645/153 1010/1646/153
f 1010/1646/153 952/1645/153 951/1647/153
f 1010/1646/153 951/1647/153 1011/1648/153
f 1011/1648/153 951/1647/153 950/1649/153
f 1011/1648/153 950/1649/153 1012/1650/153
f 1012/1650/153 950/1649/153 1013/1651/153
f 1013/1651/153 950/1649/153 949/1652/153
f 1013/1651/153 949/1652/153 1014/1603/153
f 1014/1603/153 949/1652/153 948/1604/153
f 986/1603/795 925/1604/795 959/1653/795
f 959/1653/795 925/1604/795 924/1606/795
f 959/1653/795 924/1606/795 960/1607/795
f 960/1607/795 924/1606/795 923/1608/795
f 960/1607/795 923/1608/795 961/1609/795
f 961/1609/795 923/1608/795 922/1610/795
f 961/1609/795 922/1610/795 962/1611/795
f 962/1611/795 922/1610/795 963/1612/795
f 963/1612/795 922/1610/795 921/1613/795
f 963/1612/795 921/1613/795 964/1614/795
f 964/1614/795 921/1613/795 920/1615/795
f 964/1614/795 920/1615/795 965/1616/795
f 965/1616/795 920/1615/795 919/1617/795
f 965/1616/795 919/1617/795 966/1618/795
f 966/1618/795 919/1617/795 918/1619/795
f 966/1618/795 918/1619/795 967/1620/795
f 967/1620/795 918/1619/795 968/1621/795
f 968/1621/795 918/1619/795 917/1622/795
f 968/1621/795 917/1622/795 969/1623/795
f 969/1623/795 917/1622/795 916/1624/795
f 969/1623/795 916/1624/795 970/1625/795
f 970/1625/795 916/1624/795 915/1626/795
f 970/1625/795 915/1626/795 971/1627/795
f 971/1627/795 915/1626/795 914/1628/795
f 971/1627/795 914/1628/795 972/1629/795
f 972/1629/795 914/1628/795 913/1424/795
f 972/1629/795 913/1424/795 973/1654/795
f 973/1654/795 913/1424/795 974/1631/795
f 974/1631/795 913/1424/795 935/1632/795
f 974/1631/795 935/1632/795 975/1633/795
f 975/1633/795 935/1632/795 934/1634/795
f 975/1633/795 934/1634/795 976/1635/795
f 976/1635/795 934/1634/795 933/1636/795
f 976/1635/795 933/1636/795 977/1637/795
f 977/1637/795 933/1636/795 932/1638/795
f 977/1637/795 932/1638/795 978/1639/795
f 978/1639/795 932/1638/795 931/1640/795
f 978/1639/795 931/1640/795 979/1641/795
f 979/1641/795 931/1640/795 980/1642/795
f 980/1642/795 931/1640/795 930/1643/795
f 980/1642/795 930/1643/795 981/1644/795
f 981/1644/795 930/1643/795 929/1645/795
f 981/1644/795 929/1645/795 982/1646/795
f 982/1646/795 929/1645/795 928/1647/795
f 982/1646/795 928/1647/795 983/1648/795
f 983/1648/795 928/1647/795 927/1649/795
f 983/1648/795 927/1649/795 984/1650/795
f 984/1650/795 927/1649/795 985/1651/795
f 985/1651/795 927/1649/795 926/1652/795
f 985/1651/795 926/1652/795 986/1603/795
f 986/1603/795 926/1652/795 925/1604/795
f 1016/1655/949 1054/1656/949 1015/1657/894
f 1015/1657/894 1054/1656/949 1035/1658/894
f 1015/1659/896 1035/1660/61 1034/1661/944
f 1034/1661/944 1035/1660/896 1036/1662/944
f 1034/1661/943 1036/1662/943 1033/1663/1111
f 1033/1663/1111 1036/1662/943 1037/1664/1111
f 1033/1663/1112 1037/1664/1112 1032/1665/1113
f 1032/1665/1113 1037/1664/1112 1038/1666/1113
f 1032/1665/939 1038/1666/939 1031/1667/1114
f 1031/1667/1114 1038/1666/939 1039/1668/1114
f 1031/1667/1115 1039/1668/1115 1030/1669/361
f 1030/1669/361 1039/1668/1115 1040/1670/361
f 1030/1669/342 1040/1670/342 1029/1671/1116
f 1029/1671/1116 1040/1670/342 1041/1672/1116
f 1029/1671/1117 1041/1672/1117 1028/1673/930
f 1028/1673/930 1041/1672/1117 1042/1674/930
f 1028/1673/929 1042/1674/929 1027/1675/1118
f 1027/1675/1118 1042/1674/929 1043/1676/1118
f 1027/1675/1119 1043/1676/1119 1026/1677/926
f 1026/1677/926 1043/1676/1119 1044/1678/926
f 1026/1677/924 1044/1678/924 1025/39/273
f 1025/39/273 1044/1678/924 1045/1679/273
f 1025/39/315 1045/1679/315 1024/1680/919
f 1024/1680/1120 1045/1679/315 1046/1681/1120
f 1024/1680/918 1046/1681/918 1023/1682/1121
f 1023/1682/1121 1046/1681/918 1047/1683/1121
f 1023/1682/1122 1047/1683/1122 1022/1684/915
f 1022/1684/915 1047/1683/1122 1048/1685/915
f 1022/1684/914 1048/1685/914 1021/1686/1123
f 1021/1686/1123 1048/1685/914 1049/1687/1123
f 1021/1686/1124 1049/1687/1124 1020/1688/300
f 1020/1688/300 1049/1687/1124 1050/1689/300
f 1020/1688/200 1050/1689/200 1019/1690/1125
f 1019/1690/1125 1050/1689/200 1051/1691/1125
f 1019/1690/1126 1051/1691/1126 1018/1692/954
f 1018/1692/954 1051/1691/1126 1052/1693/954
f 1018/1692/953 1052/1693/953 1017/1694/1127
f 1017/1694/1128 1052/1693/1129 1053/1695/1128
f 1017/1694/1130 1053/1695/1130 1016/1655/950
f 1016/1655/950 1053/1695/1130 1054/1656/950
f 1056/1504/1006 1100/1696/1006 1055/1502/896
f 1055/1502/896 1100/1696/1006 1078/1697/896
f 1055/1500/894 1078/1698/894 1077/1498/1005
f 1077/1498/1005 1078/1698/894 1079/1699/1005
f 1077/1498/1057 1079/1699/1057 1076/1544/1056
f 1076/1544/1056 1079/1699/1057 1080/1700/1056
f 1076/1544/1054 1080/1700/1054 1075/1701/1053
f 1075/1701/1053 1080/1700/1055 1081/1702/1053
f 1075/1701/1052 1081/1702/1052 1074/1703/1131
f 1074/1703/1051 1081/1702/1052 1082/1704/1051
f 1074/1703/1049 1082/1704/1049 1073/1538/1050
f 1073/1538/1048 1082/1704/1049 1083/1705/1048
f 1073/1538/1047 1083/1705/1047 1072/1536/1046
f 1072/1536/1046 1083/1705/1047 1084/1706/1046
f 1072/1536/1045 1084/1706/1045 1071/1534/1044
f 1071/1534/1044 1084/1706/1045 1085/1707/1044
f 1071/1534/1043 1085/1707/1043 1070/1532/1042
f 1070/1532/1042 1085/1707/1132 1086/1708/1042
f 1070/1532/1039 1086/1708/1039 1069/1530/1133
f 1069/1530/1038 1086/1708/1134 1087/1709/1038
f 1069/1530/1037 1087/1709/1037 1068/1528/1036
f 1068/1528/1036 1087/1709/1037 1088/1710/1036
f 1068/1528/1034 1088/1710/1034 1067/1526/1035
f 1067/1526/1033 1088/1710/1135 1089/1711/1033
f 1067/1526/1032 1089/1711/1032 1066/1524/1031
f 1066/1524/1031 1089/1711/1032 1090/1712/1031
f 1066/1524/1030 1090/1712/1030 1065/1522/1028
f 1065/1522/1028 1090/1712/1136 1091/1713/1028
f 1065/1522/1027 1091/1713/1027 1064/1520/1026
f 1064/1520/1026 1091/1713/1027 1092/1714/1026
f 1064/1520/1024 1092/1714/1024 1063/1518/1025
f 1063/1518/1022 1092/1714/1023 1093/1715/1022
f 1063/1518/1021 1093/1715/1021 1062/1516/1020
f 1062/1516/1137 1093/1715/1021 1094/1716/1137
f 1062/1516/1019 1094/1716/1019 1061/1514/1018
f 1061/1514/1018 1094/1716/1138 1095/1717/1018
f 1061/1514/1017 1095/1717/1017 1060/1512/1016
f 1060/1512/1016 1095/1717/1017 1096/1718/1016
f 1060/1512/1015 1096/1718/1015 1059/1510/1013
f 1059/1510/1013 1096/1718/1014 1097/1719/1013
f 1059/1510/1012 1097/1719/1012 1058/1508/1011
f 1058/1508/1011 1097/1719/1139 1098/1720/1011
f 1058/1508/1010 1098/1720/1010 1057/1506/1009
f 1057/1506/1140 1098/1720/1010 1099/1721/1140
f 1057/1506/1008 1099/1721/1008 1056/1504/1007
f 1056/1504/1007 1099/1721/1008 1100/1696/1007
f 1079/1722/153 1078/1426/153 1045/1723/153
f 1045/1723/153 1078/1426/153 1100/1724/153
f 1045/1723/153 1100/1724/153 1046/1725/153
f 1046/1725/153 1100/1724/153 1099/1726/153
f 1046/1725/153 1099/1726/153 1047/1727/153
f 1047/1727/153 1099/1726/153 1098/1728/153
f 1047/1727/153 1098/1728/153 1048/1729/153
f 1048/1729/153 1098/1728/153 1097/1730/153
f 1048/1729/153 1097/1730/153 1049/1731/153
f 1049/1731/153 1097/1730/153 1096/1732/153
f 1049/1731/153 1096/1732/153 1050/1733/153
f 1050/1733/153 1096/1732/153 1095/1734/153
f 1050/1733/153 1095/1734/153 1051/1735/153
f 1051/1735/153 1095/1734/153 1094/1736/153
f 1051/1735/153 1094/1736/153 1052/1737/153
f 1052/1737/153 1094/1736/153 1093/1738/153
f 1052/1737/153 1093/1738/153 1092/1739/153
f 1052/1737/153 1092/1739/153 1053/1740/153
f 1053/1740/153 1092/1739/153 1091/1741/153
f 1053/1740/153 1091/1741/153 1054/1742/153
f 1054/1742/153 1091/1741/153 1090/1743/153
f 1054/1742/153 1090/1743/153 1035/1744/153
f 1035/1744/153 1090/1743/153 1089/1745/153
f 1035/1744/153 1089/1745/153 1036/1746/153
f 1036/1746/153 1089/1745/153 1088/1747/153
f 1036/1746/153 1088/1747/153 1037/1748/153
f 1037/1748/153 1088/1747/153 1087/1749/153
f 1037/1748/153 1087/1749/153 1038/1750/153
f 1038/1750/153 1087/1749/153 1086/1751/153
f 1038/1750/153 1086/1751/153 1085/1752/153
f 1038/1750/153 1085/1752/153 1039/1753/153
f 1039/1753/153 1085/1752/153 1084/1754/153
f 1039/1753/153 1084/1754/153 1040/1158/153
f 1040/1158/153 1084/1754/153 1083/1755/153
f 1040/1158/153 1083/1755/153 1041/1756/153
f 1041/1756/153 1083/1755/153 1082/1757/153
f 1041/1756/153 1082/1757/153 1042/1758/153
f 1042/1758/153 1082/1757/153 1081/1759/153
f 1042/1758/153 1081/1759/153 1043/1760/153
f 1043/1760/153 1081/1759/153 1080/1761/153
f 1043/1760/153 1080/1761/153 1044/1762/153
f 1044/1762/153 1080/1761/153 1079/1722/153
f 1044/1762/153 1079/1722/153 1045/1723/153
f 1056/1722/795 1055/1426/795 1025/1723/795
f 1025/1723/795 1055/1426/795 1077/1724/795
f 1025/1723/795 1077/1724/795 1026/1725/795
f 1026/1725/795 1077/1724/795 1076/1726/795
f 1026/1725/795 1076/1726/795 1027/1727/795
f 1027/1727/795 1076/1726/795 1075/1728/795
f 1027/1727/795 1075/1728/795 1028/1729/795
f 1028/1729/795 1075/1728/795 1074/1730/795
f 1028/1729/795 1074/1730/795 1029/1731/795
f 1029/1731/795 1074/1730/795 1073/1732/795
f 1029/1731/795 1073/1732/795 1030/1733/795
f 1030/1733/795 1073/1732/795 1072/1734/795
f 1030/1733/795 1072/1734/795 1031/1735/795
f 1031/1735/795 1072/1734/795 1071/1736/795
f 1031/1735/795 1071/1736/795 1032/1737/795
f 1032/1737/795 1071/1736/795 1070/1738/795
f 1032/1737/795 1070/1738/795 1069/1739/795
f 1032/1737/795 1069/1739/795 1033/1740/795
f 1033/1740/795 1069/1739/795 1068/1741/795
f 1033/1740/795 1068/1741/795 1034/1742/795
f 1034/1742/795 1068/1741/795 1067/1743/795
f 1034/1742/795 1067/1743/795 1015/1744/795
f 1015/1744/795 1067/1743/795 1066/1745/795
f 1015/1744/795 1066/1745/795 1016/1746/795
f 1016/1746/795 1066/1745/795 1065/1747/795
f 1016/1746/795 1065/1747/795 1017/1748/795
f 1017/1748/795 1065/1747/795 1064/1749/795
f 1017/1748/795 1064/1749/795 1018/1750/795
f 1018/1750/795 1064/1749/795 1063/1751/795
f 1018/1750/795 1063/1751/795 1062/1752/795
f 1018/1750/795 1062/1752/795 1019/1753/795
f 1019/1753/795 1062/1752/795 1061/1754/795
f 1019/1753/795 1061/1754/795 1020/1158/795
f 1020/1158/795 1061/1754/795 1060/1755/795
f 1020/1158/795 1060/1755/795 1021/1756/795
f 1021/1756/795 1060/1755/795 1059/1757/795
f 1021/1756/795 1059/1757/795 1022/1758/795
f 1022/1758/795 1059/1757/795 1058/1759/795
f 1022/1758/795 1058/1759/795 1023/1760/795
f 1023/1760/795 1058/1759/795 1057/1761/795
f 1023/1760/795 1057/1761/795 1024/1762/795
f 1024/1762/795 1057/1761/795 1056/1722/795
f 1024/1762/795 1056/1722/795 1025/1723/795
f 1102/1552/1060 1156/1763/1060 1101/1550/894
f 1101/1550/894 1156/1763/1060 1129/1764/894
f 1101/1548/896 1129/1765/896 1128/1546/1058
f 1128/1546/1058 1129/1765/896 1130/1766/1058
f 1128/1546/1110 1130/1766/1110 1127/1767/1109
f 1127/1767/1109 1130/1766/1110 1131/1768/1109
f 1127/1767/1108 1131/1768/1108 1126/1769/1107
f 1126/1769/1107 1131/1768/1141 1132/1770/1107
f 1126/1769/1106 1132/1770/1106 1125/1771/1105
f 1125/1771/1105 1132/1770/1106 1133/1772/1105
f 1125/1771/1104 1133/1772/1104 1124/1595/1103
f 1124/1595/1103 1133/1772/1104 1134/1773/1103
f 1124/1595/1102 1134/1773/1102 1123/1593/1101
f 1123/1593/1101 1134/1773/1102 1135/1774/1101
f 1123/1593/1100 1135/1774/1100 1122/1591/361
f 1122/1591/361 1135/1774/1100 1136/1775/361
f 1122/1591/342 1136/1775/342 1121/1589/1099
f 1121/1589/1099 1136/1775/342 1137/1776/1099
f 1121/1589/1098 1137/1776/1098 1120/1587/1097
f 1120/1587/1097 1137/1776/1098 1138/1777/1097
f 1120/1587/1142 1138/1777/1142 1119/1585/1095
f 1119/1585/1095 1138/1777/1096 1139/1778/1095
f 1119/1585/1143 1139/1778/1143 1118/1779/866
f 1118/1779/866 1139/1778/1094 1140/1780/866
f 1118/1779/1091 1140/1780/1091 1117/1581/1092
f 1117/1581/1092 1140/1780/1091 1141/1781/1092
f 1117/1581/1089 1141/1781/1089 1116/1579/1088
f 1116/1579/1088 1141/1781/1089 1142/1782/1088
f 1116/1579/1087 1142/1782/1087 1115/39/273
f 1115/39/273 1142/1782/1087 1143/1679/273
f 1115/39/315 1143/1679/315 1114/1576/859
f 1114/1576/1144 1143/1679/315 1144/1783/1144
f 1114/1576/1085 1144/1783/1085 1113/1574/1084
f 1113/1574/1084 1144/1783/1085 1145/1784/1084
f 1113/1574/1083 1145/1784/1083 1112/1785/1082
f 1112/1785/1082 1145/1784/1145 1146/1786/1082
f 1112/1785/856 1146/1786/856 1111/1570/1081
f 1111/1570/1081 1146/1786/856 1147/1787/1081
f 1111/1570/1079 1147/1787/1079 1110/1568/1077
f 1110/1568/1077 1147/1787/1079 1148/1788/1077
f 1110/1568/1076 1148/1788/1076 1109/1566/1075
f 1109/1566/1075 1148/1788/1076 1149/1789/1075
f 1109/1566/1074 1149/1789/1074 1108/1564/300
f 1108/1564/300 1149/1789/1074 1150/1790/300
f 1108/1564/200 1150/1790/200 1107/1562/1073
f 1107/1562/1073 1150/1790/200 1151/1791/1073
f 1107/1562/1072 1151/1791/1072 1106/1560/1071
f 1106/1560/1071 1151/1791/1072 1152/1792/1071
f 1106/1560/1070 1152/1792/1070 1105/1558/1069
f 1105/1558/1069 1152/1792/1070 1153/1793/1069
f 1105/1558/1067 1153/1793/1067 1104/1556/1065
f 1104/1556/1065 1153/1793/1067 1154/1794/1065
f 1104/1556/1064 1154/1794/1064 1103/1554/1146
f 1103/1554/1063 1154/1794/1064 1155/1795/1063
f 1103/1554/1062 1155/1795/1062 1102/1552/1061
f 1102/1552/1061 1155/1795/1062 1156/1763/1061
f 1158/1796/1147 1216/1797/1147 1157/1798/896
f 1157/1798/896 1216/1797/1147 1187/1799/896
f 1157/1800/894 1187/1801/894 1186/1802/1148
f 1186/1802/1148 1187/1801/894 1188/1803/1148
f 1186/1802/1149 1188/1803/1149 1185/1804/1150
f 1185/1804/1150 1188/1803/1149 1189/1805/1150
f 1185/1804/1151 1189/1805/1151 1184/1806/1130
f 1184/1806/1130 1189/1805/1151 1190/1807/1130
f 1184/1806/1128 1190/1807/1128 1183/1808/1152
f 1183/1808/1152 1190/1807/1128 1191/1809/1152
f 1183/1808/1153 1191/1809/1153 1182/1810/791
f 1182/1810/791 1191/1809/1153 1192/1811/791
f 1182/1810/787 1192/1811/787 1181/1812/1126
f 1181/1812/1126 1192/1811/787 1193/1813/1126
f 1181/1812/1154 1193/1813/1154 1180/1814/1155
f 1180/1814/1155 1193/1813/1154 1194/1815/1155
f 1180/1814/1156 1194/1815/1156 1179/1816/1157
f 1179/1816/1157 1194/1815/1156 1195/1817/1157
f 1179/1816/1158 1195/1817/1158 1178/1818/1159
f 1178/1818/1159 1195/1817/1158 1196/1819/1159
f 1178/1818/1123 1196/1819/1123 1177/1820/303
f 1177/1820/303 1196/1819/1123 1197/1821/303
f 1177/1820/305 1197/1821/305 1176/1822/1160
f 1176/1822/1160 1197/1821/305 1198/1823/1160
f 1176/1822/1161 1198/1823/1161 1175/1824/1162
f 1175/1824/1162 1198/1823/1163 1199/1825/1162
f 1175/1824/1121 1199/1825/1121 1174/1826/1164
f 1174/1826/1164 1199/1825/1121 1200/1827/1164
f 1174/1826/1165 1200/1827/1165 1173/1828/1166
f 1173/1828/1166 1200/1827/1165 1201/1829/1166
f 1173/1828/1167 1201/1829/1167 1172/39/315
f 1172/39/315 1201/1829/1168 1202/1578/315
f 1172/39/273 1202/1578/273 1171/1830/1169
f 1171/1830/1170 1202/1578/273 1203/1831/1170
f 1171/1830/1171 1203/1831/1171 1170/1832/1172
f 1170/1832/1173 1203/1831/1171 1204/1833/1173
f 1170/1832/1174 1204/1833/1174 1169/1834/1119
f 1169/1834/1119 1204/1833/1174 1205/1835/1119
f 1169/1834/1175 1205/1835/1175 1168/1836/1176
f 1168/1836/1176 1205/1835/1175 1206/1837/1176
f 1168/1836/1177 1206/1837/1177 1167/1838/345
f 1167/1838/345 1206/1837/1177 1207/1839/345
f 1167/1838/880 1207/1839/880 1166/1840/1117
f 1166/1840/1117 1207/1839/880 1208/1841/1117
f 1166/1840/1178 1208/1841/1178 1165/1842/1179
f 1165/1842/1179 1208/1841/1178 1209/1843/1179
f 1165/1842/1180 1209/1843/1180 1164/1844/1181
f 1164/1844/1181 1209/1843/1180 1210/1845/1181
f 1164/1844/1182 1210/1845/1182 1163/1846/1183
f 1163/1846/1183 1210/1845/1182 1211/1847/1183
f 1163/1846/1114 1211/1847/1114 1162/1848/907
f 1162/1848/907 1211/1847/1114 1212/1849/907
f 1162/1848/905 1212/1849/905 1161/1850/1184
f 1161/1850/1184 1212/1849/905 1213/1851/1184
f 1161/1850/1185 1213/1851/1185 1160/1852/1112
f 1160/1852/1112 1213/1851/1186 1214/1853/1112
f 1160/1852/1111 1214/1853/1111 1159/1854/1187
f 1159/1854/1187 1214/1853/1111 1215/1855/1187
f 1159/1854/1188 1215/1855/1188 1158/1796/1189
f 1158/1796/1189 1215/1855/1188 1216/1797/1189
f 1188/1856/153 1187/1857/153 1143/1653/153
f 1143/1653/153 1187/1857/153 1216/1858/153
f 1143/1653/153 1216/1858/153 1144/1603/153
f 1144/1603/153 1216/1858/153 1215/1859/153
f 1144/1603/153 1215/1859/153 1145/1651/153
f 1145/1651/153 1215/1859/153 1214/1860/153
f 1145/1651/153 1214/1860/153 1146/1650/153
f 1146/1650/153 1214/1860/153 1213/1861/153
f 1146/1650/153 1213/1861/153 1147/1648/153
f 1147/1648/153 1213/1861/153 1212/1862/153
f 1147/1648/153 1212/1862/153 1148/1646/153
f 1148/1646/153 1212/1862/153 1211/1863/153
f 1148/1646/153 1211/1863/153 1149/1644/153
f 1149/1644/153 1211/1863/153 1210/1864/153
f 1149/1644/153 1210/1864/153 1150/1865/153
f 1150/1865/153 1210/1864/153 1209/1866/153
f 1150/1865/153 1209/1866/153 1151/1641/153
f 1151/1641/153 1209/1866/153 1208/1867/153
f 1151/1641/153 1208/1867/153 1152/1639/153
f 1152/1639/153 1208/1867/153 1207/1868/153
f 1152/1639/153 1207/1868/153 1153/1637/153
f 1153/1637/153 1207/1868/153 1206/1869/153
f 1153/1637/153 1206/1869/153 1154/1635/153
f 1154/1635/153 1206/1869/153 1205/1870/153
f 1154/1635/153 1205/1870/153 1155/1633/153
f 1155/1633/153 1205/1870/153 1204/1871/153
f 1155/1633/153 1204/1871/153 1156/1631/153
f 1156/1631/153 1204/1871/153 1203/1872/153
f 1156/1631/153 1203/1872/153 1129/1630/153
f 1129/1630/153 1203/1872/153 1202/1873/153
f 1129/1630/153 1202/1873/153 1201/1874/153
f 1129/1630/153 1201/1874/153 1130/1629/153
f 1130/1629/153 1201/1874/153 1200/1875/153
f 1130/1629/153 1200/1875/153 1131/1627/153
f 1131/1627/153 1200/1875/153 1199/1876/153
f 1131/1627/153 1199/1876/153 1132/1625/153
f 1132/1625/153 1199/1876/153 1198/1877/153
f 1132/1625/153 1198/1877/153 1133/1623/153
f 1133/1623/153 1198/1877/153 1197/1878/153
f 1133/1623/153 1197/1878/153 1134/1621/153
f 1134/1621/153 1197/1878/153 1196/1879/153
f 1134/1621/153 1196/1879/153 1135/1620/153
f 1135/1620/153 1196/1879/153 1195/1880/153
f 1135/1620/153 1195/1880/153 1136/1618/153
f 1136/1618/153 1195/1880/153 1194/1881/153
f 1136/1618/153 1194/1881/153 1137/1616/153
f 1137/1616/153 1194/1881/153 1193/1882/153
f 1137/1616/153 1193/1882/153 1138/1614/153
f 1138/1614/153 1193/1882/153 1192/1883/153
f 1138/1614/153 1192/1883/153 1139/1612/153
f 1139/1612/153 1192/1883/153 1191/1884/153
f 1139/1612/153 1191/1884/153 1140/1611/153
f 1140/1611/153 1191/1884/153 1190/1885/153
f 1140/1611/153 1190/1885/153 1141/1609/153
f 1141/1609/153 1190/1885/153 1189/1886/153
f 1141/1609/153 1189/1886/153 1142/1607/153
f 1142/1607/153 1189/1886/153 1188/1856/153
f 1142/1607/153 1188/1856/153 1143/1653/153
f 1158/1856/795 1157/1857/795 1115/1605/795
f 1115/1605/795 1157/1857/795 1186/1858/795
f 1115/1605/795 1186/1858/795 1116/1603/795
f 1116/1603/795 1186/1858/795 1185/1859/795
f 1116/1603/795 1185/1859/795 1117/1651/795
f 1117/1651/795 1185/1859/795 1184/1860/795
f 1117/1651/795 1184/1860/795 1118/1650/795
f 1118/1650/795 1184/1860/795 1183/1861/795
f 1118/1650/795 1183/1861/795 1119/1648/795
f 1119/1648/795 1183/1861/795 1182/1862/795
f 1119/1648/795 1182/1862/795 1120/1646/795
f 1120/1646/795 1182/1862/795 1181/1863/795
f 1120/1646/795 1181/1863/795 1121/1644/795
f 1121/1644/795 1181/1863/795 1180/1864/795
f 1121/1644/795 1180/1864/795 1122/1865/795
f 1122/1865/795 1180/1864/795 1179/1866/795
f 1122/1865/795 1179/1866/795 1123/1641/795
f 1123/1641/795 1179/1866/795 1178/1867/795
f 1123/1641/795 1178/1867/795 1124/1639/795
f 1124/1639/795 1178/1867/795 1177/1868/795
f 1124/1639/795 1177/1868/795 1125/1637/795
f 1125/1637/795 1177/1868/795 1176/1869/795
f 1125/1637/795 1176/1869/795 1126/1635/795
f 1126/1635/795 1176/1869/795 1175/1870/795
f 1126/1635/795 1175/1870/795 1127/1633/795
f 1127/1633/795 1175/1870/795 1174/1871/795
f 1127/1633/795 1174/1871/795 1128/1631/795
f 1128/1631/795 1174/1871/795 1173/1872/795
f 1128/1631/795 1173/1872/795 1101/1654/795
f 1101/1654/795 1173/1872/795 1172/1873/795
f 1101/1654/795 1172/1873/795 1171/1874/795
f 1101/1654/795 1171/1874/795 1102/1629/795
f 1102/1629/795 1171/1874/795 1170/1875/795
f 1102/1629/795 1170/1875/795 1103/1627/795
f 1103/1627/795 1170/1875/795 1169/1876/795
f 1103/1627/795 1169/1876/795 1104/1625/795
f 1104/1625/795 1169/1876/795 1168/1877/795
f 1104/1625/795 1168/1877/795 1105/1623/795
f 1105/1623/795 1168/1877/795 1167/1878/795
f 1105/1623/795 1167/1878/795 1106/1621/795
f 1106/1621/795 1167/1878/795 1166/1879/795
f 1106/1621/795 1166/1879/795 1107/1620/795
f 1107/1620/795 1166/1879/795 1165/1880/795
f 1107/1620/795 1165/1880/795 1108/1618/795
f 1108/1618/795 1165/1880/795 1164/1881/795
f 1108/1618/795 1164/1881/795 1109/1616/795
f 1109/1616/795 1164/1881/795 1163/1882/795
f 1109/1616/795 1163/1882/795 1110/1614/795
f 1110/1614/795 1163/1882/795 1162/1883/795
f 1110/1614/795 1162/1883/795 1111/1612/795
f 1111/1612/795 1162/1883/795 1161/1884/795
f 1111/1612/795 1161/1884/795 1112/1611/795
f 1112/1611/795 1161/1884/795 1160/1885/795
f 1112/1611/795 1160/1885/795 1113/1609/795
f 1113/1609/795 1160/1885/795 1159/1886/795
f 1113/1609/795 1159/1886/795 1114/1607/795
f 1114/1607/795 1159/1886/795 1158/1856/795
f 1114/1607/795 1158/1856/795 1115/1605/795
f 1218/1498/1190 1262/1499/1190 1217/1500/315
f 1217/1500/315 1262/1499/1190 1240/1501/315
f 1217/1502/273 1240/1503/273 1239/1504/1191
f 1239/1504/1191 1240/1503/273 1241/1505/1191
f 1239/1504/1192 1241/1505/1192 1238/1506/1193
f 1238/1506/1193 1241/1505/1192 1242/1507/1193
f 1238/1506/1194 1242/1507/1194 1237/1508/1195
f 1237/1508/1195 1242/1507/1196 1243/1509/1195
f 1237/1508/1197 1243/1509/1197 1236/1510/1198
f 1236/1510/1198 1243/1509/1197 1244/1511/1198
f 1236/1510/1199 1244/1511/1199 1235/1512/1200
f 1235/1512/1201 1244/1511/1199 1245/1513/1201
f 1235/1512/1202 1245/1513/1202 1234/1514/1203
f 1234/1514/1203 1245/1513/1202 1246/1515/1203
f 1234/1514/1204 1246/1515/1204 1233/1516/1205
f 1233/1516/1205 1246/1515/1204 1247/1517/1205
f 1233/1516/1206 1247/1517/1206 1232/1518/1207
f 1232/1518/1207 1247/1517/1206 1248/1519/1207
f 1232/1518/1208 1248/1519/1208 1231/1520/1209
f 1231/1520/1209 1248/1519/1208 1249/1521/1209
f 1231/1520/1210 1249/1521/1210 1230/1522/1211
f 1230/1522/1211 1249/1521/1210 1250/1523/1211
f 1230/1522/1212 1250/1523/1212 1229/1524/1213
f 1229/1524/1214 1250/1523/1212 1251/1525/1214
f 1229/1524/1215 1251/1525/1215 1228/1526/1216
f 1228/1526/1216 1251/1525/1215 1252/1527/1216
f 1228/1526/1217 1252/1527/1217 1227/1528/1218
f 1227/1528/1218 1252/1527/1219 1253/1529/1218
f 1227/1528/1220 1253/1529/1220 1226/1530/1221
f 1226/1530/1221 1253/1529/1220 1254/1531/1221
f 1226/1530/1222 1254/1531/1222 1225/1532/1223
f 1225/1532/1223 1254/1531/1222 1255/1533/1223
f 1225/1532/1224 1255/1533/1224 1224/1534/1225
f 1224/1534/1225 1255/1533/1224 1256/1535/1225
f 1224/1534/1226 1256/1535/1226 1223/1536/1227
f 1223/1536/1227 1256/1535/1226 1257/1537/1227
f 1223/1536/1228 1257/1537/1228 1222/1538/1229
f 1222/1538/1229 1257/1537/1228 1258/1539/1229
f 1222/1538/1230 1258/1539/1230 1221/1540/1231
f 1221/1540/1231 1258/1539/1232 1259/1541/1231
f 1221/1540/1233 1259/1541/1233 1220/1542/1234
f 1220/1542/1234 1259/1541/1235 1260/1543/1234
f 1220/1542/1236 1260/1543/1236 1219/1544/1237
f 1219/1544/1238 1260/1543/1236 1261/1545/1238
f 1219/1544/1239 1261/1545/1239 1218/1498/1240
f 1218/1498/1240 1261/1545/1239 1262/1499/1240
f 1264/1546/1087 1318/1547/1087 1263/1548/273
f 1263/1548/273 1318/1547/1087 1291/1549/273
f 1263/1550/315 1291/1551/315 1290/1552/1086
f 1290/1552/1086 1291/1551/315 1292/1553/1086
f 1290/1552/1085 1292/1553/1085 1289/1554/1084
f 1289/1554/1084 1292/1553/1085 1293/1555/1084
f 1289/1554/1083 1293/1555/1083 1288/1556/1082
f 1288/1556/1082 1293/1555/1083 1294/1557/1082
f 1288/1556/1241 1294/1557/1241 1287/1558/1081
f 1287/1558/1080 1294/1557/856 1295/1559/1080
f 1287/1558/1079 1295/1559/1079 1286/1560/1077
f 1286/1560/1077 1295/1559/1078 1296/1561/1077
f 1286/1560/1076 1296/1561/1076 1285/1562/1075
f 1285/1562/1075 1296/1561/1076 1297/1563/1075
f 1285/1562/1074 1297/1563/1074 1284/1564/300
f 1284/1564/300 1297/1563/1074 1298/1565/300
f 1284/1564/200 1298/1565/200 1283/1566/1073
f 1283/1566/1073 1298/1565/200 1299/1567/1073
f 1283/1566/1072 1299/1567/1072 1282/1568/1071
f 1282/1568/1071 1299/1567/1072 1300/1569/1071
f 1282/1568/1070 1300/1569/1070 1281/1570/1069
f 1281/1570/1069 1300/1569/1070 1301/1571/1069
f 1281/1570/1066 1301/1571/1066 1280/1572/1068
f 1280/1572/1065 1301/1571/1067 1302/1573/1065
f 1280/1572/1064 1302/1573/1064 1279/1574/1063
f 1279/1574/1063 1302/1573/1064 1303/1575/1063
f 1279/1574/1062 1303/1575/1062 1278/1576/1061
f 1278/1576/1061 1303/1575/1062 1304/1577/1061
f 1278/1576/1060 1304/1577/1060 1277/39/894
f 1277/39/894 1304/1577/1060 1305/1578/894
f 1277/39/896 1305/1578/896 1276/1579/1058
f 1276/1579/1058 1305/1578/896 1306/1580/1058
f 1276/1579/1110 1306/1580/1110 1275/1581/1109
f 1275/1581/1109 1306/1580/1110 1307/1582/1109
f 1275/1581/1108 1307/1582/1108 1274/1583/1107
f 1274/1583/1107 1307/1582/1108 1308/1584/1107
f 1274/1583/1106 1308/1584/1106 1273/1585/1242
f 1273/1585/1243 1308/1584/1106 1309/1586/1243
f 1273/1585/1104 1309/1586/1104 1272/1587/1103
f 1272/1587/1103 1309/1586/1244 1310/1588/1103
f 1272/1587/1102 1310/1588/1102 1271/1589/1101
f 1271/1589/1101 1310/1588/1102 1311/1590/1101
f 1271/1589/1100 1311/1590/1100 1270/1591/361
f 1270/1591/361 1311/1590/1100 1312/1592/361
f 1270/1591/342 1312/1592/342 1269/1593/1099
f 1269/1593/1099 1312/1592/342 1313/1594/1099
f 1269/1593/1098 1313/1594/1098 1268/1595/1097
f 1268/1595/1097 1313/1594/1098 1314/1596/1097
f 1268/1595/1096 1314/1596/1096 1267/1597/1095
f 1267/1597/1095 1314/1596/1096 1315/1598/1095
f 1267/1597/1143 1315/1598/1143 1266/1599/866
f 1266/1599/1093 1315/1598/1094 1316/1600/1093
f 1266/1599/1091 1316/1600/1091 1265/1601/1092
f 1265/1601/1092 1316/1600/1091 1317/1602/1092
f 1265/1601/1089 1317/1602/1089 1264/1546/1088
f 1264/1546/1088 1317/1602/1089 1318/1547/1088
f 1318/1603/795 1252/1604/795 1291/1605/795
f 1291/1605/795 1252/1604/795 1251/1606/795
f 1291/1605/795 1251/1606/795 1292/1607/795
f 1292/1607/795 1251/1606/795 1250/1608/795
f 1292/1607/795 1250/1608/795 1293/1609/795
f 1293/1609/795 1250/1608/795 1249/1610/795
f 1293/1609/795 1249/1610/795 1294/1611/795
f 1294/1611/795 1249/1610/795 1295/1612/795
f 1295/1612/795 1249/1610/795 1248/1613/795
f 1295/1612/795 1248/1613/795 1296/1614/795
f 1296/1614/795 1248/1613/795 1247/1615/795
f 1296/1614/795 1247/1615/795 1297/1616/795
f 1297/1616/795 1247/1615/795 1246/1617/795
f 1297/1616/795 1246/1617/795 1298/1618/795
f 1298/1618/795 1246/1617/795 1245/1619/795
f 1298/1618/795 1245/1619/795 1299/1620/795
f 1299/1620/795 1245/1619/795 1300/1621/795
f 1300/1621/795 1245/1619/795 1244/1622/795
f 1300/1621/795 1244/1622/795 1301/1623/795
f 1301/1623/795 1244/1622/795 1243/1624/795
f 1301/1623/795 1243/1624/795 1302/1625/795
f 1302/1625/795 1243/1624/795 1242/1626/795
f 1302/1625/795 1242/1626/795 1303/1627/795
f 1303/1627/795 1242/1626/795 1241/1628/795
f 1303/1627/795 1241/1628/795 1304/1629/795
f 1304/1629/795 1241/1628/795 1240/1424/795
f 1304/1629/795 1240/1424/795 1305/1630/795
f 1305/1630/795 1240/1424/795 1306/1631/795
f 1306/1631/795 1240/1424/795 1262/1632/795
f 1306/1631/795 1262/1632/795 1307/1633/795
f 1307/1633/795 1262/1632/795 1261/1634/795
f 1307/1633/795 1261/1634/795 1308/1635/795
f 1308/1635/795 1261/1634/795 1260/1636/795
f 1308/1635/795 1260/1636/795 1309/1637/795
f 1309/1637/795 1260/1636/795 1259/1638/795
f 1309/1637/795 1259/1638/795 1310/1639/795
f 1310/1639/795 1259/1638/795 1258/1640/795
f 1310/1639/795 1258/1640/795 1311/1641/795
f 1311/1641/795 1258/1640/795 1312/1642/795
f 1312/1642/795 1258/1640/795 1257/1643/795
f 1312/1642/795 1257/1643/795 1313/1644/795
f 1313/1644/795 1257/1643/795 1256/1645/795
f 1313/1644/795 1256/1645/795 1314/1646/795
f 1314/1646/795 1256/1645/795 1255/1647/795
f 1314/1646/795 1255/1647/795 1315/1648/795
f 1315/1648/795 1255/1647/795 1254/1649/795
f 1315/1648/795 1254/1649/795 1316/1650/795
f 1316/1650/795 1254/1649/795 1317/1651/795
f 1317/1651/795 1254/1649/795 1253/1652/795
f 1317/1651/795 1253/1652/795 1318/1603/795
f 1318/1603/795 1253/1652/795 1252/1604/795
f 1290/1603/153 1229/1604/153 1263/1653/153
f 1263/1653/153 1229/1604/153 1228/1606/153
f 1263/1653/153 1228/1606/153 1264/1607/153
f 1264/1607/153 1228/1606/153 1227/1608/153
f 1264/1607/153 1227/1608/153 1265/1609/153
f 1265/1609/153 1227/1608/153 1226/1610/153
f 1265/1609/153 1226/1610/153 1266/1611/153
f 1266/1611/153 1226/1610/153 1267/1612/153
f 1267/1612/153 1226/1610/153 1225/1613/153
f 1267/1612/153 1225/1613/153 1268/1614/153
f 1268/1614/153 1225/1613/153 1224/1615/153
f 1268/1614/153 1224/1615/153 1269/1616/153
f 1269/1616/153 1224/1615/153 1223/1617/153
f 1269/1616/153 1223/1617/153 1270/1618/153
f 1270/1618/153 1223/1617/153 1222/1619/153
f 1270/1618/153 1222/1619/153 1271/1620/153
f 1271/1620/153 1222/1619/153 1272/1621/153
f 1272/1621/153 1222/1619/153 1221/1622/153
f 1272/1621/153 1221/1622/153 1273/1623/153
f 1273/1623/153 1221/1622/153 1220/1624/153
f 1273/1623/153 1220/1624/153 1274/1625/153
f 1274/1625/153 1220/1624/153 1219/1626/153
f 1274/1625/153 1219/1626/153 1275/1627/153
f 1275/1627/153 1219/1626/153 1218/1628/153
f 1275/1627/153 1218/1628/153 1276/1629/153
f 1276/1629/153 1218/1628/153 1217/1424/153
f 1276/1629/153 1217/1424/153 1277/1654/153
f 1277/1654/153 1217/1424/153 1278/1631/153
f 1278/1631/153 1217/1424/153 1239/1632/153
f 1278/1631/153 1239/1632/153 1279/1633/153
f 1279/1633/153 1239/1632/153 1238/1634/153
f 1279/1633/153 1238/1634/153 1280/1635/153
f 1280/1635/153 1238/1634/153 1237/1636/153
f 1280/1635/153 1237/1636/153 1281/1637/153
f 1281/1637/153 1237/1636/153 1236/1638/153
f 1281/1637/153 1236/1638/153 1282/1639/153
f 1282/1639/153 1236/1638/153 1235/1640/153
f 1282/1639/153 1235/1640/153 1283/1641/153
f 1283/1641/153 1235/1640/153 1284/1642/153
f 1284/1642/153 1235/1640/153 1234/1643/153
f 1284/1642/153 1234/1643/153 1285/1644/153
f 1285/1644/153 1234/1643/153 1233/1645/153
f 1285/1644/153 1233/1645/153 1286/1646/153
f 1286/1646/153 1233/1645/153 1232/1647/153
f 1286/1646/153 1232/1647/153 1287/1648/153
f 1287/1648/153 1232/1647/153 1231/1649/153
f 1287/1648/153 1231/1649/153 1288/1650/153
f 1288/1650/153 1231/1649/153 1289/1651/153
f 1289/1651/153 1231/1649/153 1230/1652/153
f 1289/1651/153 1230/1652/153 1290/1603/153
f 1290/1603/153 1230/1652/153 1229/1604/153
f 1320/1655/1120 1358/1656/1120 1319/1657/315
f 1319/1657/315 1358/1656/1120 1339/1658/315
f 1319/1659/273 1339/1660/273 1338/1661/924
f 1338/1661/924 1339/1660/273 1340/1662/924
f 1338/1661/926 1340/1662/926 1337/1663/1119
f 1337/1663/1119 1340/1662/926 1341/1664/1119
f 1337/1663/1175 1341/1664/1175 1336/1665/1245
f 1336/1665/929 1341/1664/1118 1342/1666/929
f 1336/1665/930 1342/1666/930 1335/1667/1117
f 1335/1667/1117 1342/1666/930 1343/1668/1117
f 1335/1667/1116 1343/1668/1116 1334/1669/342
f 1334/1669/342 1343/1668/1116 1344/1670/342
f 1334/1669/361 1344/1670/361 1333/1671/1115
f 1333/1671/1115 1344/1670/361 1345/1672/1115
f 1333/1671/1114 1345/1672/1114 1332/1673/939
f 1332/1673/939 1345/1672/1114 1346/1674/939
f 1332/1673/940 1346/1674/940 1331/1675/1246
f 1331/1675/1112 1346/1674/1113 1347/1676/1112
f 1331/1675/1111 1347/1676/1111 1330/1677/943
f 1330/1677/943 1347/1676/1111 1348/1678/943
f 1330/1677/944 1348/1678/944 1329/39/896
f 1329/39/896 1348/1678/944 1349/1679/896
f 1329/39/894 1349/1679/894 1328/1680/949
f 1328/1680/949 1349/1679/894 1350/1681/949
f 1328/1680/950 1350/1681/950 1327/1682/1130
f 1327/1682/1130 1350/1681/950 1351/1683/1130
f 1327/1682/1128 1351/1683/1128 1326/1684/1129
f 1326/1684/953 1351/1683/1127 1352/1685/953
f 1326/1684/954 1352/1685/954 1325/1686/1126
f 1325/1686/1126 1352/1685/954 1353/1687/1126
f 1325/1686/1125 1353/1687/1125 1324/1688/200
f 1324/1688/200 1353/1687/1125 1354/1689/200
f 1324/1688/300 1354/1689/300 1323/1690/1124
f 1323/1690/1124 1354/1689/300 1355/1691/1124
f 1323/1690/1123 1355/1691/1123 1322/1692/914
f 1322/1692/914 1355/1691/1123 1356/1693/914
f 1322/1692/915 1356/1693/915 1321/1694/1122
f 1321/1694/1162 1356/1693/1247 1357/1695/1162
f 1321/1694/1121 1357/1695/1121 1320/1655/918
f 1320/1655/918 1357/1695/1121 1358/1656/918
f 1360/1504/1191 1404/1696/1191 1359/1502/273
f 1359/1502/273 1404/1696/1191 1382/1697/273
f 1359/1500/315 1382/1698/315 1381/1498/1190
f 1381/1498/1190 1382/1698/315 1383/1699/1190
f 1381/1498/1240 1383/1699/1240 1380/1544/1239
f 1380/1544/1239 1383/1699/1240 1384/1700/1239
f 1380/1544/1237 1384/1700/1237 1379/1701/1236
f 1379/1701/1236 1384/1700/1237 1385/1702/1236
f 1379/1701/1234 1385/1702/1234 1378/1703/1248
f 1378/1703/1233 1385/1702/1249 1386/1704/1233
f 1378/1703/1231 1386/1704/1231 1377/1538/1232
f 1377/1538/1230 1386/1704/1231 1387/1705/1230
f 1377/1538/1229 1387/1705/1229 1376/1536/1228
f 1376/1536/1228 1387/1705/1229 1388/1706/1228
f 1376/1536/1227 1388/1706/1227 1375/1534/1226
f 1375/1534/1226 1388/1706/1227 1389/1707/1226
f 1375/1534/1225 1389/1707/1225 1374/1532/1224
f 1374/1532/1224 1389/1707/1225 1390/1708/1224
f 1374/1532/1223 1390/1708/1223 1373/1530/1250
f 1373/1530/1222 1390/1708/1251 1391/1709/1222
f 1373/1530/1221 1391/1709/1221 1372/1528/1220
f 1372/1528/1220 1391/1709/1221 1392/1710/1220
f 1372/1528/1218 1392/1710/1218 1371/1526/1252
f 1371/1526/1217 1392/1710/1218 1393/1711/1217
f 1371/1526/1216 1393/1711/1216 1370/1524/1215
f 1370/1524/1215 1393/1711/1216 1394/1712/1215
f 1370/1524/1214 1394/1712/1214 1369/1522/1212
f 1369/1522/1212 1394/1712/1213 1395/1713/1212
f 1369/1522/1211 1395/1713/1211 1368/1520/1210
f 1368/1520/1210 1395/1713/1211 1396/1714/1210
f 1368/1520/1209 1396/1714/1209 1367/1518/1208
f 1367/1518/1208 1396/1714/1253 1397/1715/1208
f 1367/1518/1207 1397/1715/1207 1366/1516/1206
f 1366/1516/1206 1397/1715/1207 1398/1716/1206
f 1366/1516/1205 1398/1716/1205 1365/1514/1204
f 1365/1514/1204 1398/1716/1205 1399/1717/1204
f 1365/1514/1203 1399/1717/1203 1364/1512/1202
f 1364/1512/1202 1399/1717/1203 1400/1718/1202
f 1364/1512/1201 1400/1718/1201 1363/1510/1199
f 1363/1510/1199 1400/1718/1200 1401/1719/1199
f 1363/1510/1198 1401/1719/1198 1362/1508/1197
f 1362/1508/1197 1401/1719/1198 1402/1720/1197
f 1362/1508/1195 1402/1720/1195 1361/1506/1196
f 1361/1506/1196 1402/1720/1195 1403/1721/1196
f 1361/1506/1193 1403/1721/1193 1360/1504/1192
f 1360/1504/1192 1403/1721/1193 1404/1696/1192
f 1383/1722/795 1382/1426/795 1349/1723/795
f 1349/1723/795 1382/1426/795 1404/1724/795
f 1349/1723/795 1404/1724/795 1350/1725/795
f 1350/1725/795 1404/1724/795 1403/1726/795
f 1350/1725/795 1403/1726/795 1351/1727/795
f 1351/1727/795 1403/1726/795 1402/1728/795
f 1351/1727/795 1402/1728/795 1352/1729/795
f 1352/1729/795 1402/1728/795 1401/1730/795
f 1352/1729/795 1401/1730/795 1353/1731/795
f 1353/1731/795 1401/1730/795 1400/1732/795
f 1353/1731/795 1400/1732/795 1354/1733/795
f 1354/1733/795 1400/1732/795 1399/1734/795
f 1354/1733/795 1399/1734/795 1355/1735/795
f 1355/1735/795 1399/1734/795 1398/1736/795
f 1355/1735/795 1398/1736/795 1356/1737/795
f 1356/1737/795 1398/1736/795 1397/1738/795
f 1356/1737/795 1397/1738/795 1396/1739/795
f 1356/1737/795 1396/1739/795 1357/1740/795
f 1357/1740/795 1396/1739/795 1395/1741/795
f 1357/1740/795 1395/1741/795 1358/1742/795
f 1358/1742/795 1395/1741/795 1394/1743/795
f 1358/1742/795 1394/1743/795 1339/1744/795
f 1339/1744/795 1394/1743/795 1393/1745/795
f 1339/1744/795 1393/1745/795 1340/1746/795
f 1340/1746/795 1393/1745/795 1392/1747/795
f 1340/1746/795 1392/1747/795 1341/1748/795
f 1341/1748/795 1392/1747/795 1391/1749/795
f 1341/1748/795 1391/1749/795 1342/1750/795
f 1342/1750/795 1391/1749/795 1390/1751/795
f 1342/1750/795 1390/1751/795 1389/1752/795
f 1342/1750/795 1389/1752/795 1343/1753/795
f 1343/1753/795 1389/1752/795 1388/1754/795
f 1343/1753/795 1388/1754/795 1344/1158/795
f 1344/1158/795 1388/1754/795 1387/1755/795
f 1344/1158/795 1387/1755/795 1345/1756/795
f 1345/1756/795 1387/1755/795 1386/1757/795
f 1345/1756/795 1386/1757/795 1346/1758/795
f 1346/1758/795 1386/1757/795 1385/1759/795
f 1346/1758/795 1385/1759/795 1347/1760/795
f 1347/1760/795 1385/1759/795 1384/1761/795
f 1347/1760/795 1384/1761/795 1348/1762/795
f 1348/1762/795 1384/1761/795 1383/1722/795
f 1348/1762/795 1383/1722/795 1349/1723/795
f 1360/1722/153 1359/1426/153 1329/1723/153
f 1329/1723/153 1359/1426/153 1381/1724/153
f 1329/1723/153 1381/1724/153 1330/1725/153
f 1330/1725/153 1381/1724/153 1380/1726/153
f 1330/1725/153 1380/1726/153 1331/1727/153
f 1331/1727/153 1380/1726/153 1379/1728/153
f 1331/1727/153 1379/1728/153 1332/1729/153
f 1332/1729/153 1379/1728/153 1378/1730/153
f 1332/1729/153 1378/1730/153 1333/1731/153
f 1333/1731/153 1378/1730/153 1377/1732/153
f 1333/1731/153 1377/1732/153 1334/1733/153
f 1334/1733/153 1377/1732/153 1376/1734/153
f 1334/1733/153 1376/1734/153 1335/1735/153
f 1335/1735/153 1376/1734/153 1375/1736/153
f 1335/1735/153 1375/1736/153 1336/1737/153
f 1336/1737/153 1375/1736/153 1374/1738/153
f 1336/1737/153 1374/1738/153 1373/1739/153
f 1336/1737/153 1373/1739/153 1337/1740/153
f 1337/1740/153 1373/1739/153 1372/1741/153
f 1337/1740/153 1372/1741/153 1338/1742/153
f 1338/1742/153 1372/1741/153 1371/1743/153
f 1338/1742/153 1371/1743/153 1319/1744/153
f 1319/1744/153 1371/1743/153 1370/1745/153
f 1319/1744/153 1370/1745/153 1320/1746/153
f 1320/1746/153 1370/1745/153 1369/1747/153
f 1320/1746/153 1369/1747/153 1321/1748/153
f 1321/1748/153 1369/1747/153 1368/1749/153
f 1321/1748/153 1368/1749/153 1322/1750/153
f 1322/1750/153 1368/1749/153 1367/1751/153
f 1322/1750/153 1367/1751/153 1366/1752/153
f 1322/1750/153 1366/1752/153 1323/1753/153
f 1323/1753/153 1366/1752/153 1365/1754/153
f 1323/1753/153 1365/1754/153 1324/1158/153
f 1324/1158/153 1365/1754/153 1364/1755/153
f 1324/1158/153 1364/1755/153 1325/1756/153
f 1325/1756/153 1364/1755/153 1363/1757/153
f 1325/1756/153 1363/1757/153 1326/1758/153
f 1326/1758/153 1363/1757/153 1362/1759/153
f 1326/1758/153 1362/1759/153 1327/1760/153
f 1327/1760/153 1362/1759/153 1361/1761/153
f 1327/1760/153 1361/1761/153 1328/1762/153
f 1328/1762/153 1361/1761/153 1360/1722/153
f 1328/1762/153 1360/1722/153 1329/1723/153
f 1406/1552/1086 1460/1763/1086 1405/1550/315
f 1405/1550/315 1460/1763/1086 1433/1764/315
f 1405/1548/273 1433/1765/273 1432/1546/1087
f 1432/1546/1087 1433/1765/273 1434/1766/1087
f 1432/1546/1088 1434/1766/1088 1431/1767/1089
f 1431/1767/1089 1434/1766/1088 1435/1768/1089
f 1431/1767/1092 1435/1768/1092 1430/1769/1091
f 1430/1769/1091 1435/1768/1092 1436/1770/1091
f 1430/1769/866 1436/1770/866 1429/1771/1094
f 1429/1771/1143 1436/1770/866 1437/1772/1143
f 1429/1771/1095 1437/1772/1095 1428/1595/1096
f 1428/1595/1096 1437/1772/1095 1438/1773/1096
f 1428/1595/1097 1438/1773/1097 1427/1593/1098
f 1427/1593/1098 1438/1773/1097 1439/1774/1098
f 1427/1593/1099 1439/1774/1099 1426/1591/342
f 1426/1591/342 1439/1774/1099 1440/1775/342
f 1426/1591/361 1440/1775/361 1425/1589/1100
f 1425/1589/1100 1440/1775/361 1441/1776/1100
f 1425/1589/1101 1441/1776/1101 1424/1587/1102
f 1424/1587/1102 1441/1776/1101 1442/1777/1102
f 1424/1587/1103 1442/1777/1103 1423/1585/1104
f 1423/1585/1104 1442/1777/1103 1443/1778/1104
f 1423/1585/1243 1443/1778/1243 1422/1779/1106
f 1422/1779/1254 1443/1778/1105 1444/1780/1254
f 1422/1779/1107 1444/1780/1107 1421/1581/1108
f 1421/1581/1108 1444/1780/1107 1445/1781/1108
f 1421/1581/1109 1445/1781/1109 1420/1579/1110
f 1420/1579/1110 1445/1781/1109 1446/1782/1110
f 1420/1579/1058 1446/1782/1058 1419/39/896
f 1419/39/896 1446/1782/1058 1447/1679/896
f 1419/39/894 1447/1679/894 1418/1576/1060
f 1418/1576/1060 1447/1679/894 1448/1783/1060
f 1418/1576/1061 1448/1783/1061 1417/1574/1062
f 1417/1574/1062 1448/1783/1061 1449/1784/1062
f 1417/1574/1063 1449/1784/1063 1416/1785/1064
f 1416/1785/1064 1449/1784/1063 1450/1786/1064
f 1416/1785/1255 1450/1786/1255 1415/1570/1067
f 1415/1570/1066 1450/1786/1065 1451/1787/1066
f 1415/1570/1069 1451/1787/1069 1414/1568/1070
f 1414/1568/1070 1451/1787/1069 1452/1788/1070
f 1414/1568/1071 1452/1788/1071 1413/1566/1072
f 1413/1566/1072 1452/1788/1071 1453/1789/1072
f 1413/1566/1073 1453/1789/1073 1412/1564/200
f 1412/1564/200 1453/1789/1073 1454/1790/200
f 1412/1564/300 1454/1790/300 1411/1562/1074
f 1411/1562/1074 1454/1790/300 1455/1791/1074
f 1411/1562/1075 1455/1791/1075 1410/1560/1076
f 1410/1560/1076 1455/1791/1075 1456/1792/1076
f 1410/1560/1077 1456/1792/1077 1409/1558/1079
f 1409/1558/1079 1456/1792/1077 1457/1793/1079
f 1409/1558/1080 1457/1793/1080 1408/1556/856
f 1408/1556/856 1457/1793/1081 1458/1794/856
f 1408/1556/1082 1458/1794/1082 1407/1554/1083
f 1407/1554/1083 1458/1794/1082 1459/1795/1083
f 1407/1554/1084 1459/1795/1084 1406/1552/1085
f 1406/1552/1085 1459/1795/1084 1460/1763/1085
f 1462/1796/1170 1520/1797/1170 1461/1798/273
f 1461/1798/273 1520/1797/1170 1491/1799/273
f 1461/1800/315 1491/1801/315 1490/1802/1168
f 1490/1802/1168 1491/1801/315 1492/1803/1168
f 1490/1802/1166 1492/1803/1166 1489/1804/1165
f 1489/1804/1256 1492/1803/1166 1493/1805/1256
f 1489/1804/1164 1493/1805/1164 1488/1806/1121
f 1488/1806/1121 1493/1805/1164 1494/1807/1121
f 1488/1806/1162 1494/1807/1162 1487/1808/1161
f 1487/1808/1161 1494/1807/1162 1495/1809/1161
f 1487/1808/1160 1495/1809/1160 1486/1810/305
f 1486/1810/305 1495/1809/1160 1496/1811/305
f 1486/1810/303 1496/1811/303 1485/1812/1123
f 1485/1812/1123 1496/1811/303 1497/1813/1123
f 1485/1812/1159 1497/1813/1159 1484/1814/1158
f 1484/1814/1158 1497/1813/1159 1498/1815/1158
f 1484/1814/1157 1498/1815/1157 1483/1816/1156
f 1483/1816/1156 1498/1815/1157 1499/1817/1156
f 1483/1816/1155 1499/1817/1155 1482/1818/1154
f 1482/1818/1154 1499/1817/1155 1500/1819/1154
f 1482/1818/1126 1500/1819/1126 1481/1820/787
f 1481/1820/787 1500/1819/1126 1501/1821/787
f 1481/1820/791 1501/1821/791 1480/1822/1153
f 1480/1822/1153 1501/1821/791 1502/1823/1153
f 1480/1822/1152 1502/1823/1152 1479/1824/1128
f 1479/1824/1128 1502/1823/1152 1503/1825/1128
f 1479/1824/1130 1503/1825/1130 1478/1826/1151
f 1478/1826/1151 1503/1825/1130 1504/1827/1151
f 1478/1826/1150 1504/1827/1150 1477/1828/1149
f 1477/1828/1149 1504/1827/1150 1505/1829/1149
f 1477/1828/1257 1505/1829/1257 1476/39/894
f 1476/39/894 1505/1829/1148 1506/1578/894
f 1476/39/896 1506/1578/896 1475/1830/1147
f 1475/1830/1258 1506/1578/896 1507/1831/1258
f 1475/1830/1189 1507/1831/1189 1474/1832/1188
f 1474/1832/1188 1507/1831/1189 1508/1833/1188
f 1474/1832/1187 1508/1833/1187 1473/1834/1111
f 1473/1834/1111 1508/1833/1187 1509/1835/1111
f 1473/1834/1112 1509/1835/1112 1472/1836/1185
f 1472/1836/1185 1509/1835/1112 1510/1837/1185
f 1472/1836/1184 1510/1837/1184 1471/1838/905
f 1471/1838/905 1510/1837/1184 1511/1839/905
f 1471/1838/907 1511/1839/907 1470/1840/1114
f 1470/1840/1114 1511/1839/907 1512/1841/1114
f 1470/1840/1183 1512/1841/1183 1469/1842/1182
f 1469/1842/1182 1512/1841/1183 1513/1843/1182
f 1469/1842/1181 1513/1843/1181 1468/1844/1180
f 1468/1844/1180 1513/1843/1181 1514/1845/1180
f 1468/1844/1179 1514/1845/1179 1467/1846/1178
f 1467/1846/1178 1514/1845/1179 1515/1847/1178
f 1467/1846/1117 1515/1847/1117 1466/1848/880
f 1466/1848/880 1515/1847/1117 1516/1849/880
f 1466/1848/345 1516/1849/345 1465/1850/1177
f 1465/1850/1177 1516/1849/345 1517/1851/1177
f 1465/1850/1176 1517/1851/1176 1464/1852/1175
f 1464/1852/1175 1517/1851/1176 1518/1853/1175
f 1464/1852/1119 1518/1853/1119 1463/1854/1174
f 1463/1854/1174 1518/1853/1119 1519/1855/1174
f 1463/1854/1173 1519/1855/1173 1462/1796/1171
f 1462/1796/1171 1519/1855/1172 1520/1797/1171
f 1492/1856/795 1491/1857/795 1447/1653/795
f 1447/1653/795 1491/1857/795 1520/1858/795
f 1447/1653/795 1520/1858/795 1448/1603/795
f 1448/1603/795 1520/1858/795 1519/1859/795
f 1448/1603/795 1519/1859/795 1449/1651/795
f 1449/1651/795 1519/1859/795 1518/1860/795
f 1449/1651/795 1518/1860/795 1450/1650/795
f 1450/1650/795 1518/1860/795 1517/1861/795
f 1450/1650/795 1517/1861/795 1451/1648/795
f 1451/1648/795 1517/1861/795 1516/1862/795
f 1451/1648/795 1516/1862/795 1452/1646/795
f 1452/1646/795 1516/1862/795 1515/1863/795
f 1452/1646/795 1515/1863/795 1453/1644/795
f 1453/1644/795 1515/1863/795 1514/1864/795
f 1453/1644/795 1514/1864/795 1454/1865/795
f 1454/1865/795 1514/1864/795 1513/1866/795
f 1454/1865/795 1513/1866/795 1455/1641/795
f 1455/1641/795 1513/1866/795 1512/1867/795
f 1455/1641/795 1512/1867/795 1456/1639/795
f 1456/1639/795 1512/1867/795 1511/1868/795
f 1456/1639/795 1511/1868/795 1457/1637/795
f 1457/1637/795 1511/1868/795 1510/1869/795
f 1457/1637/795 1510/1869/795 1458/1635/795
f 1458/1635/795 1510/1869/795 1509/1870/795
f 1458/1635/795 1509/1870/795 1459/1633/795
f 1459/1633/795 1509/1870/795 1508/1871/795
f 1459/1633/795 1508/1871/795 1460/1631/795
f 1460/1631/795 1508/1871/795 1507/1872/795
f 1460/1631/795 1507/1872/795 1433/1630/795
f 1433/1630/795 1507/1872/795 1506/1873/795
f 1433/1630/795 1506/1873/795 1505/1874/795
f 1433/1630/795 1505/1874/795 1434/1629/795
f 1434/1629/795 1505/1874/795 1504/1875/795
f 1434/1629/795 1504/1875/795 1435/1627/795
f 1435/1627/795 1504/1875/795 1503/1876/795
f 1435/1627/795 1503/1876/795 1436/1625/795
f 1436/1625/795 1503/1876/795 1502/1877/795
f 1436/1625/795 1502/1877/795 1437/1623/795
f 1437/1623/795 1502/1877/795 1501/1878/795
f 1437/1623/795 1501/1878/795 1438/1621/795
f 1438/1621/795 1501/1878/795 1500/1879/795
f 1438/1621/795 1500/1879/795 1439/1620/795
f 1439/1620/795 1500/1879/795 1499/1880/795
f 1439/1620/795 1499/1880/795 1440/1618/795
f 1440/1618/795 1499/1880/795 1498/1881/795
f 1440/1618/795 1498/1881/795 1441/1616/795
f 1441/1616/795 1498/1881/795 1497/1882/795
f 1441/1616/795 1497/1882/795 1442/1614/795
f 1442/1614/795 1497/1882/795 1496/1883/795
f 1442/1614/795 1496/1883/795 1443/1612/795
f 1443/1612/795 1496/1883/795 1495/1884/795
f 1443/1612/795 1495/1884/795 1444/1611/795
f 1444/1611/795 1495/1884/795 1494/1885/795
f 1444/1611/795 1494/1885/795 1445/1609/795
f 1445/1609/795 1494/1885/795 1493/1886/795
f 1445/1609/795 1493/1886/795 1446/1607/795
f 1446/1607/795 1493/1886/795 1492/1856/795
f 1446/1607/795 1492/1856/795 1447/1653/795
f 1462/1856/153 1461/1857/153 1419/1605/153
f 1419/1605/153 1461/1857/153 1490/1858/153
f 1419/1605/153 1490/1858/153 1420/1603/153
f 1420/1603/153 1490/1858/153 1489/1859/153
f 1420/1603/153 1489/1859/153 1421/1651/153
f 1421/1651/153 1489/1859/153 1488/1860/153
f 1421/1651/153 1488/1860/153 1422/1650/153
f 1422/1650/153 1488/1860/153 1487/1861/153
f 1422/1650/153 1487/1861/153 1423/1648/153
f 1423/1648/153 1487/1861/153 1486/1862/153
f 1423/1648/153 1486/1862/153 1424/1646/153
f 1424/1646/153 1486/1862/153 1485/1863/153
f 1424/1646/153 1485/1863/153 1425/1644/153
f 1425/1644/153 1485/1863/153 1484/1864/153
f 1425/1644/153 1484/1864/153 1426/1865/153
f 1426/1865/153 1484/1864/153 1483/1866/153
f 1426/1865/153 1483/1866/153 1427/1641/153
f 1427/1641/153 1483/1866/153 1482/1867/153
f 1427/1641/153 1482/1867/153 1428/1639/153
f 1428/1639/153 1482/1867/153 1481/1868/153
f 1428/1639/153 1481/1868/153 1429/1637/153
f 1429/1637/153 1481/1868/153 1480/1869/153
f 1429/1637/153 1480/1869/153 1430/1635/153
f 1430/1635/153 1480/1869/153 1479/1870/153
f 1430/1635/153 1479/1870/153 1431/1633/153
f 1431/1633/153 1479/1870/153 1478/1871/153
f 1431/1633/153 1478/1871/153 1432/1631/153
f 1432/1631/153 1478/1871/153 1477/1872/153
f 1432/1631/153 1477/1872/153 1405/1654/153
f 1405/1654/153 1477/1872/153 1476/1873/153
f 1405/1654/153 1476/1873/153 1475/1874/153
f 1405/1654/153 1475/1874/153 1406/1629/153
f 1406/1629/153 1475/1874/153 1474/1875/153
f 1406/1629/153 1474/1875/153 1407/1627/153
f 1407/1627/153 1474/1875/153 1473/1876/153
f 1407/1627/153 1473/1876/153 1408/1625/153
f 1408/1625/153 1473/1876/153 1472/1877/153
f 1408/1625/153 1472/1877/153 1409/1623/153
f 1409/1623/153 1472/1877/153 1471/1878/153
f 1409/1623/153 1471/1878/153 1410/1621/153
f 1410/1621/153 1471/1878/153 1470/1879/153
f 1410/1621/153 1470/1879/153 1411/1620/153
f 1411/1620/153 1470/1879/153 1469/1880/153
f 1411/1620/153 1469/1880/153 1412/1618/153
f 1412/1618/153 1469/1880/153 1468/1881/153
f 1412/1618/153 1468/1881/153 1413/1616/153
f 1413/1616/153 1468/1881/153 1467/1882/153
f 1413/1616/153 1467/1882/153 1414/1614/153
f 1414/1614/153 1467/1882/153 1466/1883/153
f 1414/1614/153 1466/1883/153 1415/1612/153
f 1415/1612/153 1466/1883/153 1465/1884/153
f 1415/1612/153 1465/1884/153 1416/1611/153
f 1416/1611/153 1465/1884/153 1464/1885/153
f 1416/1611/153 1464/1885/153 1417/1609/153
f 1417/1609/153 1464/1885/153 1463/1886/153
f 1417/1609/153 1463/1886/153 1418/1607/153
f 1418/1607/153 1463/1886/153 1462/1856/153
f 1418/1607/153 1462/1856/153 1419/1605/153
