# Blender 4.2.10 LTS
# www.blender.org
o tmp_export_R_Forearm
v -0.024500 0.007000 -0.015044
v -0.026066 0.007783 -0.013884
v -0.027500 0.008500 -0.012602
v -0.027500 0.009000 -0.013759
v -0.025340 0.009000 -0.017420
v -0.022695 0.009000 -0.020749
v -0.019616 0.009000 -0.023680
v -0.016163 0.009000 -0.026160
v -0.012400 0.009000 -0.028139
v -0.008401 0.009000 -0.029580
v -0.004241 0.009000 -0.030456
v -0.000000 0.009000 -0.030750
v 0.004241 0.009000 -0.030456
v 0.008401 0.009000 -0.029580
v 0.012400 0.009000 -0.028139
v 0.016163 0.009000 -0.026160
v 0.019616 0.009000 -0.023680
v 0.022695 0.009000 -0.020749
v 0.025340 0.009000 -0.017420
v 0.027500 0.009000 -0.013759
v 0.027500 0.008500 -0.012602
v 0.026066 0.007783 -0.013884
v 0.024500 0.007000 -0.015044
v 0.022056 0.007000 -0.018442
v 0.019144 0.007000 -0.021449
v 0.015826 0.007000 -0.024002
v 0.012173 0.007000 -0.026046
v 0.008261 0.007000 -0.027537
v 0.004175 0.007000 -0.028445
v -0.000000 0.007000 -0.028750
v -0.004175 0.007000 -0.028445
v -0.008261 0.007000 -0.027537
v -0.012173 0.007000 -0.026046
v -0.015826 0.007000 -0.024002
v -0.019144 0.007000 -0.021449
v -0.022056 0.007000 -0.018442
v -0.027500 0.008500 -0.000000
v -0.027500 0.026500 -0.000000
v -0.027500 0.026500 -0.089318
v -0.027500 0.008500 -0.089318
v -0.027500 0.008500 -0.089152
v -0.027500 0.008500 -0.025861
v -0.027500 0.009000 -0.025126
v -0.027500 0.010500 -0.025126
v -0.027500 0.012000 -0.022843
v -0.027500 0.012000 -0.016847
v -0.027500 0.010500 -0.013759
v -0.025340 0.010500 -0.017420
v -0.022695 0.010500 -0.020749
v -0.019616 0.010500 -0.023680
v -0.016163 0.010500 -0.026160
v -0.012400 0.010500 -0.028139
v -0.008401 0.010500 -0.029580
v -0.004241 0.010500 -0.030456
v -0.000000 0.010500 -0.030750
v 0.004241 0.010500 -0.030456
v 0.008401 0.010500 -0.029580
v 0.012400 0.010500 -0.028139
v 0.016163 0.010500 -0.026160
v 0.019616 0.010500 -0.023680
v 0.022695 0.010500 -0.020749
v 0.025340 0.010500 -0.017420
v 0.027500 0.010500 -0.013759
v 0.027500 0.012000 -0.016847
v 0.027500 0.012000 -0.022843
v 0.027500 0.010500 -0.025126
v 0.027500 0.009000 -0.025126
v 0.027500 0.008500 -0.025861
v 0.027500 0.008500 -0.077929
v 0.027500 0.026500 -0.077929
v 0.027500 0.026500 0.000000
v 0.027500 0.008500 0.000000
v 0.024500 0.007000 -0.030665
v 0.024074 0.009000 -0.028425
v 0.020256 0.009000 -0.031261
v 0.016108 0.009000 -0.033587
v 0.011697 0.009000 -0.035366
v 0.007095 0.009000 -0.036568
v 0.002378 0.009000 -0.037174
v -0.002378 0.009000 -0.037174
v -0.007095 0.009000 -0.036568
v -0.011697 0.009000 -0.035366
v -0.016108 0.009000 -0.033587
v -0.020256 0.009000 -0.031261
v -0.024074 0.009000 -0.028425
v -0.024500 0.007000 -0.030665
v -0.020567 0.007000 -0.033430
v -0.016326 0.007000 -0.035694
v -0.011839 0.007000 -0.037422
v -0.007175 0.007000 -0.038589
v -0.002404 0.007000 -0.039176
v 0.002404 0.007000 -0.039176
v 0.007175 0.007000 -0.038589
v 0.011839 0.007000 -0.037422
v 0.016326 0.007000 -0.035694
v 0.020567 0.007000 -0.033430
v 0.024500 0.007000 -0.077831
v 0.027379 0.008439 -0.079024
v 0.024074 0.010500 -0.028425
v 0.020256 0.010500 -0.031261
v 0.016108 0.010500 -0.033587
v 0.011697 0.010500 -0.035366
v 0.007095 0.010500 -0.036568
v 0.002378 0.010500 -0.037174
v -0.002378 0.010500 -0.037174
v -0.007095 0.010500 -0.036568
v -0.011697 0.010500 -0.035366
v -0.016108 0.010500 -0.033587
v -0.020256 0.010500 -0.031261
v -0.024074 0.010500 -0.028425
v -0.024959 0.012000 -0.020424
v -0.021956 0.012000 -0.023622
v -0.018546 0.012000 -0.026384
v -0.014793 0.012000 -0.028657
v -0.010767 0.012000 -0.030400
v -0.006541 0.012000 -0.031580
v -0.002194 0.012000 -0.032175
v 0.002194 0.012000 -0.032175
v 0.006541 0.012000 -0.031580
v 0.010767 0.012000 -0.030400
v 0.014793 0.012000 -0.028657
v 0.018546 0.012000 -0.026384
v 0.021956 0.012000 -0.023622
v 0.024959 0.012000 -0.020424
v -0.024428 0.012000 -0.026103
v -0.020972 0.012000 -0.028952
v -0.017187 0.012000 -0.031348
v -0.013132 0.012000 -0.033251
v -0.008871 0.012000 -0.034632
v -0.004470 0.012000 -0.035469
v -0.000000 0.012000 -0.035750
v 0.004470 0.012000 -0.035469
v 0.008871 0.012000 -0.034632
v 0.013132 0.012000 -0.033251
v 0.017187 0.012000 -0.031348
v 0.020972 0.012000 -0.028952
v 0.024428 0.012000 -0.026103
v -0.024500 0.007000 -0.088015
v -0.024359 0.007000 -0.088809
v -0.023938 0.007000 -0.089497
v -0.017290 0.007000 -0.097004
v -0.016688 0.007000 -0.097455
v -0.015951 0.007000 -0.097607
v 0.004910 0.007000 -0.097607
v 0.005596 0.007000 -0.097475
v 0.006175 0.007000 -0.097083
v 0.023845 0.007000 -0.079412
v 0.024335 0.007000 -0.078689
v -0.009500 0.007000 -0.039746
v -0.009440 0.007000 -0.039400
v -0.009365 0.007000 -0.039261
v -0.009254 0.007000 -0.039148
v -0.009115 0.007000 -0.039072
v -0.008960 0.007000 -0.039035
v -0.008640 0.007000 -0.039056
v -0.004346 0.007000 -0.039763
v -0.000000 0.007000 -0.040000
v 0.004346 0.007000 -0.039763
v 0.008640 0.007000 -0.039056
v 0.008990 0.007000 -0.039039
v 0.009143 0.007000 -0.039083
v 0.009277 0.007000 -0.039167
v 0.009382 0.007000 -0.039286
v 0.009451 0.007000 -0.039429
v 0.009500 0.007000 -0.039746
v 0.009500 0.007000 -0.072251
v 0.009447 0.007000 -0.072522
v 0.009293 0.007000 -0.072751
v -0.000355 0.007000 -0.082399
v -0.000584 0.007000 -0.082554
v -0.000855 0.007000 -0.082607
v -0.008793 0.007000 -0.082607
v -0.009086 0.007000 -0.082558
v -0.009311 0.007000 -0.082417
v -0.009452 0.007000 -0.082192
v -0.009500 0.007000 -0.081899
v 0.019000 0.004250 0.000000
v 0.019066 0.004283 -0.000479
v 0.019268 0.004384 -0.000969
v 0.019614 0.004557 -0.001481
v 0.020121 0.004810 -0.002027
v 0.020814 0.005157 -0.002625
v 0.021732 0.005616 -0.003295
v 0.022932 0.006216 -0.004065
v 0.024500 0.007000 -0.004975
v -0.006349 0.026500 -0.041517
v -0.006349 0.009000 -0.041517
v -0.006638 0.009043 -0.041515
v -0.006907 0.009106 -0.041593
v -0.007149 0.009128 -0.041745
v -0.007338 0.009106 -0.041960
v -0.007457 0.009043 -0.042214
v -0.007500 0.009000 -0.042506
v -0.007500 0.026500 -0.042506
v -0.007409 0.026500 -0.042088
v -0.007151 0.026500 -0.041747
v -0.006775 0.026500 -0.041545
v -0.006775 0.017750 -0.041545
v -0.007150 0.017750 -0.041746
v -0.007409 0.017750 -0.042088
v -0.007500 0.009000 -0.042163
v -0.006680 0.009000 -0.041465
v -0.008738 0.007703 -0.040269
v -0.008213 0.007674 -0.039863
v -0.008674 0.007722 -0.040201
v -0.008454 0.007733 -0.040012
v -0.007014 0.008891 -0.041325
v -0.007249 0.008948 -0.041477
v -0.007462 0.008937 -0.041666
v -0.007523 0.008919 -0.041734
v -0.002124 0.026500 -0.041946
v 0.002124 0.026500 -0.041946
v 0.006349 0.026500 -0.041517
v 0.006349 0.009000 -0.041517
v 0.002124 0.009000 -0.041946
v -0.002124 0.009000 -0.041946
v 0.006638 0.009043 -0.041515
v 0.006680 0.009000 -0.041465
v -0.001805 0.026500 -0.080607
v -0.001805 0.009000 -0.080607
v -0.001687 0.009007 -0.080600
v -0.001508 0.009022 -0.080562
v -0.001340 0.009022 -0.080492
v -0.001187 0.009007 -0.080392
v -0.001098 0.009000 -0.080314
v -0.001098 0.026500 -0.080314
v -0.001305 0.026500 -0.080473
v -0.001546 0.026500 -0.080573
v -0.001422 0.017750 -0.080530
v -0.006500 0.026500 -0.080607
v -0.006500 0.009000 -0.080607
v -0.006759 0.009034 -0.080573
v -0.007500 0.026500 -0.079607
v -0.007500 0.009000 -0.079607
v -0.007466 0.009034 -0.079865
v -0.007366 0.009086 -0.080107
v -0.007207 0.009103 -0.080314
v -0.007000 0.009086 -0.080473
v -0.007000 0.026500 -0.080473
v -0.007366 0.026500 -0.080107
v -0.007366 0.017750 -0.080107
v -0.007000 0.017750 -0.080473
v 0.007207 0.026500 -0.072009
v 0.007207 0.009000 -0.072009
v 0.007286 0.009007 -0.071920
v 0.007385 0.009022 -0.071767
v 0.007455 0.009022 -0.071598
v 0.007493 0.009007 -0.071420
v 0.007500 0.009000 -0.071302
v 0.007500 0.026500 -0.071302
v 0.007466 0.026500 -0.071560
v 0.007366 0.026500 -0.071802
v 0.007424 0.017750 -0.071684
v 0.007500 0.026500 -0.042506
v 0.007500 0.009000 -0.042506
v 0.007457 0.009043 -0.042214
v 0.007338 0.009106 -0.041961
v 0.007150 0.009128 -0.041746
v 0.006908 0.009106 -0.041593
v 0.006775 0.026500 -0.041545
v 0.007151 0.026500 -0.041747
v 0.007409 0.026500 -0.042088
v 0.007409 0.017750 -0.042088
v 0.007151 0.017750 -0.041747
v 0.006775 0.017750 -0.041545
v 0.007500 0.009000 -0.042163
v 0.007589 0.008853 -0.041656
v 0.008246 0.007640 -0.039821
v 0.008488 0.007700 -0.039970
v 0.008708 0.007688 -0.040160
v 0.008772 0.007669 -0.040227
v 0.007527 0.008872 -0.041589
v 0.007314 0.008883 -0.041399
v 0.007078 0.008826 -0.041248
v 0.023462 0.007000 -0.008634
v 0.021881 0.007000 -0.012093
v 0.019793 0.007000 -0.015272
v 0.017248 0.007000 -0.018097
v 0.014303 0.007000 -0.020504
v 0.011027 0.007000 -0.022436
v 0.007497 0.007000 -0.023850
v 0.003792 0.007000 -0.024711
v -0.000000 0.007000 -0.025000
v -0.003792 0.007000 -0.024711
v -0.007497 0.007000 -0.023850
v -0.011027 0.007000 -0.022436
v -0.014303 0.007000 -0.020504
v -0.017248 0.007000 -0.018097
v -0.019793 0.007000 -0.015272
v -0.021881 0.007000 -0.012093
v -0.023462 0.007000 -0.008634
v -0.024500 0.007000 -0.004975
v -0.007277 0.017500 -0.162796
v -0.007331 0.016750 -0.162602
v -0.007478 0.016201 -0.162073
v -0.007679 0.016000 -0.161350
v -0.007879 0.016201 -0.160627
v -0.008026 0.016750 -0.160098
v -0.008080 0.017500 -0.159904
v -0.008026 0.018250 -0.160098
v -0.007879 0.018799 -0.160627
v -0.007679 0.019000 -0.161350
v -0.007478 0.018799 -0.162073
v -0.007331 0.018250 -0.162602
v 0.031372 0.017500 -0.153193
v 0.031329 0.018250 -0.152997
v 0.031211 0.018799 -0.152460
v 0.031051 0.019000 -0.151727
v 0.030890 0.018799 -0.150994
v 0.030772 0.018250 -0.150458
v 0.030729 0.017500 -0.150262
v 0.030772 0.016750 -0.150458
v 0.030890 0.016201 -0.150994
v 0.031051 0.016000 -0.151727
v 0.031211 0.016201 -0.152460
v 0.031329 0.016750 -0.152997
v 0.005580 0.017500 -0.159602
v 0.018516 0.017500 -0.156387
v 0.005531 0.016750 -0.159406
v 0.018467 0.016750 -0.156192
v 0.005399 0.016201 -0.158874
v 0.018335 0.016201 -0.155659
v 0.005218 0.016000 -0.158146
v 0.018154 0.016000 -0.154932
v 0.005037 0.016201 -0.157418
v 0.017973 0.016201 -0.154204
v 0.004905 0.016750 -0.156885
v 0.017841 0.016750 -0.153671
v 0.004856 0.017500 -0.156690
v 0.017792 0.017500 -0.153476
v 0.004905 0.018250 -0.156885
v 0.017841 0.018250 -0.153671
v 0.005037 0.018799 -0.157418
v 0.017973 0.018799 -0.154204
v 0.005218 0.019000 -0.158146
v 0.018154 0.019000 -0.154932
v 0.005399 0.018799 -0.158874
v 0.018335 0.018799 -0.155659
v 0.005531 0.018250 -0.159406
v 0.018467 0.018250 -0.156192
v 0.018711 0.004250 0.003299
v 0.017854 0.004250 0.006498
v 0.016454 0.004250 0.009500
v 0.014555 0.004250 0.012213
v 0.012213 0.004250 0.014555
v 0.009500 0.004250 0.016454
v 0.006498 0.004250 0.017854
v 0.003299 0.004250 0.018711
v -0.000000 0.004250 0.019000
v -0.003299 0.004250 0.018711
v -0.006498 0.004250 0.017854
v -0.009500 0.004250 0.016454
v -0.012213 0.004250 0.014555
v -0.014555 0.004250 0.012213
v -0.016454 0.004250 0.009500
v -0.017854 0.004250 0.006498
v -0.018711 0.004250 0.003299
v -0.019000 0.004250 -0.000000
v -0.019066 0.004283 -0.000479
v -0.019268 0.004384 -0.000969
v -0.019614 0.004557 -0.001481
v -0.020121 0.004810 -0.002027
v -0.020814 0.005157 -0.002625
v -0.021732 0.005616 -0.003295
v -0.022932 0.006216 -0.004065
v 0.013000 0.001500 0.000000
v 0.012696 0.001500 -0.002795
v 0.011798 0.001500 -0.005459
v 0.010349 0.001500 -0.007867
v 0.008416 0.001500 -0.009908
v 0.006089 0.001500 -0.011486
v 0.003478 0.001500 -0.012526
v 0.000704 0.001500 -0.012981
v -0.002103 0.001500 -0.012829
v -0.004812 0.001500 -0.012077
v -0.007295 0.001500 -0.010760
v -0.009438 0.001500 -0.008940
v -0.011139 0.001500 -0.006702
v -0.012319 0.001500 -0.004151
v -0.012924 0.001500 -0.001406
v -0.012924 0.001500 0.001406
v -0.012319 0.001500 0.004151
v -0.011139 0.001500 0.006702
v -0.009438 0.001500 0.008940
v -0.007295 0.001500 0.010760
v -0.004812 0.001500 0.012077
v -0.002103 0.001500 0.012829
v 0.000704 0.001500 0.012981
v 0.003478 0.001500 0.012526
v 0.006089 0.001500 0.011486
v 0.008416 0.001500 0.009908
v 0.010349 0.001500 0.007867
v 0.011798 0.001500 0.005459
v 0.012696 0.001500 0.002795
v -0.013000 -0.000000 -0.000000
v -0.012696 -0.000000 0.002795
v -0.011798 -0.000000 0.005459
v -0.010349 -0.000000 0.007867
v -0.008416 -0.000000 0.009908
v -0.006089 -0.000000 0.011486
v -0.003478 -0.000000 0.012526
v -0.000704 -0.000000 0.012981
v 0.002103 0.000000 0.012829
v 0.004812 0.000000 0.012077
v 0.007295 0.000000 0.010760
v 0.009438 0.000000 0.008940
v 0.011139 0.000000 0.006702
v 0.012319 0.000000 0.004151
v 0.012924 0.000000 0.001406
v 0.012924 0.000000 -0.001406
v 0.012319 0.000000 -0.004151
v 0.011139 0.000000 -0.006702
v 0.009438 0.000000 -0.008940
v 0.007295 0.000000 -0.010760
v 0.004812 0.000000 -0.012077
v 0.002103 0.000000 -0.012829
v -0.000704 -0.000000 -0.012981
v -0.003478 -0.000000 -0.012526
v -0.006089 -0.000000 -0.011486
v -0.008416 -0.000000 -0.009908
v -0.010349 -0.000000 -0.007867
v -0.011798 -0.000000 -0.005459
v -0.012696 -0.000000 -0.002795
v -0.018640 0.008500 -0.100004
v -0.018038 0.008500 -0.100455
v -0.017301 0.008500 -0.100607
v 0.006152 0.008500 -0.100607
v 0.006839 0.008500 -0.100475
v 0.007417 0.008500 -0.100083
v -0.027494 0.008500 -0.089318
v -0.027329 0.008500 -0.090020
v -0.026938 0.008500 -0.090635
v -0.027318 0.008500 -0.090657
v -0.027419 0.008500 -0.090217
v -0.027480 0.008500 -0.089769
v -0.027480 0.026500 -0.089769
v -0.027419 0.026500 -0.090217
v -0.027318 0.026500 -0.090657
v 0.034150 0.008500 -0.190000
v 0.033841 0.008500 -0.192942
v 0.032927 0.008500 -0.195755
v 0.031448 0.008500 -0.198317
v 0.029468 0.008500 -0.200515
v 0.027075 0.008500 -0.202254
v 0.024373 0.008500 -0.203457
v 0.021479 0.008500 -0.204072
v 0.018521 0.008500 -0.204072
v 0.015627 0.008500 -0.203457
v 0.012925 0.008500 -0.202254
v 0.010532 0.008500 -0.200515
v 0.008552 0.008500 -0.198317
v 0.007073 0.008500 -0.195755
v 0.006159 0.008500 -0.192942
v 0.005850 0.008500 -0.190000
v 0.006159 0.008500 -0.187058
v 0.007073 0.008500 -0.184245
v 0.008552 0.008500 -0.181683
v 0.010532 0.008500 -0.179485
v 0.012925 0.008500 -0.177746
v 0.015627 0.008500 -0.176543
v 0.018521 0.008500 -0.175928
v 0.021479 0.008500 -0.175928
v 0.024373 0.008500 -0.176543
v 0.027075 0.008500 -0.177746
v 0.029468 0.008500 -0.179485
v 0.031448 0.008500 -0.181683
v 0.032927 0.008500 -0.184245
v 0.033841 0.008500 -0.187058
v 0.001693 0.008500 -0.195086
v 0.002913 0.008500 -0.198308
v 0.004694 0.008500 -0.201257
v 0.006978 0.008500 -0.203836
v 0.009690 0.008500 -0.205960
v 0.012742 0.008500 -0.207559
v 0.016032 0.008500 -0.208581
v 0.019452 0.008500 -0.208992
v 0.022891 0.008500 -0.208779
v 0.026234 0.008500 -0.207948
v 0.029373 0.008500 -0.206527
v 0.032203 0.008500 -0.204563
v 0.034632 0.008500 -0.202120
v 0.036580 0.008500 -0.199279
v 0.037983 0.008500 -0.196132
v 0.038795 0.008500 -0.192784
v 0.038989 0.008500 -0.189344
v 0.038558 0.008500 -0.185926
v 0.018087 0.008500 -0.092673
v 0.018005 0.008500 -0.091013
v 0.018472 0.008500 -0.089419
v 0.019435 0.008500 -0.088065
v 0.018087 0.026500 -0.092673
v 0.018005 0.026500 -0.091013
v 0.018472 0.026500 -0.089419
v 0.019435 0.026500 -0.088065
v 0.026036 0.026500 -0.081464
v 0.026036 0.008500 -0.081464
v 0.026830 0.026500 -0.080429
v 0.027330 0.026500 -0.079223
v 0.027119 0.008392 -0.079842
v 0.026724 0.008439 -0.080605
v -0.027193 0.026500 0.004099
v -0.026278 0.026500 0.008106
v -0.024777 0.026500 0.011932
v -0.022722 0.026500 0.015491
v -0.020159 0.026500 0.018705
v -0.017146 0.026500 0.021500
v -0.013750 0.026500 0.023816
v -0.010047 0.026500 0.025599
v -0.006119 0.026500 0.026811
v -0.002055 0.026500 0.027423
v 0.002055 0.026500 0.027423
v 0.006119 0.026500 0.026811
v 0.010047 0.026500 0.025599
v 0.013750 0.026500 0.023816
v 0.017146 0.026500 0.021500
v 0.020159 0.026500 0.018705
v 0.022722 0.026500 0.015491
v 0.024777 0.026500 0.011932
v 0.026278 0.026500 0.008106
v 0.027193 0.026500 0.004099
v 0.038558 0.026500 -0.185926
v 0.038989 0.026500 -0.189344
v 0.038795 0.026500 -0.192784
v 0.037983 0.026500 -0.196132
v 0.036580 0.026500 -0.199279
v 0.034632 0.026500 -0.202120
v 0.032203 0.026500 -0.204563
v 0.029373 0.026500 -0.206527
v 0.026234 0.026500 -0.207948
v 0.022891 0.026500 -0.208779
v 0.019452 0.026500 -0.208992
v 0.016032 0.026500 -0.208581
v 0.012742 0.026500 -0.207559
v 0.009690 0.026500 -0.205960
v 0.006978 0.026500 -0.203836
v 0.004694 0.026500 -0.201257
v 0.002913 0.026500 -0.198308
v 0.001693 0.026500 -0.195086
v 0.007160 0.026500 0.005000
v 0.007361 0.026500 0.004250
v 0.007910 0.026500 0.003701
v 0.008660 0.026500 0.003500
v 0.009410 0.026500 0.003701
v 0.009959 0.026500 0.004250
v 0.010160 0.026500 0.005000
v 0.009959 0.026500 0.005750
v 0.009410 0.026500 0.006299
v 0.008660 0.026500 0.006500
v 0.007910 0.026500 0.006299
v 0.007361 0.026500 0.005750
v -0.010160 0.026500 0.005000
v -0.009959 0.026500 0.004250
v -0.009410 0.026500 0.003701
v -0.008660 0.026500 0.003500
v -0.007910 0.026500 0.003701
v -0.007361 0.026500 0.004250
v -0.007160 0.026500 0.005000
v -0.007361 0.026500 0.005750
v -0.007910 0.026500 0.006299
v -0.008660 0.026500 0.006500
v -0.009410 0.026500 0.006299
v -0.009959 0.026500 0.005750
v -0.010160 0.026500 -0.005000
v -0.009959 0.026500 -0.005750
v -0.009410 0.026500 -0.006299
v -0.008660 0.026500 -0.006500
v -0.007910 0.026500 -0.006299
v -0.007361 0.026500 -0.005750
v -0.007160 0.026500 -0.005000
v -0.007361 0.026500 -0.004250
v -0.007910 0.026500 -0.003701
v -0.008660 0.026500 -0.003500
v -0.009410 0.026500 -0.003701
v -0.009959 0.026500 -0.004250
v -0.001500 0.026500 0.010000
v -0.001299 0.026500 0.009250
v -0.000750 0.026500 0.008701
v -0.000000 0.026500 0.008500
v 0.000750 0.026500 0.008701
v 0.001299 0.026500 0.009250
v 0.001500 0.026500 0.010000
v 0.001299 0.026500 0.010750
v 0.000750 0.026500 0.011299
v -0.000000 0.026500 0.011500
v -0.000750 0.026500 0.011299
v -0.001299 0.026500 0.010750
v 0.007160 0.026500 -0.005000
v 0.007361 0.026500 -0.005750
v 0.007910 0.026500 -0.006299
v 0.008660 0.026500 -0.006500
v 0.009410 0.026500 -0.006299
v 0.009959 0.026500 -0.005750
v 0.010160 0.026500 -0.005000
v 0.009959 0.026500 -0.004250
v 0.009410 0.026500 -0.003701
v 0.008660 0.026500 -0.003500
v 0.007910 0.026500 -0.003701
v 0.007361 0.026500 -0.004250
v -0.001500 0.026500 -0.010000
v -0.001299 0.026500 -0.010750
v -0.000750 0.026500 -0.011299
v -0.000000 0.026500 -0.011500
v 0.000750 0.026500 -0.011299
v 0.001299 0.026500 -0.010750
v 0.001500 0.026500 -0.010000
v 0.001299 0.026500 -0.009250
v 0.000750 0.026500 -0.008701
v -0.000000 0.026500 -0.008500
v -0.000750 0.026500 -0.008701
v -0.001299 0.026500 -0.009250
v 0.005850 0.026500 -0.190000
v 0.006159 0.026500 -0.192942
v 0.007073 0.026500 -0.195755
v 0.008552 0.026500 -0.198317
v 0.010532 0.026500 -0.200515
v 0.012925 0.026500 -0.202254
v 0.015627 0.026500 -0.203457
v 0.018521 0.026500 -0.204072
v 0.021479 0.026500 -0.204072
v 0.024373 0.026500 -0.203457
v 0.027075 0.026500 -0.202254
v 0.029468 0.026500 -0.200515
v 0.031448 0.026500 -0.198317
v 0.032927 0.026500 -0.195755
v 0.033841 0.026500 -0.192942
v 0.034150 0.026500 -0.190000
v 0.033841 0.026500 -0.187058
v 0.032927 0.026500 -0.184245
v 0.031448 0.026500 -0.181683
v 0.029468 0.026500 -0.179485
v 0.027075 0.026500 -0.177746
v 0.024373 0.026500 -0.176543
v 0.021479 0.026500 -0.175928
v 0.018521 0.026500 -0.175928
v 0.015627 0.026500 -0.176543
v 0.012925 0.026500 -0.177746
v 0.010532 0.026500 -0.179485
v 0.008552 0.026500 -0.181683
v 0.007073 0.026500 -0.184245
v 0.006159 0.026500 -0.187058
v 0.027193 0.008500 0.004099
v 0.026278 0.008500 0.008106
v 0.024777 0.008500 0.011932
v 0.022722 0.008500 0.015491
v 0.020159 0.008500 0.018705
v 0.017146 0.008500 0.021500
v 0.013750 0.008500 0.023816
v 0.010047 0.008500 0.025599
v 0.006119 0.008500 0.026811
v 0.002055 0.008500 0.027423
v -0.002055 0.008500 0.027423
v -0.006119 0.008500 0.026811
v -0.010047 0.008500 0.025599
v -0.013750 0.008500 0.023816
v -0.017146 0.008500 0.021500
v -0.020159 0.008500 0.018705
v -0.022722 0.008500 0.015491
v -0.024777 0.008500 0.011932
v -0.026278 0.008500 0.008106
v -0.027193 0.008500 0.004099
v 0.028950 0.020500 -0.190000
v 0.028645 0.020500 -0.192316
v 0.027751 0.020500 -0.194475
v 0.026329 0.020500 -0.196329
v 0.024475 0.020500 -0.197751
v 0.022316 0.020500 -0.198645
v 0.020000 0.020500 -0.198950
v 0.017684 0.020500 -0.198645
v 0.015525 0.020500 -0.197751
v 0.013671 0.020500 -0.196329
v 0.012249 0.020500 -0.194475
v 0.011355 0.020500 -0.192316
v 0.011050 0.020500 -0.190000
v 0.011355 0.020500 -0.187684
v 0.012249 0.020500 -0.185525
v 0.013671 0.020500 -0.183671
v 0.015525 0.020500 -0.182249
v 0.017684 0.020500 -0.181355
v 0.020000 0.020500 -0.181050
v 0.022316 0.020500 -0.181355
v 0.024475 0.020500 -0.182249
v 0.026329 0.020500 -0.183671
v 0.027751 0.020500 -0.185525
v 0.028645 0.020500 -0.187684
v 0.028950 0.014500 -0.190000
v 0.028645 0.014500 -0.187684
v 0.027751 0.014500 -0.185525
v 0.026329 0.014500 -0.183671
v 0.024475 0.014500 -0.182249
v 0.022316 0.014500 -0.181355
v 0.020000 0.014500 -0.181050
v 0.017684 0.014500 -0.181355
v 0.015525 0.014500 -0.182249
v 0.013671 0.014500 -0.183671
v 0.012249 0.014500 -0.185525
v 0.011355 0.014500 -0.187684
v 0.011050 0.014500 -0.190000
v 0.011355 0.014500 -0.192316
v 0.012249 0.014500 -0.194475
v 0.013671 0.014500 -0.196329
v 0.015525 0.014500 -0.197751
v 0.017684 0.014500 -0.198645
v 0.020000 0.014500 -0.198950
v 0.022316 0.014500 -0.198645
v 0.024475 0.014500 -0.197751
v 0.026329 0.014500 -0.196329
v 0.027751 0.014500 -0.194475
v 0.028645 0.014500 -0.192316
v 0.005850 0.020500 -0.190000
v 0.006159 0.020500 -0.192942
v 0.007073 0.020500 -0.195755
v 0.008552 0.020500 -0.198317
v 0.010532 0.020500 -0.200515
v 0.012925 0.020500 -0.202254
v 0.015627 0.020500 -0.203457
v 0.018521 0.020500 -0.204072
v 0.021479 0.020500 -0.204072
v 0.024373 0.020500 -0.203457
v 0.027075 0.020500 -0.202254
v 0.029468 0.020500 -0.200515
v 0.031448 0.020500 -0.198317
v 0.032927 0.020500 -0.195755
v 0.033841 0.020500 -0.192942
v 0.034150 0.020500 -0.190000
v 0.033841 0.020500 -0.187058
v 0.032927 0.020500 -0.184245
v 0.031448 0.020500 -0.181683
v 0.029468 0.020500 -0.179485
v 0.027075 0.020500 -0.177746
v 0.024373 0.020500 -0.176543
v 0.021479 0.020500 -0.175928
v 0.018521 0.020500 -0.175928
v 0.015627 0.020500 -0.176543
v 0.012925 0.020500 -0.177746
v 0.010532 0.020500 -0.179485
v 0.008552 0.020500 -0.181683
v 0.007073 0.020500 -0.184245
v 0.006159 0.020500 -0.187058
v 0.034150 0.014500 -0.190000
v 0.033841 0.014500 -0.192942
v 0.032927 0.014500 -0.195755
v 0.031448 0.014500 -0.198317
v 0.029468 0.014500 -0.200515
v 0.027075 0.014500 -0.202254
v 0.024373 0.014500 -0.203457
v 0.021479 0.014500 -0.204072
v 0.018521 0.014500 -0.204072
v 0.015627 0.014500 -0.203457
v 0.012925 0.014500 -0.202254
v 0.010532 0.014500 -0.200515
v 0.008552 0.014500 -0.198317
v 0.007073 0.014500 -0.195755
v 0.006159 0.014500 -0.192942
v 0.005850 0.014500 -0.190000
v 0.006159 0.014500 -0.187058
v 0.007073 0.014500 -0.184245
v 0.008552 0.014500 -0.181683
v 0.010532 0.014500 -0.179485
v 0.012925 0.014500 -0.177746
v 0.015627 0.014500 -0.176543
v 0.018521 0.014500 -0.175928
v 0.021479 0.014500 -0.175928
v 0.024373 0.014500 -0.176543
v 0.027075 0.014500 -0.177746
v 0.029468 0.014500 -0.179485
v 0.031448 0.014500 -0.181683
v 0.032927 0.014500 -0.184245
v 0.033841 0.014500 -0.187058
v -0.010160 -0.000000 0.005000
v -0.009959 -0.000000 0.004250
v -0.009410 -0.000000 0.003701
v -0.008660 -0.000000 0.003500
v -0.007910 -0.000000 0.003701
v -0.007361 -0.000000 0.004250
v -0.007160 -0.000000 0.005000
v -0.007361 -0.000000 0.005750
v -0.007910 -0.000000 0.006299
v -0.008660 -0.000000 0.006500
v -0.009410 -0.000000 0.006299
v -0.009959 -0.000000 0.005750
v -0.010160 0.013250 0.005000
v -0.009959 0.013250 0.005750
v -0.009410 0.013250 0.006299
v -0.008660 0.013250 0.006500
v -0.007910 0.013250 0.006299
v -0.007361 0.013250 0.005750
v -0.007160 0.013250 0.005000
v -0.007361 0.013250 0.004250
v -0.007910 0.013250 0.003701
v -0.008660 0.013250 0.003500
v -0.009410 0.013250 0.003701
v -0.009959 0.013250 0.004250
v -0.001500 -0.000000 -0.010000
v -0.001299 -0.000000 -0.010750
v -0.000750 -0.000000 -0.011299
v 0.000000 0.000000 -0.011500
v 0.000750 0.000000 -0.011299
v 0.001299 0.000000 -0.010750
v 0.001500 0.000000 -0.010000
v 0.001299 0.000000 -0.009250
v 0.000750 0.000000 -0.008701
v 0.000000 0.000000 -0.008500
v -0.000750 -0.000000 -0.008701
v -0.001299 -0.000000 -0.009250
v -0.001500 0.013250 -0.010000
v -0.001299 0.013250 -0.009250
v -0.000750 0.013250 -0.008701
v -0.000000 0.013250 -0.008500
v 0.000750 0.013250 -0.008701
v 0.001299 0.013250 -0.009250
v 0.001500 0.013250 -0.010000
v 0.001299 0.013250 -0.010750
v 0.000750 0.013250 -0.011299
v -0.000000 0.013250 -0.011500
v -0.000750 0.013250 -0.011299
v -0.001299 0.013250 -0.010750
v -0.010160 -0.000000 -0.005000
v -0.009959 -0.000000 -0.005750
v -0.009410 -0.000000 -0.006299
v -0.008660 -0.000000 -0.006500
v -0.007910 -0.000000 -0.006299
v -0.007361 -0.000000 -0.005750
v -0.007160 -0.000000 -0.005000
v -0.007361 -0.000000 -0.004250
v -0.007910 -0.000000 -0.003701
v -0.008660 -0.000000 -0.003500
v -0.009410 -0.000000 -0.003701
v -0.009959 -0.000000 -0.004250
v -0.010160 0.013250 -0.005000
v -0.009959 0.013250 -0.004250
v -0.009410 0.013250 -0.003701
v -0.008660 0.013250 -0.003500
v -0.007910 0.013250 -0.003701
v -0.007361 0.013250 -0.004250
v -0.007160 0.013250 -0.005000
v -0.007361 0.013250 -0.005750
v -0.007910 0.013250 -0.006299
v -0.008660 0.013250 -0.006500
v -0.009410 0.013250 -0.006299
v -0.009959 0.013250 -0.005750
v 0.007160 0.000000 -0.005000
v 0.007361 0.000000 -0.005750
v 0.007910 0.000000 -0.006299
v 0.008660 0.000000 -0.006500
v 0.009410 0.000000 -0.006299
v 0.009959 0.000000 -0.005750
v 0.010160 0.000000 -0.005000
v 0.009959 0.000000 -0.004250
v 0.009410 0.000000 -0.003701
v 0.008660 0.000000 -0.003500
v 0.007910 0.000000 -0.003701
v 0.007361 0.000000 -0.004250
v 0.007160 0.013250 -0.005000
v 0.007361 0.013250 -0.004250
v 0.007910 0.013250 -0.003701
v 0.008660 0.013250 -0.003500
v 0.009410 0.013250 -0.003701
v 0.009959 0.013250 -0.004250
v 0.010160 0.013250 -0.005000
v 0.009959 0.013250 -0.005750
v 0.009410 0.013250 -0.006299
v 0.008660 0.013250 -0.006500
v 0.007910 0.013250 -0.006299
v 0.007361 0.013250 -0.005750
v 0.007160 0.000000 0.005000
v 0.007361 0.000000 0.004250
v 0.007910 0.000000 0.003701
v 0.008660 0.000000 0.003500
v 0.009410 0.000000 0.003701
v 0.009959 0.000000 0.004250
v 0.010160 0.000000 0.005000
v 0.009959 0.000000 0.005750
v 0.009410 0.000000 0.006299
v 0.008660 0.000000 0.006500
v 0.007910 0.000000 0.006299
v 0.007361 0.000000 0.005750
v 0.007160 0.013250 0.005000
v 0.007361 0.013250 0.005750
v 0.007910 0.013250 0.006299
v 0.008660 0.013250 0.006500
v 0.009410 0.013250 0.006299
v 0.009959 0.013250 0.005750
v 0.010160 0.013250 0.005000
v 0.009959 0.013250 0.004250
v 0.009410 0.013250 0.003701
v 0.008660 0.013250 0.003500
v 0.007910 0.013250 0.003701
v 0.007361 0.013250 0.004250
v -0.001500 -0.000000 0.010000
v -0.001299 -0.000000 0.009250
v -0.000750 -0.000000 0.008701
v -0.000000 -0.000000 0.008500
v 0.000750 0.000000 0.008701
v 0.001299 0.000000 0.009250
v 0.001500 0.000000 0.010000
v 0.001299 0.000000 0.010750
v 0.000750 0.000000 0.011299
v -0.000000 -0.000000 0.011500
v -0.000750 -0.000000 0.011299
v -0.001299 -0.000000 0.010750
v -0.001500 0.013250 0.010000
v -0.001299 0.013250 0.010750
v -0.000750 0.013250 0.011299
v -0.000000 0.013250 0.011500
v 0.000750 0.013250 0.011299
v 0.001299 0.013250 0.010750
v 0.001500 0.013250 0.010000
v 0.001299 0.013250 0.009250
v 0.000750 0.013250 0.008701
v -0.000000 0.013250 0.008500
v -0.000750 0.013250 0.008701
v -0.001299 0.013250 0.009250
v 0.020000 0.014500 -0.198500
v 0.017707 0.014500 -0.198185
v 0.015584 0.014500 -0.197263
v 0.013788 0.014500 -0.195802
v 0.012453 0.014500 -0.193911
v 0.011678 0.014500 -0.191729
v 0.011520 0.014500 -0.189420
v 0.011991 0.014500 -0.187154
v 0.013056 0.014500 -0.185098
v 0.014636 0.014500 -0.183406
v 0.016614 0.014500 -0.182204
v 0.018843 0.014500 -0.181579
v 0.021157 0.014500 -0.181579
v 0.023386 0.014500 -0.182204
v 0.025364 0.014500 -0.183406
v 0.026944 0.014500 -0.185098
v 0.028009 0.014500 -0.187154
v 0.028480 0.014500 -0.189420
v 0.028322 0.014500 -0.191729
v 0.027547 0.014500 -0.193911
v 0.026212 0.014500 -0.195802
v 0.024416 0.014500 -0.197263
v 0.022293 0.014500 -0.198185
v 0.020000 0.006500 -0.198500
v 0.022293 0.006500 -0.198185
v 0.024416 0.006500 -0.197263
v 0.026212 0.006500 -0.195802
v 0.027547 0.006500 -0.193911
v 0.028322 0.006500 -0.191729
v 0.028480 0.006500 -0.189420
v 0.028009 0.006500 -0.187154
v 0.026944 0.006500 -0.185098
v 0.025364 0.006500 -0.183406
v 0.023386 0.006500 -0.182204
v 0.021157 0.006500 -0.181579
v 0.018843 0.006500 -0.181579
v 0.016614 0.006500 -0.182204
v 0.014636 0.006500 -0.183406
v 0.013056 0.006500 -0.185098
v 0.011991 0.006500 -0.187154
v 0.011520 0.006500 -0.189420
v 0.011678 0.006500 -0.191729
v 0.012453 0.006500 -0.193911
v 0.013788 0.006500 -0.195802
v 0.015584 0.006500 -0.197263
v 0.017707 0.006500 -0.198185
v 0.020000 0.014500 -0.177500
v 0.017218 0.014500 -0.177813
v 0.014576 0.014500 -0.178738
v 0.012206 0.014500 -0.180227
v 0.010227 0.014500 -0.182206
v 0.008738 0.014500 -0.184576
v 0.007813 0.014500 -0.187218
v 0.007500 0.014500 -0.190000
v 0.007813 0.014500 -0.192782
v 0.008738 0.014500 -0.195424
v 0.010227 0.014500 -0.197794
v 0.012206 0.014500 -0.199773
v 0.014576 0.014500 -0.201262
v 0.017218 0.014500 -0.202187
v 0.020000 0.014500 -0.202500
v 0.022782 0.014500 -0.202187
v 0.025424 0.014500 -0.201262
v 0.027794 0.014500 -0.199773
v 0.029773 0.014500 -0.197794
v 0.031262 0.014500 -0.195424
v 0.032187 0.014500 -0.192782
v 0.032500 0.014500 -0.190000
v 0.032187 0.014500 -0.187218
v 0.031262 0.014500 -0.184576
v 0.029773 0.014500 -0.182206
v 0.027794 0.014500 -0.180227
v 0.025424 0.014500 -0.178738
v 0.022782 0.014500 -0.177813
v 0.020000 0.006500 -0.177500
v 0.022782 0.006500 -0.177813
v 0.025424 0.006500 -0.178738
v 0.027794 0.006500 -0.180227
v 0.029773 0.006500 -0.182206
v 0.031262 0.006500 -0.184576
v 0.032187 0.006500 -0.187218
v 0.032500 0.006500 -0.190000
v 0.032187 0.006500 -0.192782
v 0.031262 0.006500 -0.195424
v 0.029773 0.006500 -0.197794
v 0.027794 0.006500 -0.199773
v 0.025424 0.006500 -0.201262
v 0.022782 0.006500 -0.202187
v 0.020000 0.006500 -0.202500
v 0.017218 0.006500 -0.202187
v 0.014576 0.006500 -0.201262
v 0.012206 0.006500 -0.199773
v 0.010227 0.006500 -0.197794
v 0.008738 0.006500 -0.195424
v 0.007813 0.006500 -0.192782
v 0.007500 0.006500 -0.190000
v 0.007813 0.006500 -0.187218
v 0.008738 0.006500 -0.184576
v 0.010227 0.006500 -0.182206
v 0.012206 0.006500 -0.180227
v 0.014576 0.006500 -0.178738
v 0.017218 0.006500 -0.177813
v 0.020000 0.014500 -0.196000
v 0.018146 0.014500 -0.195706
v 0.016473 0.014500 -0.194854
v 0.015146 0.014500 -0.193527
v 0.014294 0.014500 -0.191854
v 0.014000 0.014500 -0.190000
v 0.014294 0.014500 -0.188146
v 0.015146 0.014500 -0.186473
v 0.016473 0.014500 -0.185146
v 0.018146 0.014500 -0.184294
v 0.020000 0.014500 -0.184000
v 0.021854 0.014500 -0.184294
v 0.023527 0.014500 -0.185146
v 0.024854 0.014500 -0.186473
v 0.025706 0.014500 -0.188146
v 0.026000 0.014500 -0.190000
v 0.025706 0.014500 -0.191854
v 0.024854 0.014500 -0.193527
v 0.023527 0.014500 -0.194854
v 0.021854 0.014500 -0.195706
v 0.020000 0.006500 -0.196000
v 0.021854 0.006500 -0.195706
v 0.023527 0.006500 -0.194854
v 0.024854 0.006500 -0.193527
v 0.025706 0.006500 -0.191854
v 0.026000 0.006500 -0.190000
v 0.025706 0.006500 -0.188146
v 0.024854 0.006500 -0.186473
v 0.023527 0.006500 -0.185146
v 0.021854 0.006500 -0.184294
v 0.020000 0.006500 -0.184000
v 0.018146 0.006500 -0.184294
v 0.016473 0.006500 -0.185146
v 0.015146 0.006500 -0.186473
v 0.014294 0.006500 -0.188146
v 0.014000 0.006500 -0.190000
v 0.014294 0.006500 -0.191854
v 0.015146 0.006500 -0.193527
v 0.016473 0.006500 -0.194854
v 0.018146 0.006500 -0.195706
v 0.020000 0.014500 -0.181500
v 0.017707 0.014500 -0.181815
v 0.015584 0.014500 -0.182737
v 0.013788 0.014500 -0.184198
v 0.012453 0.014500 -0.186089
v 0.011678 0.014500 -0.188271
v 0.011520 0.014500 -0.190580
v 0.011991 0.014500 -0.192846
v 0.013056 0.014500 -0.194902
v 0.014636 0.014500 -0.196594
v 0.016614 0.014500 -0.197796
v 0.018843 0.014500 -0.198421
v 0.021157 0.014500 -0.198421
v 0.023386 0.014500 -0.197796
v 0.025364 0.014500 -0.196594
v 0.026944 0.014500 -0.194902
v 0.028009 0.014500 -0.192846
v 0.028480 0.014500 -0.190580
v 0.028322 0.014500 -0.188271
v 0.027547 0.014500 -0.186089
v 0.026212 0.014500 -0.184198
v 0.024416 0.014500 -0.182737
v 0.022293 0.014500 -0.181815
v 0.020000 0.006500 -0.181500
v 0.022293 0.006500 -0.181815
v 0.024416 0.006500 -0.182737
v 0.026212 0.006500 -0.184198
v 0.027547 0.006500 -0.186089
v 0.028322 0.006500 -0.188271
v 0.028480 0.006500 -0.190580
v 0.028009 0.006500 -0.192846
v 0.026944 0.006500 -0.194902
v 0.025364 0.006500 -0.196594
v 0.023386 0.006500 -0.197796
v 0.021157 0.006500 -0.198421
v 0.018843 0.006500 -0.198421
v 0.016614 0.006500 -0.197796
v 0.014636 0.006500 -0.196594
v 0.013056 0.006500 -0.194902
v 0.011991 0.006500 -0.192846
v 0.011520 0.006500 -0.190580
v 0.011678 0.006500 -0.188271
v 0.012453 0.006500 -0.186089
v 0.013788 0.006500 -0.184198
v 0.015584 0.006500 -0.182737
v 0.017707 0.006500 -0.181815
v 0.020000 0.014500 -0.202500
v 0.017218 0.014500 -0.202187
v 0.014576 0.014500 -0.201262
v 0.012206 0.014500 -0.199773
v 0.010227 0.014500 -0.197794
v 0.008738 0.014500 -0.195424
v 0.007813 0.014500 -0.192782
v 0.007500 0.014500 -0.190000
v 0.007813 0.014500 -0.187218
v 0.008738 0.014500 -0.184576
v 0.010227 0.014500 -0.182206
v 0.012206 0.014500 -0.180227
v 0.014576 0.014500 -0.178738
v 0.017218 0.014500 -0.177813
v 0.020000 0.014500 -0.177500
v 0.022782 0.014500 -0.177813
v 0.025424 0.014500 -0.178738
v 0.027794 0.014500 -0.180227
v 0.029773 0.014500 -0.182206
v 0.031262 0.014500 -0.184576
v 0.032187 0.014500 -0.187218
v 0.032500 0.014500 -0.190000
v 0.032187 0.014500 -0.192782
v 0.031262 0.014500 -0.195424
v 0.029773 0.014500 -0.197794
v 0.027794 0.014500 -0.199773
v 0.025424 0.014500 -0.201262
v 0.022782 0.014500 -0.202187
v 0.020000 0.006500 -0.202500
v 0.022782 0.006500 -0.202187
v 0.025424 0.006500 -0.201262
v 0.027794 0.006500 -0.199773
v 0.029773 0.006500 -0.197794
v 0.031262 0.006500 -0.195424
v 0.032187 0.006500 -0.192782
v 0.032500 0.006500 -0.190000
v 0.032187 0.006500 -0.187218
v 0.031262 0.006500 -0.184576
v 0.029773 0.006500 -0.182206
v 0.027794 0.006500 -0.180227
v 0.025424 0.006500 -0.178738
v 0.022782 0.006500 -0.177813
v 0.020000 0.006500 -0.177500
v 0.017218 0.006500 -0.177813
v 0.014576 0.006500 -0.178738
v 0.012206 0.006500 -0.180227
v 0.010227 0.006500 -0.182206
v 0.008738 0.006500 -0.184576
v 0.007813 0.006500 -0.187218
v 0.007500 0.006500 -0.190000
v 0.007813 0.006500 -0.192782
v 0.008738 0.006500 -0.195424
v 0.010227 0.006500 -0.197794
v 0.012206 0.006500 -0.199773
v 0.014576 0.006500 -0.201262
v 0.017218 0.006500 -0.202187
v 0.020000 0.014500 -0.176000
v 0.017089 0.014500 -0.176306
v 0.014306 0.014500 -0.177210
v 0.011771 0.014500 -0.178674
v 0.009596 0.014500 -0.180632
v 0.007876 0.014500 -0.183000
v 0.006685 0.014500 -0.185674
v 0.006077 0.014500 -0.188537
v 0.006077 0.014500 -0.191463
v 0.006685 0.014500 -0.194326
v 0.007876 0.014500 -0.197000
v 0.009596 0.014500 -0.199368
v 0.011771 0.014500 -0.201326
v 0.014306 0.014500 -0.202790
v 0.017089 0.014500 -0.203694
v 0.020000 0.014500 -0.204000
v 0.022911 0.014500 -0.203694
v 0.025694 0.014500 -0.202790
v 0.028229 0.014500 -0.201326
v 0.030404 0.014500 -0.199368
v 0.032124 0.014500 -0.197000
v 0.033315 0.014500 -0.194326
v 0.033923 0.014500 -0.191463
v 0.033923 0.014500 -0.188537
v 0.033315 0.014500 -0.185674
v 0.032124 0.014500 -0.183000
v 0.030404 0.014500 -0.180632
v 0.028229 0.014500 -0.178674
v 0.025694 0.014500 -0.177210
v 0.022911 0.014500 -0.176306
v 0.020000 0.006500 -0.176000
v 0.022911 0.006500 -0.176306
v 0.025694 0.006500 -0.177210
v 0.028229 0.006500 -0.178674
v 0.030404 0.006500 -0.180632
v 0.032124 0.006500 -0.183000
v 0.033315 0.006500 -0.185674
v 0.033923 0.006500 -0.188537
v 0.033923 0.006500 -0.191463
v 0.033315 0.006500 -0.194326
v 0.032124 0.006500 -0.197000
v 0.030404 0.006500 -0.199368
v 0.028229 0.006500 -0.201326
v 0.025694 0.006500 -0.202790
v 0.022911 0.006500 -0.203694
v 0.020000 0.006500 -0.204000
v 0.017089 0.006500 -0.203694
v 0.014306 0.006500 -0.202790
v 0.011771 0.006500 -0.201326
v 0.009596 0.006500 -0.199368
v 0.007876 0.006500 -0.197000
v 0.006685 0.006500 -0.194326
v 0.006077 0.006500 -0.191463
v 0.006077 0.006500 -0.188537
v 0.006685 0.006500 -0.185674
v 0.007876 0.006500 -0.183000
v 0.009596 0.006500 -0.180632
v 0.011771 0.006500 -0.178674
v 0.014306 0.006500 -0.177210
v 0.017089 0.006500 -0.176306
v 0.020000 0.020500 -0.181500
v 0.017707 0.020500 -0.181815
v 0.015584 0.020500 -0.182737
v 0.013788 0.020500 -0.184198
v 0.012453 0.020500 -0.186089
v 0.011678 0.020500 -0.188271
v 0.011520 0.020500 -0.190580
v 0.011991 0.020500 -0.192846
v 0.013056 0.020500 -0.194902
v 0.014636 0.020500 -0.196594
v 0.016614 0.020500 -0.197796
v 0.018843 0.020500 -0.198421
v 0.021157 0.020500 -0.198421
v 0.023386 0.020500 -0.197796
v 0.025364 0.020500 -0.196594
v 0.026944 0.020500 -0.194902
v 0.028009 0.020500 -0.192846
v 0.028480 0.020500 -0.190580
v 0.028322 0.020500 -0.188271
v 0.027547 0.020500 -0.186089
v 0.026212 0.020500 -0.184198
v 0.024416 0.020500 -0.182737
v 0.022293 0.020500 -0.181815
v 0.020000 0.028500 -0.181500
v 0.022293 0.028500 -0.181815
v 0.024416 0.028500 -0.182737
v 0.026212 0.028500 -0.184198
v 0.027547 0.028500 -0.186089
v 0.028322 0.028500 -0.188271
v 0.028480 0.028500 -0.190580
v 0.028009 0.028500 -0.192846
v 0.026944 0.028500 -0.194902
v 0.025364 0.028500 -0.196594
v 0.023386 0.028500 -0.197796
v 0.021157 0.028500 -0.198421
v 0.018843 0.028500 -0.198421
v 0.016614 0.028500 -0.197796
v 0.014636 0.028500 -0.196594
v 0.013056 0.028500 -0.194902
v 0.011991 0.028500 -0.192846
v 0.011520 0.028500 -0.190580
v 0.011678 0.028500 -0.188271
v 0.012453 0.028500 -0.186089
v 0.013788 0.028500 -0.184198
v 0.015584 0.028500 -0.182737
v 0.017707 0.028500 -0.181815
v 0.020000 0.020500 -0.202500
v 0.017218 0.020500 -0.202187
v 0.014576 0.020500 -0.201262
v 0.012206 0.020500 -0.199773
v 0.010227 0.020500 -0.197794
v 0.008738 0.020500 -0.195424
v 0.007813 0.020500 -0.192782
v 0.007500 0.020500 -0.190000
v 0.007813 0.020500 -0.187218
v 0.008738 0.020500 -0.184576
v 0.010227 0.020500 -0.182206
v 0.012206 0.020500 -0.180227
v 0.014576 0.020500 -0.178738
v 0.017218 0.020500 -0.177813
v 0.020000 0.020500 -0.177500
v 0.022782 0.020500 -0.177813
v 0.025424 0.020500 -0.178738
v 0.027794 0.020500 -0.180227
v 0.029773 0.020500 -0.182206
v 0.031262 0.020500 -0.184576
v 0.032187 0.020500 -0.187218
v 0.032500 0.020500 -0.190000
v 0.032187 0.020500 -0.192782
v 0.031262 0.020500 -0.195424
v 0.029773 0.020500 -0.197794
v 0.027794 0.020500 -0.199773
v 0.025424 0.020500 -0.201262
v 0.022782 0.020500 -0.202187
v 0.020000 0.028500 -0.202500
v 0.022782 0.028500 -0.202187
v 0.025424 0.028500 -0.201262
v 0.027794 0.028500 -0.199773
v 0.029773 0.028500 -0.197794
v 0.031262 0.028500 -0.195424
v 0.032187 0.028500 -0.192782
v 0.032500 0.028500 -0.190000
v 0.032187 0.028500 -0.187218
v 0.031262 0.028500 -0.184576
v 0.029773 0.028500 -0.182206
v 0.027794 0.028500 -0.180227
v 0.025424 0.028500 -0.178738
v 0.022782 0.028500 -0.177813
v 0.020000 0.028500 -0.177500
v 0.017218 0.028500 -0.177813
v 0.014576 0.028500 -0.178738
v 0.012206 0.028500 -0.180227
v 0.010227 0.028500 -0.182206
v 0.008738 0.028500 -0.184576
v 0.007813 0.028500 -0.187218
v 0.007500 0.028500 -0.190000
v 0.007813 0.028500 -0.192782
v 0.008738 0.028500 -0.195424
v 0.010227 0.028500 -0.197794
v 0.012206 0.028500 -0.199773
v 0.014576 0.028500 -0.201262
v 0.017218 0.028500 -0.202187
v 0.020000 0.020500 -0.184000
v 0.018146 0.020500 -0.184294
v 0.016473 0.020500 -0.185146
v 0.015146 0.020500 -0.186473
v 0.014294 0.020500 -0.188146
v 0.014000 0.020500 -0.190000
v 0.014294 0.020500 -0.191854
v 0.015146 0.020500 -0.193527
v 0.016473 0.020500 -0.194854
v 0.018146 0.020500 -0.195706
v 0.020000 0.020500 -0.196000
v 0.021854 0.020500 -0.195706
v 0.023527 0.020500 -0.194854
v 0.024854 0.020500 -0.193527
v 0.025706 0.020500 -0.191854
v 0.026000 0.020500 -0.190000
v 0.025706 0.020500 -0.188146
v 0.024854 0.020500 -0.186473
v 0.023527 0.020500 -0.185146
v 0.021854 0.020500 -0.184294
v 0.020000 0.028500 -0.184000
v 0.021854 0.028500 -0.184294
v 0.023527 0.028500 -0.185146
v 0.024854 0.028500 -0.186473
v 0.025706 0.028500 -0.188146
v 0.026000 0.028500 -0.190000
v 0.025706 0.028500 -0.191854
v 0.024854 0.028500 -0.193527
v 0.023527 0.028500 -0.194854
v 0.021854 0.028500 -0.195706
v 0.020000 0.028500 -0.196000
v 0.018146 0.028500 -0.195706
v 0.016473 0.028500 -0.194854
v 0.015146 0.028500 -0.193527
v 0.014294 0.028500 -0.191854
v 0.014000 0.028500 -0.190000
v 0.014294 0.028500 -0.188146
v 0.015146 0.028500 -0.186473
v 0.016473 0.028500 -0.185146
v 0.018146 0.028500 -0.184294
v 0.020000 0.020500 -0.198500
v 0.017707 0.020500 -0.198185
v 0.015584 0.020500 -0.197263
v 0.013788 0.020500 -0.195802
v 0.012453 0.020500 -0.193911
v 0.011678 0.020500 -0.191729
v 0.011520 0.020500 -0.189420
v 0.011991 0.020500 -0.187154
v 0.013056 0.020500 -0.185098
v 0.014636 0.020500 -0.183406
v 0.016614 0.020500 -0.182204
v 0.018843 0.020500 -0.181579
v 0.021157 0.020500 -0.181579
v 0.023386 0.020500 -0.182204
v 0.025364 0.020500 -0.183406
v 0.026944 0.020500 -0.185098
v 0.028009 0.020500 -0.187154
v 0.028480 0.020500 -0.189420
v 0.028322 0.020500 -0.191729
v 0.027547 0.020500 -0.193911
v 0.026212 0.020500 -0.195802
v 0.024416 0.020500 -0.197263
v 0.022293 0.020500 -0.198185
v 0.020000 0.028500 -0.198500
v 0.022293 0.028500 -0.198185
v 0.024416 0.028500 -0.197263
v 0.026212 0.028500 -0.195802
v 0.027547 0.028500 -0.193911
v 0.028322 0.028500 -0.191729
v 0.028480 0.028500 -0.189420
v 0.028009 0.028500 -0.187154
v 0.026944 0.028500 -0.185098
v 0.025364 0.028500 -0.183406
v 0.023386 0.028500 -0.182204
v 0.021157 0.028500 -0.181579
v 0.018843 0.028500 -0.181579
v 0.016614 0.028500 -0.182204
v 0.014636 0.028500 -0.183406
v 0.013056 0.028500 -0.185098
v 0.011991 0.028500 -0.187154
v 0.011520 0.028500 -0.189420
v 0.011678 0.028500 -0.191729
v 0.012453 0.028500 -0.193911
v 0.013788 0.028500 -0.195802
v 0.015584 0.028500 -0.197263
v 0.017707 0.028500 -0.198185
v 0.020000 0.020500 -0.177500
v 0.017218 0.020500 -0.177813
v 0.014576 0.020500 -0.178738
v 0.012206 0.020500 -0.180227
v 0.010227 0.020500 -0.182206
v 0.008738 0.020500 -0.184576
v 0.007813 0.020500 -0.187218
v 0.007500 0.020500 -0.190000
v 0.007813 0.020500 -0.192782
v 0.008738 0.020500 -0.195424
v 0.010227 0.020500 -0.197794
v 0.012206 0.020500 -0.199773
v 0.014576 0.020500 -0.201262
v 0.017218 0.020500 -0.202187
v 0.020000 0.020500 -0.202500
v 0.022782 0.020500 -0.202187
v 0.025424 0.020500 -0.201262
v 0.027794 0.020500 -0.199773
v 0.029773 0.020500 -0.197794
v 0.031262 0.020500 -0.195424
v 0.032187 0.020500 -0.192782
v 0.032500 0.020500 -0.190000
v 0.032187 0.020500 -0.187218
v 0.031262 0.020500 -0.184576
v 0.029773 0.020500 -0.182206
v 0.027794 0.020500 -0.180227
v 0.025424 0.020500 -0.178738
v 0.022782 0.020500 -0.177813
v 0.020000 0.028500 -0.177500
v 0.022782 0.028500 -0.177813
v 0.025424 0.028500 -0.178738
v 0.027794 0.028500 -0.180227
v 0.029773 0.028500 -0.182206
v 0.031262 0.028500 -0.184576
v 0.032187 0.028500 -0.187218
v 0.032500 0.028500 -0.190000
v 0.032187 0.028500 -0.192782
v 0.031262 0.028500 -0.195424
v 0.029773 0.028500 -0.197794
v 0.027794 0.028500 -0.199773
v 0.025424 0.028500 -0.201262
v 0.022782 0.028500 -0.202187
v 0.020000 0.028500 -0.202500
v 0.017218 0.028500 -0.202187
v 0.014576 0.028500 -0.201262
v 0.012206 0.028500 -0.199773
v 0.010227 0.028500 -0.197794
v 0.008738 0.028500 -0.195424
v 0.007813 0.028500 -0.192782
v 0.007500 0.028500 -0.190000
v 0.007813 0.028500 -0.187218
v 0.008738 0.028500 -0.184576
v 0.010227 0.028500 -0.182206
v 0.012206 0.028500 -0.180227
v 0.014576 0.028500 -0.178738
v 0.017218 0.028500 -0.177813
v 0.020000 0.020500 -0.204000
v 0.017089 0.020500 -0.203694
v 0.014306 0.020500 -0.202790
v 0.011771 0.020500 -0.201326
v 0.009596 0.020500 -0.199368
v 0.007876 0.020500 -0.197000
v 0.006685 0.020500 -0.194326
v 0.006077 0.020500 -0.191463
v 0.006077 0.020500 -0.188537
v 0.006685 0.020500 -0.185674
v 0.007876 0.020500 -0.183000
v 0.009596 0.020500 -0.180632
v 0.011771 0.020500 -0.178674
v 0.014306 0.020500 -0.177210
v 0.017089 0.020500 -0.176306
v 0.020000 0.020500 -0.176000
v 0.022911 0.020500 -0.176306
v 0.025694 0.020500 -0.177210
v 0.028229 0.020500 -0.178674
v 0.030404 0.020500 -0.180632
v 0.032124 0.020500 -0.183000
v 0.033315 0.020500 -0.185674
v 0.033923 0.020500 -0.188537
v 0.033923 0.020500 -0.191463
v 0.033315 0.020500 -0.194326
v 0.032124 0.020500 -0.197000
v 0.030404 0.020500 -0.199368
v 0.028229 0.020500 -0.201326
v 0.025694 0.020500 -0.202790
v 0.022911 0.020500 -0.203694
v 0.020000 0.028500 -0.204000
v 0.022911 0.028500 -0.203694
v 0.025694 0.028500 -0.202790
v 0.028229 0.028500 -0.201326
v 0.030404 0.028500 -0.199368
v 0.032124 0.028500 -0.197000
v 0.033315 0.028500 -0.194326
v 0.033923 0.028500 -0.191463
v 0.033923 0.028500 -0.188537
v 0.033315 0.028500 -0.185674
v 0.032124 0.028500 -0.183000
v 0.030404 0.028500 -0.180632
v 0.028229 0.028500 -0.178674
v 0.025694 0.028500 -0.177210
v 0.022911 0.028500 -0.176306
v 0.020000 0.028500 -0.176000
v 0.017089 0.028500 -0.176306
v 0.014306 0.028500 -0.177210
v 0.011771 0.028500 -0.178674
v 0.009596 0.028500 -0.180632
v 0.007876 0.028500 -0.183000
v 0.006685 0.028500 -0.185674
v 0.006077 0.028500 -0.188537
v 0.006077 0.028500 -0.191463
v 0.006685 0.028500 -0.194326
v 0.007876 0.028500 -0.197000
v 0.009596 0.028500 -0.199368
v 0.011771 0.028500 -0.201326
v 0.014306 0.028500 -0.202790
v 0.017089 0.028500 -0.203694
vn -0.5425 -0.7071 -0.4536
vn -0.6026 -0.7071 -0.3700
vn -0.5827 -0.7071 -0.4006
vn -0.6241 -0.7071 -0.3324
vn -0.6324 -0.7071 -0.3164
vn -0.6428 -0.7071 -0.2946
vn -0.5219 -0.7071 -0.4771
vn -0.5424 -0.7071 -0.4536
vn -0.4708 -0.7071 -0.5275
vn -0.4709 -0.7071 -0.5275
vn -0.4511 -0.7071 -0.5445
vn -0.3892 -0.7071 -0.5903
vn -0.3717 -0.7071 -0.6015
vn -0.3717 -0.7071 -0.6016
vn -0.2994 -0.7071 -0.6406
vn -0.3716 -0.7071 -0.6016
vn -0.2852 -0.7071 -0.6470
vn -0.2851 -0.7071 -0.6471
vn -0.2032 -0.7071 -0.6773
vn -0.1932 -0.7071 -0.6802
vn -0.1027 -0.7071 -0.6996
vn -0.0975 -0.7071 -0.7003
vn -0.1026 -0.7071 -0.6996
vn -0.0975 -0.7071 -0.7004
vn -0.0000 -0.7071 -0.7071
vn 0.0975 -0.7071 -0.7004
vn 0.1027 -0.7071 -0.6996
vn 0.1932 -0.7071 -0.6802
vn 0.2032 -0.7071 -0.6773
vn 0.2851 -0.7071 -0.6471
vn 0.2994 -0.7071 -0.6406
vn 0.2852 -0.7071 -0.6471
vn 0.3716 -0.7071 -0.6016
vn 0.3717 -0.7071 -0.6016
vn 0.3892 -0.7071 -0.5903
vn 0.3717 -0.7071 -0.6015
vn 0.4511 -0.7071 -0.5445
vn 0.4708 -0.7071 -0.5275
vn 0.4709 -0.7071 -0.5275
vn 0.5219 -0.7071 -0.4771
vn 0.5424 -0.7071 -0.4536
vn 0.5425 -0.7071 -0.4536
vn 0.5827 -0.7071 -0.4006
vn 0.6026 -0.7071 -0.3700
vn 0.6324 -0.7071 -0.3164
vn 0.6241 -0.7071 -0.3324
vn 0.6428 -0.7071 -0.2946
vn -1.0000 -0.0000 -0.0000
vn 0.8943 -0.0000 -0.4474
vn 0.8241 -0.0000 -0.5665
vn 0.7380 -0.0000 -0.6747
vn 0.7380 -0.0000 -0.6748
vn 0.6380 -0.0000 -0.7701
vn 0.6379 -0.0000 -0.7701
vn 0.5257 -0.0000 -0.8507
vn 0.5256 -0.0000 -0.8507
vn 0.4033 -0.0000 -0.9151
vn 0.2732 -0.0000 -0.9620
vn 0.1379 -0.0000 -0.9904
vn -0.0000 -0.0000 -1.0000
vn -0.1379 -0.0000 -0.9904
vn -0.2732 -0.0000 -0.9620
vn -0.4033 -0.0000 -0.9151
vn -0.5256 -0.0000 -0.8507
vn -0.5257 -0.0000 -0.8507
vn -0.6379 -0.0000 -0.7701
vn -0.6380 -0.0000 -0.7701
vn -0.7380 -0.0000 -0.6748
vn -0.7380 -0.0000 -0.6747
vn -0.8241 -0.0000 -0.5665
vn -0.8943 -0.0000 -0.4474
vn 1.0000 -0.0000 -0.0000
vn -0.5151 -0.7071 0.4844
vn -0.4570 -0.7071 0.5396
vn -0.4414 -0.7071 0.5524
vn -0.3845 -0.7071 0.5934
vn -0.3705 -0.7071 0.6023
vn -0.3705 -0.7071 0.6022
vn -0.3058 -0.7071 0.6376
vn -0.2941 -0.7071 0.6430
vn -0.2220 -0.7071 0.6713
vn -0.2133 -0.7071 0.6742
vn -0.1347 -0.7071 0.6942
vn -0.1293 -0.7071 0.6952
vn -0.0452 -0.7071 0.7057
vn -0.1292 -0.7071 0.6952
vn -0.0451 -0.7071 0.7057
vn -0.0433 -0.7071 0.7058
vn -0.0451 -0.7067 0.7060
vn 0.0451 -0.7071 0.7057
vn 0.0433 -0.7068 0.7061
vn 0.0433 -0.7071 0.7058
vn 0.1292 -0.7071 0.6952
vn 0.1293 -0.7071 0.6952
vn 0.1347 -0.7071 0.6942
vn 0.2133 -0.7071 0.6742
vn 0.2220 -0.7071 0.6713
vn 0.2941 -0.7071 0.6430
vn 0.2221 -0.7071 0.6713
vn 0.3058 -0.7071 0.6376
vn 0.3705 -0.7071 0.6023
vn 0.3845 -0.7071 0.5934
vn 0.4414 -0.7071 0.5524
vn 0.4570 -0.7071 0.5396
vn 0.5151 -0.7071 0.4844
vn 0.5220 -0.7071 0.4770
vn -0.5220 -0.7071 0.4770
vn 0.4472 -0.8944 -0.0000
vn 0.4475 -0.8943 -0.0000
vn 0.7382 -0.0000 0.6745
vn 0.6463 -0.0000 0.7631
vn 0.5438 -0.0000 0.8392
vn 0.4324 -0.0000 0.9017
vn 0.3140 -0.0000 0.9494
vn 0.1905 -0.0000 0.9817
vn 0.0639 -0.0000 0.9980
vn 0.0638 -0.0000 0.9980
vn -0.0638 -0.0000 0.9980
vn -0.0639 -0.0000 0.9980
vn -0.1905 -0.0000 0.9817
vn -0.3140 -0.0000 0.9494
vn -0.4324 -0.0000 0.9017
vn -0.5438 -0.0000 0.8392
vn -0.6463 -0.0000 0.7631
vn -0.7382 -0.0000 0.6745
vn 0.6030 -0.7071 -0.3694
vn 0.6029 -0.7071 -0.3694
vn 0.5473 -0.7071 -0.4478
vn 0.5472 -0.7071 -0.4478
vn 0.4814 -0.7071 -0.5179
vn 0.4511 -0.7071 -0.5446
vn 0.4067 -0.7071 -0.5785
vn 0.4066 -0.7071 -0.5785
vn 0.3244 -0.7071 -0.6283
vn 0.3243 -0.7071 -0.6283
vn 0.2361 -0.7071 -0.6665
vn 0.1434 -0.7071 -0.6924
vn 0.0975 -0.7071 -0.7003
vn 0.0481 -0.7071 -0.7055
vn -0.0481 -0.7071 -0.7055
vn -0.1434 -0.7071 -0.6924
vn -0.2361 -0.7071 -0.6665
vn -0.2851 -0.7071 -0.6470
vn -0.3243 -0.7071 -0.6283
vn -0.3244 -0.7071 -0.6283
vn -0.4066 -0.7071 -0.5785
vn -0.4511 -0.7071 -0.5446
vn -0.4067 -0.7071 -0.5785
vn -0.4814 -0.7071 -0.5179
vn -0.5472 -0.7071 -0.4478
vn -0.5473 -0.7071 -0.4478
vn -0.6029 -0.7071 -0.3694
vn -0.6030 -0.7071 -0.3694
vn -0.0000 -1.0000 -0.0000
vn 0.5439 -0.7071 0.4518
vn 0.4832 -0.7071 0.5163
vn 0.4148 -0.7071 0.5726
vn 0.4148 -0.7071 0.5727
vn 0.3400 -0.7071 0.6200
vn 0.3399 -0.7071 0.6200
vn 0.2597 -0.7071 0.6577
vn 0.1755 -0.7071 0.6850
vn 0.0884 -0.7071 0.7016
vn 0.0452 -0.7071 0.7057
vn -0.0000 -0.7071 0.7071
vn -0.0884 -0.7071 0.7016
vn -0.1755 -0.7071 0.6850
vn -0.2597 -0.7071 0.6577
vn -0.2221 -0.7071 0.6713
vn -0.2598 -0.7071 0.6577
vn -0.3399 -0.7071 0.6200
vn -0.3400 -0.7071 0.6200
vn -0.4148 -0.7071 0.5727
vn -0.4148 -0.7071 0.5726
vn -0.4832 -0.7071 0.5163
vn -0.5439 -0.7071 0.4518
vn -0.4472 -0.8944 -0.0000
vn 0.4473 -0.8944 0.0001
vn 0.2752 -0.0000 -0.9614
vn -0.1511 -0.0000 -0.9885
vn 0.1383 -0.0000 -0.9904
vn 0.1384 -0.0000 -0.9904
vn 0.4072 -0.0000 -0.9133
vn 0.2753 -0.0000 -0.9614
vn 0.2754 -0.0000 -0.9613
vn 0.4073 -0.0000 -0.9133
vn 0.6501 -0.0023 -0.7598
vn 0.6501 -0.0000 -0.7598
vn 0.6514 -0.0000 -0.7587
vn 0.6516 -0.0000 -0.7586
vn 0.6502 -0.0000 -0.7597
vn 0.9087 -0.0000 -0.4175
vn 0.6515 -0.0000 -0.7586
vn 0.9087 -0.0000 -0.4174
vn 1.0000 -0.0000 -0.0001
vn 0.9087 -0.0000 -0.4173
vn 0.9566 -0.0000 -0.2915
vn 0.9566 -0.0000 -0.2914
vn 0.4074 -0.0000 -0.9132
vn 0.6489 -0.0000 -0.7609
vn 0.6502 -0.0000 -0.7598
vn 0.6503 -0.0000 -0.7597
vn 0.6490 -0.0000 -0.7608
vn 0.8378 -0.0000 -0.5460
vn 0.9087 -0.0023 -0.4175
vn 0.8379 -0.0000 -0.5459
vn 0.9565 -0.0000 -0.2916
vn 0.5433 -0.8116 -0.2148
vn 0.7071 -0.7071 -0.0001
vn 0.5449 -0.8100 -0.2168
vn 0.7071 -0.7072 -0.0001
vn 0.5506 -0.8062 -0.2166
vn 0.5541 -0.8046 -0.2135
vn 0.5505 -0.8062 -0.2167
vn 0.5540 -0.8046 -0.2135
vn 0.4884 -0.8250 -0.2844
vn 0.4887 -0.8247 -0.2847
vn 0.5540 -0.8047 -0.2136
vn 0.3526 -0.8391 -0.4143
vn 0.4887 -0.8247 -0.2848
vn 0.3526 -0.8390 -0.4143
vn 0.2763 -0.8359 -0.4743
vn 0.2762 -0.8359 -0.4743
vn 0.3525 -0.8391 -0.4144
vn 0.1227 -0.8046 -0.5810
vn 0.2762 -0.8359 -0.4744
vn 0.1226 -0.8046 -0.5810
vn 0.0405 -0.7789 -0.6258
vn 0.1225 -0.8046 -0.5811
vn -0.1116 -0.7071 -0.6982
vn 0.0404 -0.7789 -0.6259
vn -0.1116 -0.7071 -0.6983
vn -0.1125 -0.7071 -0.6981
vn 0.7071 -0.7071 -0.0000
vn -0.1124 -0.7071 -0.6981
vn 0.0195 -0.7816 -0.6234
vn 0.0195 -0.7817 -0.6234
vn -0.1527 -0.7071 -0.6904
vn -0.1527 -0.7072 -0.6904
vn 0.0688 -0.8050 -0.5893
vn 0.2615 -0.8409 -0.4739
vn 0.0689 -0.8050 -0.5892
vn 0.1935 -0.8359 -0.5137
vn 0.2615 -0.8409 -0.4738
vn 0.1936 -0.8359 -0.5137
vn 0.3199 -0.8481 -0.4223
vn 0.2616 -0.8409 -0.4738
vn 0.4808 -0.8292 -0.2850
vn 0.4390 -0.8395 -0.3202
vn 0.4809 -0.8292 -0.2849
vn 0.5432 -0.8116 -0.2149
vn 0.5448 -0.8100 -0.2169
vn 0.5449 -0.8100 -0.2169
vn 0.4888 -0.8247 -0.2847
vn 0.2761 -0.8359 -0.4744
vn 0.0406 -0.7789 -0.6258
vn -0.0506 -0.0000 -0.9987
vn 0.0506 -0.0000 -0.9987
vn 0.1511 -0.0000 -0.9885
vn -0.0768 -0.7071 -0.7029
vn -0.1069 -0.7071 -0.6990
vn -0.0358 -0.7071 -0.7062
vn -0.1117 -0.7071 -0.6982
vn -0.0357 -0.7071 -0.7062
vn 0.0357 -0.7071 -0.7062
vn 0.0358 -0.7071 -0.7062
vn 0.0768 -0.7071 -0.7029
vn 0.1069 -0.7071 -0.6990
vn 0.1125 -0.7071 -0.6981
vn 0.1116 -0.7071 -0.6982
vn 0.1527 -0.7071 -0.6904
vn -0.0001 -0.0000 1.0000
vn -0.2587 -0.0000 0.9659
vn -0.2588 -0.0000 0.9659
vn -0.3826 -0.0000 0.9239
vn -0.2589 -0.0000 0.9659
vn -0.4999 -0.0009 0.8661
vn -0.5001 -0.0000 0.8660
vn -0.3828 -0.0000 0.9238
vn -0.7071 -0.0000 0.7072
vn -0.7070 -0.0000 0.7072
vn -0.6184 -0.0000 0.7859
vn -0.7071 -0.0000 0.7071
vn -0.0000 -0.0000 1.0000
vn -0.1184 -0.0000 0.9930
vn -0.2968 -0.0000 0.9549
vn -0.3827 -0.0000 0.9239
vn -0.2968 0.0004 0.9549
vn -0.4653 -0.0000 0.8851
vn -0.4654 -0.0000 0.8851
vn -0.3828 -0.0000 0.9239
vn -0.0001 -0.7071 0.7071
vn -0.1744 -0.7314 0.6592
vn -0.2596 -0.7345 0.6270
vn -0.1743 -0.7315 0.6592
vn -0.2597 -0.7345 0.6269
vn -0.3428 -0.7315 0.5894
vn -0.3429 -0.7314 0.5894
vn -0.2598 -0.7345 0.6269
vn -0.4999 -0.7071 0.5001
vn -0.5000 -0.7071 0.5000
vn 0.8661 -0.0000 0.4999
vn 1.0000 -0.0000 0.0001
vn 0.9659 -0.0000 0.2587
vn 0.9659 -0.0000 0.2589
vn 0.8660 -0.0000 0.5001
vn 0.7071 -0.0000 0.7071
vn 0.5001 -0.0000 0.8660
vn 0.7071 -0.0000 0.7072
vn 0.4999 -0.0000 0.8661
vn 0.2589 -0.0000 0.9659
vn 0.2587 -0.0000 0.9660
vn 0.2588 -0.0000 0.9659
vn 0.0001 -0.0000 1.0000
vn 0.7071 -0.7071 0.0001
vn 0.5774 -0.7886 0.2113
vn 0.5774 -0.7887 0.2113
vn 0.5773 -0.7887 0.2114
vn 0.4083 -0.8165 0.4082
vn 0.4082 -0.8165 0.4083
vn 0.2114 -0.7887 0.5773
vn 0.2112 -0.7887 0.5774
vn -0.0000 -0.7072 0.7071
vn 0.2113 -0.7886 0.5774
vn 0.0001 -0.7072 0.7071
vn -0.7072 -0.0000 0.7071
vn -0.8660 -0.0000 0.5001
vn -0.8660 -0.0000 0.5000
vn -0.7072 -0.0000 0.7070
vn -0.9239 -0.0000 0.3827
vn -0.8661 -0.0000 0.4999
vn -0.9659 -0.0010 0.2589
vn -0.9659 -0.0000 0.2587
vn -0.9239 -0.0000 0.3826
vn -1.0000 -0.0000 0.0001
vn -0.9930 -0.0000 0.1185
vn -0.9930 -0.0000 0.1184
vn -0.7859 -0.0000 0.6184
vn -0.9239 -0.0000 0.3828
vn -0.9238 -0.0000 0.3828
vn -0.8851 -0.0000 0.4654
vn -0.8852 0.0005 0.4653
vn -0.9549 -0.0000 0.2969
vn -0.9549 -0.0000 0.2968
vn -0.5894 -0.7314 0.3429
vn -0.5000 -0.7071 0.4999
vn -0.6269 -0.7345 0.2598
vn -0.6270 -0.7345 0.2597
vn -0.6584 -0.7323 0.1740
vn -0.6593 -0.7314 0.1743
vn -0.6270 -0.7345 0.2596
vn -0.7071 -0.7071 -0.0000
vn -0.5002 -0.7072 0.4997
vn -0.9087 -0.0000 -0.4174
vn -1.0000 -0.0000 -0.0001
vn -0.9566 -0.0000 -0.2914
vn -0.9565 -0.0000 -0.2916
vn -0.8384 -0.0000 -0.5451
vn -0.9087 -0.0000 -0.4175
vn -0.8383 -0.0000 -0.5452
vn -0.6508 -0.0023 -0.7593
vn -0.6508 -0.0000 -0.7593
vn -0.6515 -0.0000 -0.7586
vn -0.6514 -0.0000 -0.7587
vn -0.6506 -0.0000 -0.7594
vn -0.2754 -0.0000 -0.9613
vn -0.2752 -0.0000 -0.9614
vn -0.1384 -0.0000 -0.9904
vn -0.1382 -0.0000 -0.9904
vn -0.8383 -0.0000 -0.5453
vn -0.6500 -0.0000 -0.7599
vn -0.6507 -0.0000 -0.7594
vn -0.6499 -0.0000 -0.7600
vn -0.4083 -0.0000 -0.9129
vn -0.4082 -0.0000 -0.9129
vn -0.2753 -0.0023 -0.9613
vn -0.4081 -0.0000 -0.9129
vn -0.5610 -0.8045 -0.1949
vn -0.5447 -0.8101 -0.2169
vn -0.7071 -0.7071 -0.0001
vn -0.5503 -0.8064 -0.2167
vn -0.7070 -0.7072 -0.0001
vn -0.7071 -0.7072 -0.0001
vn -0.5503 -0.8064 -0.2166
vn -0.5547 -0.8044 -0.2128
vn -0.5546 -0.8044 -0.2128
vn -0.5610 -0.8046 -0.1950
vn -0.4602 -0.8355 -0.3002
vn -0.5446 -0.8101 -0.2170
vn -0.5446 -0.8101 -0.2169
vn -0.4807 -0.8293 -0.2849
vn -0.4806 -0.8293 -0.2849
vn -0.5502 -0.8064 -0.2167
vn -0.4883 -0.8249 -0.2847
vn -0.5500 -0.8067 -0.2165
vn -0.5545 -0.8045 -0.2129
vn -0.3537 -0.8391 -0.4134
vn -0.3536 -0.8390 -0.4135
vn -0.4883 -0.8249 -0.2848
vn -0.2755 -0.8361 -0.4743
vn -0.3535 -0.8391 -0.4135
vn -0.2754 -0.8362 -0.4744
vn -0.1234 -0.8048 -0.5805
vn -0.1234 -0.8048 -0.5806
vn -0.2753 -0.8361 -0.4744
vn -0.0394 -0.7790 -0.6257
vn -0.1233 -0.8048 -0.5806
vn -0.0393 -0.7790 -0.6258
vn 0.1116 -0.7072 -0.6982
vn -0.0392 -0.7790 -0.6257
vn 0.1125 -0.7072 -0.6980
vn 0.1124 -0.7071 -0.6981
vn -0.0188 -0.7817 -0.6234
vn 0.1124 -0.7072 -0.6981
vn 0.1526 -0.7071 -0.6904
vn -0.0187 -0.7817 -0.6234
vn -0.0919 -0.8120 -0.5763
vn -0.0919 -0.8121 -0.5763
vn -0.0188 -0.7817 -0.6233
vn -0.2610 -0.8410 -0.4739
vn -0.0920 -0.8121 -0.5763
vn -0.2177 -0.8398 -0.4974
vn -0.2611 -0.8410 -0.4739
vn -0.3434 -0.8481 -0.4035
vn -0.2611 -0.8410 -0.4738
vn -0.4806 -0.8294 -0.2850
vn -0.4806 -0.8294 -0.2849
vn -0.4601 -0.8356 -0.3002
vn -0.4806 -0.8293 -0.2850
vn -0.2612 -0.8410 -0.4738
vn -0.0189 -0.7817 -0.6233
vn -0.2754 -0.8362 -0.4743
vn -0.2088 0.4999 0.8405
vn -0.2430 0.0001 0.9700
vn -0.2411 0.0001 0.9705
vn -0.2087 0.4999 0.8405
vn -0.2411 -0.0001 0.9705
vn -0.2412 -0.0001 0.9705
vn -0.2088 -0.4999 0.8405
vn -0.2413 -0.0001 0.9705
vn -0.2086 -0.4999 0.8406
vn -0.2089 -0.4999 0.8405
vn -0.2393 -0.0001 0.9709
vn -0.2088 0.5001 0.8404
vn -0.1207 0.8660 0.4853
vn -0.1206 0.8660 0.4853
vn -0.1205 0.8661 0.4852
vn -0.1206 0.8661 0.4851
vn -0.0000 1.0000 0.0001
vn -0.1206 0.8661 0.4852
vn -0.0000 1.0000 -0.0001
vn 0.1206 0.8661 -0.4851
vn 0.1205 0.8661 -0.4852
vn 0.1206 0.8660 -0.4853
vn 0.2087 0.5001 -0.8405
vn 0.2088 0.5001 -0.8404
vn 0.2089 0.4999 -0.8405
vn 0.2088 0.4999 -0.8405
vn 0.2413 0.0001 -0.9704
vn 0.2411 0.0001 -0.9705
vn 0.2070 0.4999 -0.8410
vn 0.2411 -0.0001 -0.9705
vn 0.2429 -0.0001 -0.9700
vn 0.2088 -0.4999 -0.8405
vn 0.2412 -0.0001 -0.9705
vn 0.2087 -0.4999 -0.8406
vn 0.2088 -0.5001 -0.8404
vn 0.1206 -0.8660 -0.4853
vn 0.1207 -0.8660 -0.4853
vn 0.1206 -0.8661 -0.4852
vn 0.1205 -0.8661 -0.4852
vn -0.0000 -1.0000 -0.0001
vn 0.1206 -0.8661 -0.4851
vn -0.0000 -1.0000 0.0001
vn -0.1206 -0.8661 0.4852
vn -0.1205 -0.8661 0.4852
vn -0.1206 -0.8661 0.4851
vn -0.1206 -0.8660 0.4853
vn -0.2088 -0.5001 0.8404
vn -0.2070 -0.4999 0.8410
vn -0.1207 -0.8660 0.4853
vn -0.1205 -0.8661 0.4851
vn 0.0001 -1.0000 0.0001
vn 0.2087 -0.5001 -0.8405
vn 0.2413 -0.0001 -0.9704
vn 0.2106 -0.4999 -0.8401
vn 0.2412 0.0001 -0.9705
vn 0.2393 0.0001 -0.9709
vn 0.2087 0.4999 -0.8406
vn 0.1208 0.8660 -0.4853
vn 0.1206 0.8661 -0.4852
vn -0.1207 0.8661 0.4852
vn -0.2086 0.5001 0.8405
vn -0.2089 0.4999 0.8405
vn -0.2106 0.4999 0.8401
vn -0.2413 0.0001 0.9705
vn -0.2412 0.0001 0.9705
vn 0.0001 1.0000 0.0001
vn 0.1207 0.8660 -0.4853
vn 0.2413 0.0001 -0.9705
vn 0.2413 -0.0001 -0.9705
vn -0.1207 -0.8661 0.4852
vn -0.2087 -0.5001 0.8404
vn 0.3910 -0.9091 -0.1439
vn 0.4083 -0.9091 -0.0829
vn 0.4069 -0.9091 -0.0896
vn 0.4069 -0.9091 -0.0895
vn 0.4103 -0.9091 -0.0727
vn 0.4119 -0.9091 -0.0625
vn 0.4120 -0.9091 -0.0625
vn 0.4134 -0.9091 -0.0521
vn 0.4146 -0.9091 -0.0418
vn 0.4167 -0.9091 -0.0000
vn 0.4145 -0.9091 -0.0418
vn 0.4155 -0.9091 -0.0314
vn 0.4155 -0.9091 -0.0313
vn 0.4161 -0.9091 -0.0209
vn 0.4165 -0.9091 -0.0104
vn 0.4165 -0.9091 -0.0105
vn 0.4103 -0.9091 0.0723
vn 0.4069 -0.9091 0.0896
vn 0.4103 -0.9091 0.0724
vn 0.3915 -0.9091 0.1425
vn 0.3781 -0.9091 0.1749
vn 0.3782 -0.9090 0.1750
vn 0.3608 -0.9091 0.2083
vn 0.3781 -0.9091 0.1750
vn 0.3317 -0.9091 0.2522
vn 0.3608 -0.9091 0.2084
vn 0.3192 -0.9091 0.2678
vn 0.2697 -0.9091 0.3176
vn 0.2698 -0.9091 0.3175
vn 0.2678 -0.9091 0.3192
vn 0.2083 -0.9091 0.3608
vn 0.1952 -0.9091 0.3681
vn 0.1425 -0.9091 0.3915
vn 0.1115 -0.9091 0.4015
vn 0.1115 -0.9091 0.4014
vn 0.0724 -0.9091 0.4103
vn 0.0226 -0.9091 0.4160
vn 0.0225 -0.9091 0.4160
vn 0.0723 -0.9091 0.4103
vn -0.0000 -0.9091 0.4167
vn -0.0674 -0.9091 0.4112
vn -0.0723 -0.9091 0.4103
vn -0.0724 -0.9091 0.4103
vn -0.1425 -0.9091 0.3915
vn -0.1542 -0.9091 0.3871
vn -0.2083 -0.9091 0.3608
vn -0.2338 -0.9091 0.3449
vn -0.2678 -0.9091 0.3192
vn -0.3025 -0.9091 0.2865
vn -0.3192 -0.9091 0.2678
vn -0.3570 -0.9091 0.2148
vn -0.3608 -0.9091 0.2083
vn -0.3915 -0.9091 0.1425
vn -0.3948 -0.9091 0.1330
vn -0.4103 -0.9091 0.0723
vn -0.4142 -0.9091 0.0450
vn -0.4167 -0.9091 -0.0000
vn -0.4142 -0.9091 -0.0450
vn -0.4165 -0.9091 -0.0104
vn -0.4142 -0.9091 -0.0451
vn -0.4161 -0.9091 -0.0209
vn -0.4155 -0.9091 -0.0313
vn -0.4155 -0.9091 -0.0314
vn -0.4146 -0.9091 -0.0418
vn -0.4134 -0.9091 -0.0521
vn -0.4119 -0.9091 -0.0624
vn -0.4119 -0.9091 -0.0625
vn -0.4103 -0.9091 -0.0727
vn -0.4083 -0.9091 -0.0829
vn -0.3949 -0.9091 -0.1330
vn -0.3948 -0.9091 -0.1331
vn -0.3910 -0.9091 -0.1439
vn -0.3948 -0.9091 -0.1330
vn -0.3647 -0.9091 -0.2015
vn -0.3570 -0.9091 -0.2148
vn -0.3647 -0.9091 -0.2016
vn -0.3299 -0.9091 -0.2545
vn -0.3025 -0.9091 -0.2865
vn -0.2875 -0.9091 -0.3016
vn -0.2338 -0.9091 -0.3448
vn -0.2874 -0.9091 -0.3016
vn -0.2384 -0.9091 -0.3417
vn -0.2338 -0.9091 -0.3449
vn -0.1838 -0.9091 -0.3739
vn -0.1542 -0.9091 -0.3870
vn -0.1542 -0.9091 -0.3871
vn -0.1249 -0.9091 -0.3975
vn -0.1250 -0.9091 -0.3975
vn -0.0674 -0.9091 -0.4112
vn -0.0632 -0.9091 -0.4118
vn -0.0000 -0.9091 -0.4167
vn 0.0225 -0.9091 -0.4160
vn 0.0226 -0.9091 -0.4160
vn 0.0632 -0.9091 -0.4118
vn 0.1115 -0.9091 -0.4015
vn 0.1249 -0.9091 -0.3975
vn 0.1250 -0.9091 -0.3975
vn 0.1952 -0.9091 -0.3681
vn 0.1838 -0.9091 -0.3739
vn 0.2384 -0.9091 -0.3417
vn 0.2697 -0.9091 -0.3176
vn 0.2698 -0.9091 -0.3175
vn 0.2875 -0.9091 -0.3016
vn 0.3317 -0.9091 -0.2522
vn 0.3317 -0.9091 -0.2521
vn 0.3299 -0.9091 -0.2545
vn 0.3647 -0.9091 -0.2015
vn 0.3781 -0.9091 -0.1750
vn 0.3782 -0.9091 -0.1749
vn -0.9766 -0.0000 0.2149
vn -0.9941 -0.0000 0.1081
vn -0.9941 -0.0000 -0.1081
vn -0.9766 -0.0001 -0.2149
vn -0.9766 -0.0000 -0.2150
vn -0.9941 -0.0000 -0.1082
vn -0.9477 -0.0000 -0.3193
vn -0.9076 -0.0000 -0.4198
vn -0.9076 -0.0000 -0.4199
vn -0.9476 -0.0000 -0.3194
vn -0.8569 -0.0000 -0.5155
vn -0.9075 -0.0000 -0.4200
vn -0.8569 -0.0000 -0.5156
vn -0.7961 -0.0000 -0.6051
vn -0.7961 -0.0000 -0.6052
vn -0.8568 -0.0000 -0.5156
vn -0.7261 -0.0000 -0.6876
vn -0.7260 -0.0000 -0.6877
vn -0.6474 -0.0000 -0.7621
vn -0.6474 -0.0000 -0.7622
vn -0.5612 -0.0000 -0.8277
vn -0.6473 -0.0001 -0.7622
vn -0.4685 -0.0000 -0.8835
vn -0.4684 -0.0000 -0.8835
vn -0.5611 -0.0000 -0.8277
vn -0.3702 -0.0000 -0.9290
vn -0.3701 -0.0000 -0.9290
vn -0.2676 -0.0000 -0.9635
vn -0.2675 -0.0000 -0.9635
vn -0.1618 -0.0000 -0.9868
vn -0.2675 -0.0000 -0.9636
vn -0.0542 -0.0000 -0.9985
vn -0.0541 -0.0000 -0.9985
vn -0.1617 -0.0000 -0.9868
vn 0.0541 0.0001 -0.9985
vn -0.0541 -0.0001 -0.9985
vn 0.0541 -0.0000 -0.9985
vn 0.1617 -0.0000 -0.9868
vn 0.1618 -0.0000 -0.9868
vn 0.0542 -0.0000 -0.9985
vn 0.2675 -0.0000 -0.9636
vn 0.2675 -0.0000 -0.9635
vn 0.3701 -0.0000 -0.9290
vn 0.2676 -0.0000 -0.9635
vn 0.4684 -0.0000 -0.8835
vn 0.3702 -0.0000 -0.9290
vn 0.5611 -0.0000 -0.8277
vn 0.5612 -0.0000 -0.8277
vn 0.4685 -0.0000 -0.8835
vn 0.6473 0.0001 -0.7622
vn 0.6474 -0.0000 -0.7622
vn 0.7260 -0.0000 -0.6877
vn 0.6474 -0.0000 -0.7621
vn 0.7961 -0.0000 -0.6052
vn 0.7261 -0.0000 -0.6876
vn 0.8568 -0.0000 -0.5156
vn 0.8569 -0.0000 -0.5156
vn 0.7961 -0.0000 -0.6051
vn 0.9075 -0.0000 -0.4200
vn 0.8569 -0.0000 -0.5155
vn 0.9076 -0.0000 -0.4199
vn 0.9476 -0.0000 -0.3194
vn 0.9477 -0.0000 -0.3193
vn 0.9076 -0.0000 -0.4198
vn 0.9766 -0.0000 -0.2150
vn 0.9941 -0.0000 -0.1082
vn 0.9941 -0.0000 -0.1081
vn 0.9766 0.0001 -0.2149
vn 0.9941 -0.0000 0.1081
vn 0.9766 -0.0000 0.2149
vn 0.9941 -0.0000 0.1082
vn 0.9766 -0.0000 0.2150
vn 0.9477 -0.0000 0.3193
vn 0.9076 -0.0000 0.4198
vn 0.9476 -0.0000 0.3194
vn 0.9076 -0.0000 0.4199
vn 0.8569 -0.0000 0.5155
vn 0.8569 -0.0000 0.5156
vn 0.9075 -0.0000 0.4200
vn 0.7961 0.0001 0.6051
vn 0.8568 -0.0000 0.5156
vn 0.7961 -0.0000 0.6052
vn 0.7261 -0.0000 0.6876
vn 0.7260 -0.0000 0.6877
vn 0.6474 -0.0000 0.7621
vn 0.6474 -0.0000 0.7622
vn 0.5612 -0.0000 0.8277
vn 0.6473 -0.0000 0.7622
vn 0.4685 -0.0000 0.8835
vn 0.5611 -0.0000 0.8277
vn 0.4684 -0.0000 0.8835
vn 0.3702 -0.0000 0.9290
vn 0.3701 -0.0000 0.9290
vn 0.2676 -0.0000 0.9635
vn 0.2675 -0.0000 0.9636
vn 0.1618 -0.0000 0.9868
vn 0.0542 -0.0000 0.9985
vn 0.1617 -0.0000 0.9868
vn 0.0541 -0.0000 0.9985
vn -0.0541 -0.0000 0.9985
vn -0.1617 -0.0000 0.9868
vn -0.0542 -0.0000 0.9985
vn -0.1618 -0.0000 0.9868
vn -0.2675 -0.0000 0.9636
vn -0.3701 -0.0000 0.9290
vn -0.2676 -0.0000 0.9635
vn -0.4684 -0.0000 0.8835
vn -0.3702 -0.0000 0.9290
vn -0.5611 -0.0000 0.8277
vn -0.4685 -0.0000 0.8835
vn -0.5612 -0.0000 0.8277
vn -0.6473 -0.0000 0.7622
vn -0.6474 -0.0000 0.7622
vn -0.7260 -0.0000 0.6877
vn -0.6474 -0.0000 0.7621
vn -0.7961 -0.0000 0.6052
vn -0.7261 -0.0000 0.6876
vn -0.8568 -0.0000 0.5156
vn -0.7961 -0.0001 0.6051
vn -0.8569 -0.0000 0.5156
vn -0.9075 -0.0000 0.4200
vn -0.9076 -0.0000 0.4199
vn -0.8569 -0.0000 0.5155
vn -0.9476 -0.0000 0.3194
vn -0.9076 -0.0000 0.4198
vn -0.9477 -0.0000 0.3193
vn -0.9766 -0.0000 0.2150
vn -0.9941 -0.0000 0.1082
vn -0.0001 -0.8944 -0.4472
vn -0.1702 -0.9099 -0.3783
vn -0.0000 -0.8944 -0.4472
vn -0.1703 -0.9099 -0.3783
vn -0.3348 -0.8944 -0.2965
vn -0.3347 -0.8944 -0.2965
vn -0.1704 -0.9099 -0.3783
vn 0.3162 -0.8944 -0.3162
vn 0.1605 -0.9078 -0.3874
vn 0.1605 -0.9078 -0.3875
vn -0.4379 -0.8985 -0.0300
vn -0.4379 -0.8985 -0.0301
vn -0.3960 -0.9059 -0.1501
vn -0.3960 -0.9059 -0.1502
vn -0.3904 -0.9058 -0.1649
vn -0.3903 -0.9058 -0.1650
vn -0.4473 -0.8944 -0.0000
vn -0.9635 -0.0000 -0.2677
vn -0.9837 -0.0000 -0.1797
vn -0.9635 -0.0000 -0.2676
vn -0.9837 -0.0000 -0.1796
vn -0.9959 -0.0000 -0.0902
vn -0.3348 -0.8945 -0.2965
vn 0.7072 -0.0000 -0.7071
vn 0.8997 -0.0000 -0.4364
vn 0.8998 -0.0000 -0.4363
vn 0.9931 -0.0000 -0.1176
vn 0.9931 -0.0000 -0.1174
vn 0.9768 -0.0000 0.2143
vn 0.7071 -0.0000 -0.7071
vn 0.8447 -0.0000 -0.5352
vn 0.7072 -0.0000 -0.7070
vn 0.8660 -0.0000 -0.5001
vn 0.8448 -0.0000 -0.5351
vn 0.8660 -0.0000 -0.5000
vn 0.9239 -0.0000 -0.3827
vn 0.8661 -0.0000 -0.4999
vn 0.9659 -0.0000 -0.2589
vn 0.9659 -0.0000 -0.2588
vn 0.9757 -0.0000 -0.2190
vn 0.9757 -0.0000 -0.2189
vn 0.9758 -0.0000 -0.2189
vn 0.3163 -0.8944 -0.3162
vn 0.3874 -0.9078 -0.1605
vn -0.0000 1.0000 -0.0000
vn 0.3163 -0.8944 -0.3163
vn 0.3159 -0.8944 -0.3165
vn 0.3161 -0.8944 -0.3163
vn 0.4422 -0.8944 0.0666
vn 0.4404 -0.8944 0.0776
vn 0.4404 -0.8944 0.0777
vn 0.4422 -0.8944 0.0667
vn 0.4274 -0.8944 0.1318
vn 0.4273 -0.8944 0.1318
vn 0.4202 -0.8944 0.1530
vn 0.4029 -0.8944 0.1940
vn 0.4029 -0.8944 0.1941
vn 0.3873 -0.8944 0.2236
vn 0.3695 -0.8944 0.2519
vn 0.3426 -0.8944 0.2874
vn 0.3426 -0.8944 0.2875
vn 0.3279 -0.8944 0.3042
vn 0.3278 -0.8944 0.3042
vn 0.2875 -0.8944 0.3426
vn 0.2788 -0.8944 0.3496
vn 0.2236 -0.8944 0.3873
vn 0.2788 -0.8944 0.3497
vn 0.1634 -0.8944 0.4163
vn 0.1529 -0.8944 0.4203
vn 0.0995 -0.8944 0.4360
vn 0.1530 -0.8944 0.4202
vn 0.0777 -0.8944 0.4404
vn 0.0334 -0.8944 0.4460
vn -0.0000 -0.8944 0.4472
vn -0.0334 -0.8944 0.4460
vn -0.0777 -0.8944 0.4404
vn -0.0995 -0.8944 0.4360
vn -0.1530 -0.8944 0.4202
vn -0.1529 -0.8944 0.4202
vn -0.1634 -0.8944 0.4163
vn -0.2236 -0.8944 0.3873
vn -0.2788 -0.8944 0.3497
vn -0.2788 -0.8944 0.3496
vn -0.2875 -0.8944 0.3426
vn -0.3278 -0.8944 0.3042
vn -0.3426 -0.8944 0.2875
vn -0.3279 -0.8944 0.3042
vn -0.3695 -0.8944 0.2519
vn -0.3426 -0.8944 0.2874
vn -0.3873 -0.8944 0.2236
vn -0.4029 -0.8944 0.1941
vn -0.4202 -0.8944 0.1530
vn -0.4273 -0.8944 0.1318
vn -0.4404 -0.8944 0.0777
vn -0.4274 -0.8944 0.1318
vn -0.4422 -0.8944 0.0667
vn -0.4404 -0.8944 0.0776
vn -0.4422 -0.8944 0.0666
vn -0.9888 -0.0000 0.1490
vn -0.9888 -0.0000 0.1491
vn -0.9556 -0.0000 0.2947
vn -0.9556 -0.0000 0.2948
vn -0.9010 -0.0000 0.4339
vn -0.8262 -0.0000 0.5633
vn -0.8263 -0.0000 0.5633
vn -0.7331 -0.0000 0.6801
vn -0.7331 -0.0000 0.6802
vn -0.7330 -0.0000 0.6802
vn -0.6235 -0.0000 0.7818
vn -0.5000 -0.0000 0.8660
vn -0.6235 -0.0000 0.7819
vn -0.3653 -0.0000 0.9309
vn -0.2225 -0.0000 0.9749
vn -0.0748 -0.0000 0.9972
vn -0.0747 -0.0000 0.9972
vn 0.0747 -0.0000 0.9972
vn 0.0748 -0.0000 0.9972
vn 0.2225 -0.0000 0.9749
vn 0.3653 -0.0000 0.9309
vn 0.5000 -0.0000 0.8660
vn 0.6235 -0.0000 0.7818
vn 0.6235 -0.0000 0.7819
vn 0.7330 -0.0000 0.6802
vn 0.7331 -0.0000 0.6802
vn 0.8262 -0.0000 0.5633
vn 0.9010 -0.0000 0.4339
vn 0.9556 -0.0000 0.2948
vn 0.9556 -0.0000 0.2947
vn 0.9888 -0.0000 0.1491
vn 0.9888 -0.0000 0.1490
vn -0.9659 -0.0000 -0.2587
vn -0.9659 -0.0000 -0.2589
vn -0.8661 -0.0000 -0.4999
vn -0.8660 -0.0000 -0.5000
vn -0.7072 -0.0000 -0.7070
vn -0.8660 -0.0000 -0.5001
vn -0.7070 -0.0000 -0.7072
vn -0.5000 -0.0000 -0.8660
vn -0.5001 -0.0000 -0.8660
vn -0.4999 -0.0000 -0.8661
vn -0.2589 -0.0000 -0.9659
vn -0.2587 -0.0000 -0.9659
vn -0.0001 -0.0000 -1.0000
vn -0.2587 -0.0000 -0.9660
vn 0.0001 -0.0000 -1.0000
vn 0.2587 -0.0000 -0.9660
vn 0.2587 -0.0000 -0.9659
vn 0.2589 -0.0000 -0.9659
vn 0.4999 -0.0000 -0.8661
vn 0.5000 -0.0000 -0.8661
vn 0.5001 -0.0000 -0.8660
vn 0.7070 -0.0000 -0.7072
vn 0.5000 -0.0000 -0.8660
vn 0.9659 -0.0000 -0.2587
vn 0.8660 -0.0000 0.5000
vn 0.7072 -0.0000 0.7070
vn 0.7070 -0.0000 0.7072
vn 0.2587 -0.0000 0.9659
vn -0.2587 -0.0000 0.9660
vn -0.4999 -0.0000 0.8661
vn -0.9659 -0.0000 0.2589
vn 0.9782 -0.0000 0.2078
vn 0.9782 -0.0000 -0.2078
vn 0.9781 -0.0000 -0.2080
vn 0.9136 -0.0000 -0.4067
vn 0.9135 -0.0000 -0.4068
vn 0.8091 -0.0000 -0.5877
vn 0.8090 -0.0000 -0.5878
vn 0.6692 -0.0000 -0.7431
vn 0.6691 -0.0000 -0.7432
vn 0.3091 -0.0000 -0.9510
vn 0.3089 -0.0000 -0.9511
vn 0.1046 -0.0000 -0.9945
vn 0.1045 -0.0000 -0.9945
vn -0.1045 -0.0000 -0.9945
vn -0.1046 -0.0000 -0.9945
vn -0.3089 -0.0000 -0.9511
vn -0.3091 -0.0000 -0.9510
vn -0.6691 -0.0000 -0.7432
vn -0.6692 -0.0000 -0.7431
vn -0.8090 -0.0000 -0.5878
vn -0.8091 -0.0000 -0.5877
vn -0.9135 -0.0000 -0.4068
vn -0.9136 -0.0000 -0.4067
vn -0.9781 -0.0000 -0.2080
vn -0.9782 -0.0000 -0.2078
vn -0.9782 -0.0000 0.2078
vn -0.9781 -0.0000 0.2080
vn -0.9136 -0.0000 0.4067
vn -0.9135 -0.0000 0.4068
vn -0.8091 -0.0000 0.5877
vn -0.8090 -0.0000 0.5878
vn -0.6692 -0.0000 0.7431
vn -0.6691 -0.0000 0.7432
vn -0.3091 -0.0000 0.9510
vn -0.3090 -0.0000 0.9511
vn -0.1046 -0.0000 0.9945
vn -0.3089 -0.0000 0.9511
vn -0.1045 -0.0000 0.9945
vn 0.1045 -0.0000 0.9945
vn 0.1046 -0.0000 0.9945
vn 0.3089 -0.0000 0.9511
vn 0.3090 -0.0000 0.9511
vn 0.3091 -0.0000 0.9510
vn 0.6691 -0.0000 0.7432
vn 0.6692 -0.0000 0.7431
vn 0.8090 -0.0000 0.5878
vn 0.8091 -0.0000 0.5877
vn 0.9135 -0.0000 0.4068
vn 0.9136 -0.0000 0.4067
vn 0.9781 -0.0000 0.2080
vn 0.1044 -0.0000 -0.9945
vn 0.9767 -0.0000 0.2144
vn 0.9767 0.0002 0.2145
vn 0.9767 0.0001 0.2144
vn 0.9767 -0.0005 0.2145
vn 0.9767 0.0002 0.2144
vn 0.9767 -0.0001 0.2144
vn 0.9768 0.0002 0.2144
vn 0.9994 -0.0000 0.0345
vn 0.9994 -0.0000 0.0346
vn 0.9892 -0.0000 -0.1465
vn 0.9892 -0.0000 -0.1466
vn 0.9465 -0.0000 -0.3227
vn 0.8727 -0.0000 -0.4883
vn 0.8726 -0.0000 -0.4884
vn 0.7702 -0.0000 -0.6378
vn 0.7701 -0.0000 -0.6379
vn 0.6423 -0.0000 -0.7664
vn 0.6422 -0.0000 -0.7665
vn 0.6423 -0.0000 -0.7665
vn 0.4934 -0.0000 -0.8698
vn 0.4933 -0.0000 -0.8699
vn 0.3282 -0.0000 -0.9446
vn 0.3281 -0.0000 -0.9447
vn 0.1522 -0.0000 -0.9883
vn 0.1522 -0.0000 -0.9884
vn 0.3280 -0.0000 -0.9447
vn 0.1521 -0.0000 -0.9884
vn -0.0288 -0.0000 -0.9996
vn -0.0289 -0.0000 -0.9996
vn -0.2088 -0.0000 -0.9780
vn -0.2089 -0.0000 -0.9779
vn -0.3820 -0.0000 -0.9242
vn -0.5426 -0.0000 -0.8400
vn -0.3820 -0.0000 -0.9241
vn -0.5427 -0.0000 -0.8400
vn -0.6854 -0.0000 -0.7282
vn -0.8056 -0.0000 -0.5925
vn -0.8993 -0.0000 -0.4373
vn -0.8994 -0.0000 -0.4372
vn -0.8993 -0.0000 -0.4372
vn -0.9635 0.0002 -0.2676
vn -0.9635 0.0001 -0.2677
vn -0.9635 -0.0002 -0.2676
vn -0.9635 0.0004 -0.2677
vn -0.9635 -0.0001 -0.2677
vn -0.9635 0.0003 -0.2676
vn -0.9635 -0.0003 -0.2676
vn 0.2697 -0.0000 0.9629
vn -0.2697 -0.0000 0.9629
vn -0.2699 -0.0000 0.9629
vn -0.5195 -0.0000 0.8545
vn -0.5197 -0.0000 0.8544
vn -0.7308 -0.0000 0.6826
vn -0.5196 -0.0000 0.8544
vn -0.7309 -0.0000 0.6825
vn -0.8879 -0.0000 0.4601
vn -0.8878 -0.0000 0.4601
vn -0.8879 -0.0000 0.4600
vn -0.9791 -0.0000 0.2036
vn -0.9791 -0.0000 0.2035
vn -0.9791 -0.0000 0.2034
vn -0.9977 -0.0000 -0.0682
vn -0.9977 -0.0000 -0.0683
vn -0.9423 -0.0000 -0.3348
vn -0.9422 -0.0000 -0.3350
vn -0.8170 -0.0000 -0.5766
vn -0.8169 -0.0000 -0.5768
vn -0.6312 -0.0000 -0.7757
vn -0.6312 -0.0000 -0.7756
vn -0.8169 -0.0000 -0.5767
vn -0.6310 -0.0000 -0.7758
vn -0.3985 -0.0000 -0.9172
vn -0.3983 -0.0000 -0.9172
vn -0.1363 -0.0000 -0.9907
vn -0.1362 -0.0000 -0.9907
vn -0.1361 -0.0000 -0.9907
vn 0.1361 -0.0000 -0.9907
vn 0.1362 -0.0000 -0.9907
vn 0.3983 -0.0000 -0.9172
vn 0.1363 -0.0000 -0.9907
vn 0.3985 -0.0000 -0.9172
vn 0.6310 -0.0000 -0.7758
vn 0.6311 -0.0000 -0.7757
vn 0.8169 -0.0000 -0.5768
vn 0.8169 -0.0000 -0.5767
vn 0.6312 -0.0000 -0.7756
vn 0.8170 -0.0000 -0.5766
vn 0.9422 -0.0000 -0.3350
vn 0.9423 -0.0000 -0.3348
vn 0.9977 -0.0000 -0.0683
vn 0.9977 -0.0000 -0.0682
vn 0.9791 -0.0000 0.2034
vn 0.9791 -0.0000 0.2035
vn 0.8879 -0.0000 0.4600
vn 0.9791 -0.0000 0.2036
vn 0.8878 -0.0000 0.4601
vn 0.7309 -0.0000 0.6825
vn 0.7308 -0.0000 0.6826
vn 0.5196 -0.0000 0.8544
vn 0.5197 -0.0000 0.8544
vn 0.5195 -0.0000 0.8545
vn 0.2699 -0.0000 0.9629
vn -0.2224 -0.0000 0.9749
vn 0.2224 -0.0000 0.9749
vn 0.2226 -0.0000 0.9749
vn 0.4338 -0.0000 0.9010
vn 0.4340 -0.0000 0.9009
vn 0.6234 -0.0000 0.7819
vn 0.4339 -0.0000 0.9009
vn 0.6236 -0.0000 0.7818
vn 0.7818 -0.0000 0.6235
vn 0.7819 -0.0000 0.6234
vn 0.9009 -0.0000 0.4339
vn 0.9010 -0.0000 0.4338
vn 0.9749 -0.0000 0.2226
vn 0.9749 -0.0000 0.2224
vn 0.9749 -0.0000 -0.2224
vn 0.9749 -0.0000 -0.2226
vn 0.9010 -0.0000 -0.4338
vn 0.9009 -0.0000 -0.4339
vn 0.7819 -0.0000 -0.6234
vn 0.7818 -0.0000 -0.6235
vn 0.6235 0.0001 -0.7818
vn 0.6235 -0.0000 -0.7818
vn 0.6234 -0.0000 -0.7819
vn 0.4339 -0.0000 -0.9009
vn 0.4338 -0.0000 -0.9010
vn 0.2226 -0.0000 -0.9749
vn 0.2224 -0.0000 -0.9750
vn 0.2224 -0.0000 -0.9749
vn -0.2224 -0.0000 -0.9750
vn -0.2224 -0.0000 -0.9749
vn -0.2226 -0.0000 -0.9749
vn -0.4338 -0.0000 -0.9010
vn -0.4339 -0.0000 -0.9009
vn -0.6234 -0.0000 -0.7819
vn -0.6235 -0.0000 -0.7818
vn -0.7818 -0.0000 -0.6236
vn -0.7818 -0.0000 -0.6235
vn -0.7819 -0.0000 -0.6234
vn -0.9009 -0.0000 -0.4339
vn -0.9010 -0.0000 -0.4338
vn -0.9749 -0.0000 -0.2226
vn -0.9749 -0.0000 -0.2224
vn -0.9749 -0.0000 0.2224
vn -0.9749 -0.0000 0.2226
vn -0.9010 -0.0000 0.4338
vn -0.9009 -0.0000 0.4339
vn -0.7819 -0.0000 0.6234
vn -0.7818 -0.0000 0.6236
vn -0.7818 -0.0000 0.6235
vn -0.6234 -0.0000 0.7819
vn -0.4339 -0.0000 0.9009
vn -0.4338 -0.0000 0.9010
vn -0.2226 -0.0000 0.9749
vn -0.5877 -0.0000 0.8091
vn -0.5878 -0.0000 0.8090
vn -0.8090 -0.0000 0.5879
vn -0.9510 -0.0000 0.3091
vn -0.9511 -0.0000 0.3089
vn -0.9511 -0.0000 -0.3089
vn -0.9510 -0.0000 -0.3091
vn -0.5879 -0.0000 -0.8090
vn -0.5878 -0.0000 -0.8090
vn -0.8090 -0.0000 -0.5879
vn -0.5877 -0.0000 -0.8091
vn 0.3090 -0.0000 -0.9511
vn 0.5877 -0.0000 -0.8091
vn 0.5878 -0.0000 -0.8090
vn 0.8090 -0.0000 -0.5879
vn 0.5879 -0.0000 -0.8090
vn 0.9510 -0.0000 -0.3091
vn 0.9511 -0.0000 -0.3089
vn 0.9511 -0.0000 0.3089
vn 0.9510 -0.0000 0.3091
vn 0.5879 -0.0000 0.8090
vn 0.5878 -0.0000 0.8090
vn 0.8090 -0.0000 0.5879
vn 0.5877 -0.0000 0.8091
vn 0.8878 -0.0001 0.4601
vn 0.7309 0.0001 0.6825
vn 0.9422 -0.0000 -0.3349
vn 0.8169 0.0001 -0.5768
vn 0.3984 -0.0000 -0.9172
vn -0.3984 -0.0000 -0.9172
vn -0.1363 0.0001 -0.9907
vn -0.3985 0.0001 -0.9172
vn -0.6311 -0.0000 -0.7757
vn -0.9422 -0.0000 -0.3349
vn -0.2698 -0.0000 0.9629
vn -0.2224 -0.0000 0.9750
vn -0.4340 -0.0000 0.9009
vn -0.4340 -0.0000 -0.9009
vn 0.4340 -0.0000 -0.9009
vn 0.9009 -0.0000 0.4340
vn 0.7818 -0.0000 0.6236
vn -0.2078 -0.0000 0.9782
vn -0.2079 -0.0000 0.9782
vn 0.2079 -0.0000 0.9782
vn 0.2080 -0.0000 0.9781
vn 0.4067 -0.0000 0.9136
vn 0.4066 -0.0000 0.9136
vn 0.4068 -0.0000 0.9135
vn 0.7431 -0.0000 0.6692
vn 0.7432 -0.0000 0.6691
vn 0.9511 -0.0000 0.3090
vn 0.9945 -0.0000 0.1046
vn 0.9945 -0.0000 0.1045
vn 0.9945 -0.0000 -0.1045
vn 0.9945 -0.0000 -0.1046
vn 0.9511 -0.0000 -0.3090
vn 0.7432 -0.0000 -0.6691
vn 0.7431 -0.0000 -0.6692
vn 0.7431 0.0001 -0.6692
vn 0.4068 -0.0000 -0.9135
vn 0.4067 -0.0000 -0.9136
vn 0.2080 -0.0000 -0.9781
vn 0.2078 -0.0000 -0.9782
vn 0.2079 -0.0000 -0.9782
vn -0.2078 -0.0000 -0.9782
vn -0.2079 -0.0000 -0.9782
vn -0.2080 -0.0000 -0.9781
vn -0.4067 -0.0000 -0.9136
vn -0.4068 -0.0000 -0.9135
vn -0.7431 -0.0000 -0.6692
vn -0.7432 -0.0000 -0.6691
vn -0.9511 -0.0000 -0.3090
vn -0.9945 -0.0000 -0.1046
vn -0.9945 -0.0000 -0.1045
vn -0.9945 -0.0000 0.1045
vn -0.9945 -0.0000 0.1046
vn -0.9511 -0.0000 0.3090
vn -0.7432 -0.0000 0.6691
vn -0.7431 -0.0000 0.6692
vn -0.7431 0.0001 0.6692
vn -0.4068 -0.0000 0.9135
vn -0.4066 -0.0000 0.9136
vn -0.2080 -0.0000 0.9781
vn -0.4067 -0.0000 0.9136
vn 0.2697 -0.0000 -0.9629
vn -0.2697 -0.0000 -0.9629
vn -0.2699 -0.0000 -0.9629
vn -0.5195 -0.0000 -0.8545
vn -0.5196 -0.0000 -0.8544
vn -0.7308 -0.0000 -0.6826
vn -0.7309 -0.0000 -0.6825
vn -0.8878 -0.0000 -0.4601
vn -0.8879 -0.0000 -0.4600
vn -0.9791 -0.0000 -0.2036
vn -0.9791 -0.0000 -0.2035
vn -0.9791 -0.0000 -0.2034
vn -0.9977 -0.0000 0.0682
vn -0.9977 -0.0000 0.0683
vn -0.9423 -0.0000 0.3348
vn -0.9422 -0.0000 0.3350
vn -0.8170 -0.0000 0.5766
vn -0.8169 -0.0000 0.5768
vn -0.6311 -0.0000 0.7757
vn -0.6312 -0.0000 0.7757
vn -0.6310 -0.0000 0.7758
vn -0.3985 -0.0000 0.9172
vn -0.3983 -0.0000 0.9172
vn -0.1363 -0.0000 0.9907
vn -0.1362 -0.0000 0.9907
vn -0.1361 -0.0000 0.9907
vn 0.1361 -0.0000 0.9907
vn 0.1362 -0.0000 0.9907
vn 0.3983 -0.0000 0.9172
vn 0.1363 -0.0000 0.9907
vn 0.3985 -0.0000 0.9172
vn 0.6310 -0.0000 0.7758
vn 0.6312 -0.0000 0.7757
vn 0.8169 -0.0000 0.5768
vn 0.6311 -0.0000 0.7757
vn 0.8170 -0.0000 0.5766
vn 0.9422 -0.0000 0.3350
vn 0.9423 -0.0000 0.3348
vn 0.9977 -0.0000 0.0683
vn 0.9977 -0.0000 0.0682
vn 0.9791 -0.0000 -0.2034
vn 0.9791 -0.0000 -0.2035
vn 0.8879 -0.0000 -0.4600
vn 0.9791 -0.0000 -0.2036
vn 0.8878 -0.0000 -0.4601
vn 0.7309 -0.0000 -0.6825
vn 0.7308 -0.0000 -0.6826
vn 0.5196 -0.0000 -0.8544
vn 0.5195 -0.0000 -0.8545
vn 0.2699 -0.0000 -0.9629
vn 0.7818 -0.0000 -0.6236
vn 0.7819 0.0001 0.6234
vn -0.6236 -0.0000 0.7818
vn -0.7819 -0.0001 0.6234
vn -0.5879 -0.0000 0.8090
vn 0.5197 -0.0000 -0.8544
vn 0.8879 -0.0000 -0.4601
vn 0.8169 -0.0001 0.5768
vn 0.1363 0.0001 0.9907
vn -0.9423 -0.0001 0.3348
vn -0.8879 -0.0001 -0.4601
vn -0.5196 0.0001 -0.8544
vn -0.5197 -0.0000 -0.8544
vn -0.5195 -0.0001 -0.8545
vn -0.6236 -0.0000 -0.7818
vn 0.6236 -0.0000 -0.7818
vn -0.2080 -0.0001 0.9781
vt 0.141421 7.274440
vt 0.141421 7.707994
vt -0.141421 7.554477
vt 0.030682 7.890226
vt -0.141421 7.966100
vt -0.070711 8.067882
vt -0.141421 7.142855
vt 0.141421 6.840887
vt -0.141421 6.731232
vt 0.141421 6.407333
vt -0.141421 6.319609
vt 0.141421 5.973780
vt -0.141421 5.907987
vt 0.141421 5.540226
vt -0.141421 5.496364
vt 0.141421 5.106672
vt -0.141421 5.084742
vt 0.141421 4.673119
vt -0.141421 4.673119
vt -0.141421 4.261496
vt 0.141421 4.239565
vt -0.141421 3.849874
vt 0.141421 3.806012
vt -0.141421 3.438251
vt 0.141421 3.372458
vt -0.141421 3.026628
vt 0.141421 2.938905
vt -0.141421 2.615006
vt 0.141421 2.505351
vt -0.141421 2.203383
vt 0.141421 2.071798
vt -0.141421 1.791760
vt 0.141421 1.638244
vt -0.141421 1.380138
vt 0.030682 1.456012
vt -0.070711 1.278356
vt -1.260208 0.000000
vt -0.000000 0.000000
vt -1.375909 0.050000
vt -1.375909 0.200000
vt -1.684674 0.350000
vt -0.000000 1.800000
vt -2.284322 0.350000
vt -8.931839 1.800000
vt -8.915219 0.000000
vt -8.931839 0.000000
vt -2.512593 0.200000
vt -2.586141 -0.000000
vt -2.512593 0.050000
vt 0.350000 8.233869
vt 0.200000 8.233869
vt 0.350000 7.808410
vt 0.200000 7.808410
vt 0.350000 7.382951
vt 0.200000 7.382951
vt 0.350000 6.957492
vt 0.200000 6.957492
vt 0.350000 6.532034
vt 0.200000 6.532034
vt 0.350000 6.106575
vt 0.200000 6.106575
vt 0.350000 5.681116
vt 0.200000 5.681116
vt 0.350000 5.255658
vt 0.200000 5.255658
vt 0.350000 4.830199
vt 0.200000 4.830199
vt 0.350000 4.404740
vt 0.200000 4.404740
vt 0.350000 3.979281
vt 0.200000 3.979281
vt 0.350000 3.553823
vt 0.200000 3.553823
vt 0.350000 3.128364
vt 0.200000 3.128364
vt 0.350000 2.702905
vt 0.200000 2.702905
vt 0.350000 2.277447
vt 0.200000 2.277447
vt 0.350000 1.851988
vt 0.200000 1.851988
vt 0.350000 1.426529
vt 0.200000 1.426529
vt -6.739792 -0.000000
vt -6.624092 0.050000
vt -8.000000 0.000000
vt -6.624092 0.200000
vt -6.315327 0.350000
vt -8.000000 1.800000
vt -5.715679 0.350000
vt -0.207107 1.800000
vt -0.207107 0.000000
vt -5.487407 0.200000
vt -5.413859 -0.000000
vt -5.487407 0.050000
vt 0.070711 2.886729
vt 0.141421 3.320416
vt -0.141421 3.429817
vt 0.141421 3.809122
vt -0.141421 3.898632
vt 0.141421 4.297827
vt -0.141421 4.367446
vt 0.141421 4.786532
vt -0.141421 4.836260
vt 0.141421 5.275238
vt -0.141421 5.305074
vt 0.141421 5.763943
vt -0.141421 5.773889
vt 0.141421 6.252649
vt -0.141421 6.242703
vt -0.141421 6.711517
vt 0.141421 6.741354
vt -0.141421 7.180332
vt 0.141421 7.230059
vt -0.141421 7.649146
vt 0.141421 7.718765
vt -0.141421 8.117960
vt 0.141421 8.207470
vt -0.141421 8.586774
vt 0.141421 8.696175
vt 0.070711 9.129863
vt 0.141421 9.184881
vt 0.141421 2.831711
vt 1.965228 0.167705
vt -3.241524 0.167705
vt 2.074690 0.154144
vt -2.761214 -0.167705
vt 1.955450 -0.167705
vt -0.350000 2.757679
vt -0.200000 2.757679
vt -0.350000 3.233608
vt -0.200000 3.233608
vt -0.350000 3.709537
vt -0.200000 3.709537
vt -0.350000 4.185466
vt -0.200000 4.185466
vt -0.350000 4.661394
vt -0.200000 4.661394
vt -0.350000 5.137323
vt -0.200000 5.137323
vt -0.350000 5.613252
vt -0.200000 5.613252
vt -0.350000 6.089181
vt -0.200000 6.089181
vt -0.350000 6.565110
vt -0.200000 6.565110
vt -0.350000 7.041038
vt -0.200000 7.041038
vt -0.350000 7.516967
vt -0.200000 7.516967
vt -0.350000 7.992896
vt -0.200000 7.992896
vt -0.350000 8.468825
vt -0.200000 8.468825
vt -0.350000 8.944753
vt -0.200000 8.944753
vt 0.106066 1.461322
vt 0.106066 1.897158
vt -0.106066 1.731362
vt -0.106066 2.160249
vt 0.106066 2.332994
vt -0.106066 2.589135
vt 0.106066 2.768829
vt -0.106066 3.018021
vt 0.106066 3.204665
vt -0.106066 3.446907
vt 0.106066 3.640501
vt -0.106066 3.875793
vt 0.106066 4.076337
vt -0.106066 4.304679
vt 0.106066 4.512172
vt -0.106066 4.733565
vt 0.106066 4.948008
vt -0.106066 5.162451
vt 0.106066 5.383844
vt -0.106066 5.591337
vt 0.106066 5.819680
vt -0.106066 6.020224
vt 0.106066 6.255515
vt -0.106066 6.449110
vt 0.106066 6.691351
vt -0.106066 6.877996
vt 0.106066 7.127187
vt -0.106066 7.306882
vt 0.106066 7.563023
vt -0.106066 7.735768
vt 0.106066 7.998858
vt -0.106066 8.164654
vt 0.106066 8.434694
vt 2.750000 -1.684673
vt 2.495882 -2.042351
vt 2.750000 -2.284321
vt 2.195567 -2.362226
vt 2.442764 -2.610274
vt 1.854613 -2.638377
vt 2.097179 -2.895249
vt 1.479332 -2.865694
vt 1.718671 -3.134772
vt 1.076669 -3.039969
vt 1.313182 -3.325083
vt 0.654077 -3.157975
vt 0.887078 -3.463195
vt 0.219379 -3.217530
vt 0.447048 -3.546939
vt 0.000000 -3.575000
vt -0.219379 -3.217530
vt -0.447048 -3.546939
vt -0.887078 -3.463195
vt -0.654077 -3.157975
vt -1.313182 -3.325083
vt -1.076669 -3.039969
vt -1.718671 -3.134772
vt -1.479332 -2.865694
vt -2.097179 -2.895249
vt -1.854613 -2.638377
vt -2.442763 -2.610274
vt -2.195567 -2.362226
vt -2.750000 -2.284322
vt -2.495882 -2.042351
vt -2.750000 -1.684674
vt 0.106066 8.936780
vt -0.106066 8.764658
vt 0.106066 8.479155
vt -0.106066 8.298311
vt 0.106066 8.021530
vt -0.106066 7.831965
vt 0.106066 7.563905
vt -0.106066 7.365619
vt 0.106066 7.106281
vt -0.106066 6.899272
vt 0.106066 6.648656
vt -0.106066 6.432926
vt 0.106066 6.191031
vt -0.106066 5.966580
vt 0.106066 5.733406
vt -0.106066 5.500233
vt 0.106066 5.275782
vt -0.106066 5.033887
vt 0.106066 4.818157
vt -0.106066 4.567541
vt 0.106066 4.360532
vt -0.106066 4.101194
vt 0.106066 3.902908
vt -0.106066 3.634848
vt 0.106066 3.445283
vt -0.106066 3.168502
vt 0.106066 2.987658
vt -0.106066 2.702155
vt 0.106066 2.530033
vt 0.758476 -0.167705
vt 7.087554 -0.167705
vt 1.238786 0.167705
vt 6.973808 0.167705
vt 2.450000 0.588879
vt 2.056719 0.312348
vt 2.450000 -4.127785
vt 1.632579 0.085973
vt 0.950000 -3.569796
vt 0.950000 -0.319281
vt 1.183945 -0.086848
vt 0.945116 -0.287588
vt 0.938165 -0.273258
vt 0.927738 -0.261342
vt 0.914280 -0.252966
vt 0.899030 -0.248568
vt 0.717548 -0.203523
vt 0.864015 -0.250240
vt 0.434580 -0.320992
vt 0.240385 -0.262302
vt -0.000000 -0.344670
vt -0.240385 -0.262302
vt -0.434580 -0.320992
vt -0.717548 -0.203523
vt -0.864016 -0.250240
vt -0.896006 -0.248149
vt -1.183945 -0.086848
vt -0.911493 -0.251835
vt -0.925373 -0.259442
vt -0.936452 -0.270772
vt -0.944045 -0.284707
vt -0.950000 -0.319281
vt -1.632579 0.085973
vt -0.950000 -4.534619
vt -2.450000 -5.146143
vt -2.393791 -5.294393
vt -2.435858 -5.225562
vt -2.056719 0.312347
vt -2.450000 0.588879
vt -0.945181 -4.563909
vt -1.729000 -6.045045
vt -0.931053 -4.586383
vt -1.595082 -6.105330
vt -0.908579 -4.600511
vt -0.879289 -4.605330
vt 0.490979 -6.105330
vt -0.085534 -4.605330
vt -0.058430 -4.600054
vt -0.035534 -4.584619
vt 0.617470 -6.052936
vt 0.929289 -3.619796
vt 2.384507 -4.285899
vt 0.944724 -3.596900
vt -1.668768 -6.090130
vt 0.559610 -6.092134
vt 2.433505 -4.213574
vt -4.323297 -0.167705
vt -4.439286 0.007390
vt -5.330173 -0.167705
vt -4.567457 0.167705
vt -5.827665 0.167705
vt -5.827665 -0.782621
vt -5.565145 -0.579819
vt -5.498171 -0.477172
vt -5.421190 -0.343007
vt -5.779752 -0.775218
vt -5.730780 -0.752682
vt -5.679610 -0.713996
vt -5.624933 -0.657329
vt -1.950000 -0.043064
vt -1.950000 -0.086127
vt -1.075000 -0.043064
vt -0.200000 -0.086127
vt -0.204289 -0.057072
vt -0.210611 -0.029000
vt -1.075000 -0.000168
vt -1.950000 -0.000000
vt -1.075000 0.043064
vt -1.950000 0.043064
vt -1.950000 0.086127
vt -0.204343 0.056547
vt -0.200000 0.086127
vt -0.212850 -0.000334
vt -0.210647 0.028376
vt -0.086590 1.182832
vt -0.115297 1.163179
vt -0.086310 1.051087
vt -0.115296 0.792688
vt -0.086310 0.825724
vt -0.086734 0.791072
vt -0.076865 0.825724
vt -0.057625 0.793320
vt -0.047878 0.825724
vt -0.028536 0.791128
vt -0.018891 0.825724
vt -0.000000 0.784841
vt -0.000000 0.792688
vt -0.115296 0.784742
vt -0.018891 1.051087
vt -0.000000 1.163179
vt -0.026147 1.181579
vt -0.047878 1.051087
vt -0.040822 1.187354
vt -0.056276 1.189669
vt -0.076865 1.051087
vt -0.071815 1.188031
vt 0.200000 -1.391371
vt 1.950000 -1.391371
vt 0.200000 -0.966487
vt 1.950000 -0.966487
vt 0.200000 -0.541602
vt 1.950000 -0.541602
vt 0.200000 -0.116717
vt 1.950000 -0.116717
vt 0.141421 1.629594
vt -0.141421 1.391736
vt 0.141421 1.183035
vt -0.141421 1.358954
vt -0.141421 0.943968
vt -0.147487 1.386905
vt 0.141421 0.736476
vt -0.141421 0.528983
vt 0.141421 0.289917
vt -0.141421 0.113998
vt -0.141421 0.081215
vt -0.147487 0.086046
vt 0.141421 -0.156643
vt -1.950000 -0.039270
vt -0.200000 -0.039270
vt -1.950000 -0.013090
vt -1.075000 0.000000
vt -1.950000 0.013090
vt -1.950000 0.039270
vt -0.200703 0.027401
vt -0.200000 0.039270
vt -0.200703 -0.027401
vt -0.202154 -0.009134
vt -0.202154 0.009134
vt 0.113975 -0.027401
vt 0.409737 -0.027401
vt 0.115425 -0.009134
vt 0.413775 0.000000
vt 0.115425 0.009134
vt 0.409737 0.027401
vt 0.113975 0.027401
vt 0.569491 1.950000
vt 0.100000 1.950000
vt 0.569491 0.200000
vt 0.100000 0.200000
vt -0.206332 -0.142416
vt -0.194491 -0.141421
vt -0.289466 0.141421
vt 0.275000 -0.141421
vt 0.504289 0.141421
vt 0.300882 -0.146240
vt -1.950000 -0.026180
vt -1.950000 -0.078540
vt -1.075000 -0.026180
vt -0.200000 -0.078540
vt -0.203407 -0.052360
vt -0.208579 -0.026180
vt -0.210342 0.000000
vt -1.075000 0.026180
vt -0.208579 0.026180
vt -0.203407 0.052360
vt -0.200000 0.078540
vt -1.950000 0.078540
vt -1.950000 0.026180
vt 1.148893 -0.052360
vt 1.501205 -0.052360
vt 1.154064 -0.026180
vt 1.515333 -0.026180
vt 1.155828 -0.000000
vt 1.520152 -0.000000
vt 1.515333 0.026180
vt 1.154064 0.026180
vt 1.501205 0.052360
vt 1.148893 0.052360
vt 0.118095 0.200000
vt 3.828167 0.200000
vt 0.118095 1.950000
vt 3.828167 1.950000
vt -0.327526 -0.147564
vt -0.322430 -0.141421
vt -0.356677 -0.141421
vt -0.080700 0.141421
vt -4.296038 0.141421
vt -4.092630 -0.146240
vt -4.066749 -0.141421
vt 0.053005 -0.027401
vt 0.348767 -0.027401
vt 0.054455 -0.009134
vt 0.352805 0.000000
vt 0.054455 0.009134
vt 0.348767 0.027401
vt 0.053005 0.027401
vt 0.041421 0.200000
vt 1.215938 0.200000
vt 0.041421 1.950000
vt 1.215938 1.950000
vt 1.577113 -0.142416
vt 1.660248 0.141421
vt 1.565273 -0.141421
vt 0.390756 -0.141421
vt 0.295781 0.141421
vt 0.378916 -0.142416
vt -0.204343 -0.056547
vt -0.210634 -0.028466
vt -1.075000 0.000101
vt -0.204289 0.057072
vt -0.212850 0.000201
vt -0.210625 0.028909
vt -0.089314 0.170655
vt -0.086305 0.294709
vt -0.115297 0.188971
vt -0.086305 0.514346
vt -0.115296 0.559462
vt -0.086826 0.561092
vt -0.115296 0.567409
vt -0.074698 0.164858
vt -0.076865 0.294709
vt -0.076865 0.514346
vt -0.057760 0.558831
vt -0.047872 0.514346
vt -0.028628 0.561009
vt -0.018880 0.514346
vt -0.000000 0.567309
vt -0.000000 0.559462
vt -0.018880 0.294709
vt -0.000000 0.188971
vt -0.028866 0.169244
vt -0.047872 0.294709
vt -0.043703 0.164068
vt -0.059265 0.162488
vt 2.920985 0.200000
vt 2.920985 1.950000
vt 1.728541 -0.142416
vt 1.811675 0.141421
vt 1.716700 -0.141421
vt -1.162863 -0.141421
vt -1.438840 0.141421
vt -1.197110 -0.141421
vt -1.192014 -0.147564
vt -2.205570 1.811126
vt -1.979333 2.128162
vt -2.450000 2.150961
vt -2.188079 2.446070
vt -2.346188 2.791963
vt -1.724780 1.845597
vt -1.914381 1.510389
vt -1.430311 1.604913
vt -1.582606 1.255125
vt -1.102742 1.411681
vt -1.217280 1.050747
vt -0.749652 1.270373
vt -0.826147 0.901586
vt -0.379214 1.184258
vt -0.417499 0.810806
vt 0.000000 1.155330
vt 0.000000 0.780330
vt 0.417499 0.810806
vt 0.379215 1.184258
vt 0.826147 0.901586
vt 0.749653 1.270373
vt 1.217280 1.050747
vt 1.102743 1.411682
vt 1.582606 1.255125
vt 1.430312 1.604914
vt 1.914381 1.510389
vt 1.724781 1.845598
vt 2.205570 1.811127
vt 1.979333 2.128163
vt 2.450000 2.150962
vt 2.188079 2.446071
vt 2.346188 2.791964
vt 2.450000 3.157837
vt -2.450000 3.157836
vt 1.991776 -0.392699
vt 0.666486 -0.392699
vt 1.991224 -0.471239
vt 0.666486 -0.471239
vt 1.991224 0.471239
vt 0.666486 0.471239
vt 0.666486 0.392699
vt -0.666486 0.471239
vt -0.666486 0.392699
vt -1.991224 0.471239
vt -1.991776 0.392699
vt 0.666486 -0.314159
vt 1.993282 -0.314159
vt 0.666486 -0.235619
vt 1.995341 -0.235619
vt 0.666486 -0.157080
vt 1.997399 -0.157080
vt 0.666486 -0.078540
vt 1.998906 -0.078540
vt 0.666486 0.000000
vt 1.999457 -0.000000
vt 1.998906 0.078540
vt 0.666486 0.078540
vt 1.997399 0.157080
vt 0.666486 0.157080
vt 1.995341 0.235619
vt 0.666486 0.235619
vt 1.993282 0.314159
vt 0.666486 0.314159
vt 1.991776 0.392699
vt -0.666486 0.314159
vt -1.993282 0.314159
vt -0.666486 0.235619
vt -1.995341 0.235619
vt -0.666486 0.157080
vt -1.997399 0.157080
vt -0.666486 0.078540
vt -1.998906 0.078540
vt -0.666486 0.000000
vt -1.999457 0.000000
vt -1.998906 -0.078540
vt -0.666486 -0.078540
vt -1.997399 -0.157080
vt -0.666486 -0.157080
vt -1.995341 -0.235619
vt -0.666486 -0.235619
vt -1.993282 -0.314159
vt -0.666486 -0.314159
vt -1.991776 -0.392699
vt -0.666486 -0.392699
vt -1.991224 -0.471239
vt -0.666486 -0.471239
vt -0.660019 -5.299071
vt -0.660019 -5.588391
vt 0.660019 -5.557369
vt -0.471860 -5.635709
vt -0.327854 -5.683132
vt -0.217679 -5.730643
vt -0.134484 -5.778230
vt 0.660019 -5.969026
vt -0.073661 -5.825876
vt -0.032137 -5.873568
vt -0.007949 -5.921289
vt -0.000003 -5.969026
vt 0.660019 5.969026
vt -0.000003 5.969026
vt -0.000000 5.637414
vt 0.660019 5.557369
vt -0.000000 5.305801
vt 0.660019 5.145712
vt -0.000000 4.974188
vt 0.660019 4.734055
vt -0.000000 4.642576
vt 0.660019 4.322398
vt -0.000000 4.310963
vt -0.000000 3.979351
vt 0.660019 3.910741
vt -0.000000 3.647738
vt 0.660019 3.499084
vt -0.000000 3.316126
vt 0.660019 3.087427
vt -0.000000 2.984513
vt 0.660019 2.675770
vt -0.000000 2.652900
vt -0.000000 2.321288
vt 0.660019 2.264113
vt -0.000000 1.989675
vt 0.660019 1.852456
vt -0.000000 1.658063
vt 0.660019 1.440799
vt -0.000000 1.326450
vt 0.660019 1.029142
vt -0.000000 0.994838
vt -0.000000 0.663225
vt 0.660019 0.617485
vt -0.000000 0.331613
vt 0.660019 0.205828
vt 0.660019 -0.205828
vt -0.007946 -0.047737
vt -0.032134 -0.095459
vt -0.073659 -0.143150
vt -0.134481 -0.190797
vt -0.217677 -0.238383
vt -0.327853 -0.285895
vt -0.471858 -0.333318
vt -0.660019 -0.380636
vt 0.660019 -0.617485
vt -0.660019 -0.669956
vt -0.660019 -0.959276
vt 0.660019 -1.029142
vt -0.660019 -1.248595
vt 0.660019 -1.440799
vt -0.660019 -1.537915
vt 0.660019 -1.852456
vt -0.660019 -1.827235
vt -0.660019 -2.116554
vt 0.660019 -2.264113
vt -0.660019 -2.405874
vt 0.660019 -2.675770
vt -0.660019 -2.695194
vt -0.660019 -2.984513
vt 0.660019 -3.087427
vt -0.660019 -3.273833
vt 0.660019 -3.499084
vt -0.660019 -3.563153
vt 0.660019 -3.910741
vt -0.660019 -3.852473
vt -0.660019 -4.141792
vt 0.660019 -4.322398
vt -0.660019 -4.431112
vt 0.660019 -4.734055
vt -0.660019 -4.720432
vt -0.660019 -5.009751
vt 0.660019 -5.145712
vt 0.850000 -3.802410
vt 0.700000 -3.943240
vt 0.850000 -4.084070
vt 0.850000 4.084070
vt 0.700000 4.224900
vt 0.700000 3.943240
vt 0.850000 3.802410
vt 0.700000 3.661580
vt 0.850000 3.520750
vt 0.700000 3.379920
vt 0.850000 3.239090
vt 0.700000 3.098260
vt 0.850000 2.957430
vt 0.700000 2.816600
vt 0.850000 2.675770
vt 0.700000 2.534940
vt 0.850000 2.394110
vt 0.700000 2.253280
vt 0.850000 2.112450
vt 0.700000 1.971620
vt 0.850000 1.830790
vt 0.700000 1.689960
vt 0.850000 1.549130
vt 0.700000 1.408300
vt 0.850000 1.267470
vt 0.700000 1.126640
vt 0.850000 0.985810
vt 0.700000 0.844980
vt 0.850000 0.704150
vt 0.700000 0.563320
vt 0.850000 0.422490
vt 0.700000 0.281660
vt 0.850000 0.140830
vt 0.700000 -0.000000
vt 0.850000 -0.140830
vt 0.700000 -0.281660
vt 0.850000 -0.422490
vt 0.700000 -0.563320
vt 0.850000 -0.704150
vt 0.700000 -0.844980
vt 0.850000 -0.985810
vt 0.700000 -1.126640
vt 0.850000 -1.267470
vt 0.700000 -1.408300
vt 0.850000 -1.549130
vt 0.700000 -1.689960
vt 0.850000 -1.830790
vt 0.700000 -1.971620
vt 0.850000 -2.112450
vt 0.700000 -2.253280
vt 0.850000 -2.394110
vt 0.700000 -2.534940
vt 0.850000 -2.675770
vt 0.700000 -2.816600
vt 0.850000 -2.957430
vt 0.700000 -3.098260
vt 0.850000 -3.239090
vt 0.700000 -3.379920
vt 0.850000 -3.520750
vt 0.700000 -3.661580
vt 0.502081 0.073850
vt 0.516991 -0.000000
vt 0.863659 0.073850
vt 0.878569 -0.000000
vt 0.863659 -0.073850
vt 0.502081 -0.073850
vt 0.167705 -2.074802
vt 0.167705 0.270573
vt -0.167705 -1.939752
vt -0.167705 0.146309
vt 0.315017 0.068795
vt 0.327792 -0.000000
vt 0.672706 0.068795
vt 0.685481 0.000000
vt 0.672706 -0.068795
vt 0.315017 -0.068795
vt 1.222215 -0.079610
vt 1.227063 -0.063742
vt 0.868042 -0.079610
vt 0.881570 0.000000
vt 1.235608 0.007934
vt 0.868042 0.079610
vt 1.222215 0.079610
vt -1.827665 -0.167705
vt -0.567457 -0.167705
vt -1.330171 0.167705
vt -0.439286 -0.007389
vt -0.323296 0.167705
vt -1.421189 0.343008
vt -1.498170 0.477174
vt -1.565144 0.579821
vt -1.827665 0.782624
vt -1.624933 0.657332
vt -1.679610 0.713999
vt -1.730780 0.752685
vt -1.779752 0.775221
vt 1.800000 0.067743
vt -0.000000 0.067743
vt 1.800000 0.022581
vt -0.000000 0.022581
vt 1.800000 -0.022581
vt -0.000000 -0.022581
vt 1.800000 -0.067743
vt -0.000000 -0.067743
vt 2.809079 -10.219195
vt 3.304495 -10.203383
vt 2.840000 -9.925000
vt 3.323868 -9.859416
vt 3.280810 -9.517605
vt 2.717667 -10.500532
vt 3.083038 -10.852852
vt 3.223329 -10.538198
vt 2.888235 -11.137000
vt 2.569759 -10.756716
vt 2.645323 -11.381301
vt 2.371820 -10.976550
vt 2.362290 -11.577721
vt 2.132500 -11.150426
vt 2.048441 -11.719804
vt 1.862259 -11.270745
vt 1.714095 -11.802878
vt 1.572908 -11.332248
vt 1.370243 -11.824211
vt 1.277092 -11.332248
vt 1.028192 -11.783102
vt 0.987741 -11.270745
vt 0.699188 -11.680903
vt 0.717500 -11.150426
vt 0.394046 -11.520974
vt 0.478180 -10.976550
vt 0.122800 -11.308573
vt 0.280241 -10.756716
vt -0.105633 -11.050683
vt 0.132333 -10.500532
vt -0.283742 -10.755783
vt 0.040921 -10.219195
vt -0.405671 -10.433569
vt 0.010000 -9.925000
vt 0.040921 -9.630805
vt 0.132333 -9.349468
vt -2.305132 -0.985660
vt -2.378817 -0.970460
vt 0.280241 -9.093284
vt 0.040243 -0.985660
vt 0.478180 -8.873450
vt 0.717500 -8.699574
vt 0.108874 -0.972464
vt 0.987741 -8.579255
vt 1.277092 -8.517752
vt 0.166734 -0.933266
vt 1.572908 -8.517752
vt 1.233673 -0.192272
vt 1.862259 -8.579255
vt 2.132500 -8.699574
vt 2.371820 -8.873450
vt 2.569759 -9.093284
vt 2.717667 -9.349468
vt 2.809079 -9.630805
vt -3.325000 0.159781
vt -3.325000 0.143161
vt -3.324437 0.143199
vt -3.322962 0.098060
vt -3.307907 0.072996
vt -3.316864 0.053327
vt -3.306756 0.009327
vt -2.439050 -0.925375
vt -3.268791 0.011531
vt 1.225505 -0.026331
vt 1.272161 0.133125
vt 1.368490 0.268490
vt 1.337975 1.088792
vt 1.006015 1.232112
vt 0.448660 0.208235
vt 0.293493 0.526608
vt -1.800000 -0.250374
vt 0.000000 -0.250374
vt -1.800000 -0.083458
vt -0.000000 -0.083458
vt -1.800000 0.083458
vt -0.000000 0.083458
vt -1.800000 0.250374
vt 0.000000 0.250374
vt -0.273637 1.800000
vt -1.207107 1.800000
vt -0.273637 0.000000
vt -1.207107 0.000000
vt -0.000000 -0.196350
vt 1.800000 -0.196350
vt -0.006065 -0.085994
vt 1.800000 -0.065450
vt -0.010783 -0.000000
vt 1.800000 0.065450
vt -0.006065 0.085994
vt 1.800000 0.196350
vt -0.000000 0.196350
vt 0.169629 -0.085994
vt 0.512857 -0.085994
vt 0.185598 0.000000
vt 0.517575 -0.000000
vt 0.512857 0.085994
vt 0.169629 0.085994
vt 0.362648 4.880372
vt 0.445096 8.000000
vt -0.059884 4.923263
vt 0.425000 8.075000
vt -0.161122 8.500000
vt -0.141025 8.575000
vt 0.445096 8.150000
vt 0.445096 10.000000
vt 0.500000 8.204904
vt 0.500000 9.945096
vt 0.575000 8.225000
vt 0.575000 9.925000
vt 0.650000 9.945096
vt 0.650000 8.204904
vt 0.704904 10.000000
vt 0.704904 8.150000
vt 1.291025 8.575000
vt 0.725000 8.075000
vt 1.311122 8.500000
vt 1.209884 4.923263
vt 1.366025 8.445096
vt 1.252529 4.920548
vt 1.290147 4.900279
vt 0.787352 4.880372
vt 0.575000 7.925000
vt 0.500000 7.945096
vt 0.704904 8.000000
vt 0.650000 7.945096
vt 1.441025 8.425000
vt 1.315870 4.866157
vt 1.516025 8.445096
vt 1.570929 8.500000
vt 1.325000 4.824412
vt 1.591025 8.575000
vt 3.325000 9.075000
vt 2.847157 10.624130
vt 3.052664 10.268180
vt 3.202825 9.885577
vt 3.294285 9.484866
vt 3.325000 0.143161
vt 1.325000 1.114340
vt 3.306756 0.009327
vt 1.311603 1.064340
vt 0.405671 -10.433569
vt 1.275000 1.027737
vt 1.225000 1.014340
vt 0.755509 1.014340
vt -0.132333 -9.349468
vt -0.040921 -9.630805
vt 0.729627 1.017747
vt 0.705509 1.027737
vt -0.280241 -9.093284
vt 0.684798 1.043629
vt -0.478180 -8.873450
vt -0.145711 1.874138
vt -1.233673 -0.192272
vt -0.161603 1.894849
vt -1.225505 -0.026331
vt -0.171593 1.918967
vt -0.175000 1.944849
vt -0.175000 4.824412
vt -1.368490 0.268490
vt -1.272161 0.133125
vt -0.165870 4.866157
vt -0.420929 8.500000
vt -0.441025 8.575000
vt -2.175000 9.075000
vt -1.697157 10.624130
vt -1.902664 10.268180
vt -0.140147 4.900279
vt -0.291025 8.425000
vt -0.366025 8.445096
vt -0.216025 8.445096
vt -0.102529 4.920548
vt 3.316864 0.053327
vt 3.322962 0.098060
vt 2.590893 10.945475
vt 2.289597 11.225037
vt 1.591025 9.575000
vt 1.950000 11.456570
vt 1.570929 9.650000
vt 1.579688 11.634903
vt 1.516025 9.704904
vt 1.441025 9.725000
vt 1.366025 9.704904
vt 1.186933 11.756052
vt 1.311122 9.650000
vt 0.725000 10.075000
vt 1.291025 9.575000
vt 0.780508 11.817310
vt 0.704904 10.150000
vt 0.650000 10.204904
vt 0.575000 10.225000
vt 0.369492 11.817310
vt 0.500000 10.204904
vt 0.445096 10.150000
vt 0.425000 10.075000
vt -0.036933 11.756052
vt -0.161122 9.650000
vt -0.216025 9.704904
vt -0.429688 11.634903
vt -0.291025 9.725000
vt -0.366025 9.704904
vt -0.420929 9.650000
vt -0.800000 11.456570
vt -0.441025 9.575000
vt -1.139597 11.225037
vt -1.440893 10.945475
vt -2.052825 9.885577
vt -2.144285 9.484866
vt -2.175000 1.282107
vt -2.028553 0.928553
vt -2.157963 1.152697
vt -2.108013 1.032107
vt -3.280810 -9.517605
vt -2.569759 -9.093284
vt -2.371820 -8.873450
vt -2.132500 -8.699574
vt -3.323868 -9.859416
vt -3.304495 -10.203383
vt -3.223329 -10.538198
vt -2.840000 -9.925000
vt -3.083038 -10.852852
vt -2.809079 -10.219195
vt -2.888235 -11.137000
vt -2.717667 -10.500532
vt -2.645323 -11.381301
vt -2.569759 -10.756716
vt -2.371820 -10.976550
vt -2.362290 -11.577721
vt -2.132500 -11.150426
vt -2.048441 -11.719804
vt -1.862259 -11.270745
vt -1.714095 -11.802878
vt -1.572908 -11.332248
vt -1.370243 -11.824211
vt -1.277092 -11.332248
vt -1.028192 -11.783102
vt -0.987741 -11.270745
vt -0.699188 -11.680903
vt -0.717500 -11.150426
vt -0.478180 -10.976550
vt -0.394046 -11.520974
vt -0.280241 -10.756716
vt -0.122800 -11.308573
vt -0.132333 -10.500532
vt 0.105633 -11.050683
vt -0.040921 -10.219195
vt 0.283742 -10.755783
vt -0.010000 -9.925000
vt -0.161122 9.500000
vt -0.141025 9.575000
vt -0.161122 8.650000
vt -0.216025 9.445096
vt -0.216025 8.704904
vt -0.291025 9.425000
vt -0.291025 8.725000
vt -0.366025 9.445096
vt -0.366025 8.704904
vt -0.420929 9.500000
vt -0.420929 8.650000
vt 1.570929 9.500000
vt 1.570929 8.650000
vt 1.516025 9.445096
vt 1.516025 8.704904
vt 1.441025 9.425000
vt 1.441025 8.725000
vt 1.366025 9.445096
vt 1.366025 8.704904
vt 1.311122 9.500000
vt 1.311122 8.650000
vt -2.809079 -9.630805
vt -2.717667 -9.349468
vt -1.862259 -8.579255
vt -1.572908 -8.517752
vt -1.277092 -8.517752
vt -0.987741 -8.579255
vt -0.717500 -8.699574
vt 1.922874 -1.898281
vt 0.789847 -0.631519
vt 1.590031 -2.029267
vt -0.075947 -0.166646
vt 0.167534 0.064249
vt 0.084452 0.136797
vt -0.167705 0.000000
vt -0.167705 -0.347819
vt 0.782621 0.000000
vt 0.782624 -0.405789
vt -0.167705 -0.695638
vt 0.782624 -0.811578
vt -0.167705 -1.043458
vt 0.782624 -1.217367
vt -0.167705 -1.391277
vt 0.782624 -1.623156
vt -0.167705 -1.739096
vt 0.782624 -2.028945
vt -0.167705 -2.086915
vt 0.782624 -2.434734
vt -0.167705 -2.434734
vt -0.167705 -2.782554
vt 0.782624 -2.840523
vt -0.167705 -3.130373
vt 0.782624 -3.246312
vt -0.167705 -3.478192
vt 0.782624 -3.652102
vt -0.167705 -3.826011
vt 0.782624 -4.057891
vt -0.167705 -4.173830
vt 0.782624 -4.463680
vt -0.167705 -4.521650
vt 0.782624 -4.869469
vt -0.167705 -4.869469
vt -0.167705 -5.217288
vt 0.782624 -5.275258
vt -0.167705 -5.565107
vt 0.782624 -5.681047
vt -0.167705 -5.912926
vt 0.782624 -6.086836
vt -0.167705 -6.260746
vt 0.782624 -6.492625
vt -0.167705 -6.608565
vt 0.782624 -6.898414
vt -0.167705 -6.956384
vt 0.782624 -7.304203
vt -0.167705 -7.304203
vt 1.800000 -8.639380
vt -0.000000 -8.639380
vt 1.800000 -9.050779
vt -0.000000 -9.050779
vt 1.800000 -9.462178
vt -0.000000 -9.462178
vt 1.800000 -9.873577
vt -0.000000 -9.873577
vt 1.800000 -10.284976
vt -0.000000 -10.284976
vt 1.800000 -10.696375
vt -0.000000 -10.696375
vt 1.800000 -11.107774
vt -0.000000 -11.107774
vt 1.800000 -11.519173
vt -0.000000 -11.519173
vt 1.800000 -11.930572
vt -0.000000 -11.930572
vt 1.800000 -12.341971
vt -0.000000 -12.341971
vt 1.800000 -12.753370
vt -0.000000 -12.753370
vt 1.800000 -13.164769
vt -0.000000 -13.164769
vt 1.800000 -13.576168
vt -0.000000 -13.576168
vt 1.800000 -13.987567
vt -0.000000 -13.987567
vt 1.800000 -14.398966
vt -0.000000 -14.398966
vt 1.800000 -14.810365
vt -0.000000 -14.810365
vt 1.800000 -15.221764
vt -0.000000 -15.221764
vt 1.800000 -15.633164
vt -0.000000 -15.633164
vt 1.800000 -16.044563
vt -0.000000 -16.044563
vt 1.800000 -16.455961
vt -0.000000 -16.455961
vt 1.800000 -16.867361
vt -0.000000 -16.867361
vt 1.800000 -17.278761
vt -0.000000 -17.278761
vt -0.600000 2.577415
vt 0.000000 2.577415
vt -0.600000 2.811725
vt 0.000000 2.811725
vt -0.600000 -2.811725
vt 0.000000 -2.811725
vt -0.600000 -2.577415
vt 0.000000 -2.577415
vt -0.600000 -2.343105
vt 0.000000 -2.343105
vt -0.600000 -2.108794
vt 0.000000 -2.108794
vt -0.600000 -1.874484
vt 0.000000 -1.874484
vt -0.600000 -1.640173
vt 0.000000 -1.640173
vt -0.600000 -1.405863
vt 0.000000 -1.405863
vt -0.600000 -1.171552
vt 0.000000 -1.171552
vt -0.600000 -0.937242
vt 0.000000 -0.937242
vt -0.600000 -0.702931
vt 0.000000 -0.702931
vt -0.600000 -0.468621
vt 0.000000 -0.468621
vt -0.600000 -0.234310
vt 0.000000 -0.234310
vt -0.600000 0.000000
vt -0.600000 0.234310
vt 0.000000 0.234310
vt -0.600000 0.468621
vt 0.000000 0.468621
vt -0.600000 0.702931
vt 0.000000 0.702931
vt -0.600000 0.937242
vt 0.000000 0.937242
vt -0.600000 1.171552
vt 0.000000 1.171552
vt -0.600000 1.405863
vt 0.000000 1.405863
vt -0.600000 1.640173
vt 0.000000 1.640173
vt -0.600000 1.874484
vt 0.000000 1.874484
vt -0.600000 2.108794
vt 0.000000 2.108794
vt -0.600000 2.343105
vt 0.000000 2.343105
vt -0.600000 4.148997
vt 0.000000 4.148997
vt -0.600000 4.445354
vt 0.000000 4.445354
vt -0.600000 -4.445354
vt 0.000000 -4.445354
vt -0.600000 -4.148997
vt 0.000000 -4.148997
vt -0.600000 -3.852640
vt 0.000000 -3.852640
vt -0.600000 -3.556283
vt 0.000000 -3.556283
vt -0.600000 -3.259926
vt 0.000000 -3.259926
vt -0.600000 -2.963569
vt 0.000000 -2.963569
vt -0.600000 -2.667212
vt 0.000000 -2.667212
vt -0.600000 -2.370855
vt 0.000000 -2.370855
vt -0.600000 -2.074498
vt 0.000000 -2.074498
vt -0.600000 -1.778141
vt -0.000000 -1.778141
vt -0.600000 -1.481785
vt -0.000000 -1.481785
vt -0.600000 -1.185428
vt 0.000000 -1.185428
vt -0.600000 -0.889071
vt -0.000000 -0.889071
vt -0.600000 -0.592714
vt -0.000000 -0.592714
vt -0.600000 -0.296357
vt -0.000000 -0.296357
vt -0.600000 0.296357
vt 0.000000 0.296357
vt -0.600000 0.592714
vt 0.000000 0.592714
vt -0.600000 0.889071
vt 0.000000 0.889071
vt -0.600000 1.185428
vt 0.000000 1.185428
vt -0.600000 1.481785
vt 0.000000 1.481785
vt -0.600000 1.778141
vt 0.000000 1.778141
vt -0.600000 2.074498
vt 0.000000 2.074498
vt -0.600000 2.370855
vt 0.000000 2.370855
vt -0.600000 2.667212
vt 0.000000 2.667212
vt -0.600000 2.963569
vt 0.000000 2.963569
vt -0.600000 3.259926
vt 0.000000 3.259926
vt -0.600000 3.556283
vt 0.000000 3.556283
vt -0.600000 3.852640
vt 0.000000 3.852640
vt -0.864504 0.231643
vt -1.384079 0.294195
vt -0.895000 -0.000000
vt -1.415000 -0.000000
vt -1.384079 -0.294195
vt -1.292667 0.575532
vt -0.775093 0.447500
vt -1.144759 0.831716
vt -0.632861 0.632861
vt -0.946820 1.051550
vt -0.447500 0.775093
vt -0.707500 1.225426
vt -0.437259 1.345745
vt -0.231643 0.864504
vt -0.147908 1.407248
vt -0.000000 0.895000
vt 0.147908 1.407248
vt 0.231643 0.864504
vt 0.437259 1.345745
vt 0.447500 0.775093
vt 0.707500 1.225426
vt 0.946820 1.051550
vt 0.632861 0.632861
vt 1.144759 0.831716
vt 0.775093 0.447500
vt 1.292667 0.575532
vt 0.864504 0.231643
vt 1.384079 0.294195
vt 0.895000 0.000000
vt 1.415000 0.000000
vt 1.384079 -0.294195
vt 0.864504 -0.231643
vt 1.292667 -0.575532
vt 0.775093 -0.447500
vt 1.144759 -0.831716
vt 0.632861 -0.632861
vt 0.946820 -1.051550
vt 0.447500 -0.775093
vt 0.707500 -1.225426
vt 0.437259 -1.345745
vt 0.231643 -0.864504
vt 0.147908 -1.407248
vt -0.000000 -0.895000
vt -0.147908 -1.407248
vt -0.231643 -0.864504
vt -0.437259 -1.345745
vt -0.447500 -0.775093
vt -0.707500 -1.225426
vt -0.946820 -1.051550
vt -0.632861 -0.632861
vt -1.144759 -0.831716
vt -0.775093 -0.447500
vt -1.292667 -0.575532
vt -0.864504 -0.231643
vt -3.371365 0.825000
vt -3.351261 0.900000
vt -3.371365 0.975000
vt -3.426290 1.029904
vt -3.501318 1.050000
vt -9.547387 1.800000
vt -3.576346 1.029904
vt -3.631271 0.975000
vt -3.651374 0.900000
vt -9.547387 0.000000
vt -3.631271 0.825000
vt -3.576346 0.770096
vt -3.501318 0.750000
vt -3.426290 0.770096
vt 1.800000 0.410583
vt -0.000000 0.410583
vt 1.800000 0.065597
vt -0.000000 0.065597
vt 1.800000 -0.279389
vt -0.000000 -0.279389
vt 1.800000 -0.624375
vt -0.000000 -0.624375
vt 1.800000 -0.969361
vt -0.000000 -0.969361
vt 1.800000 -1.314347
vt -0.000000 -1.314347
vt 1.800000 -1.659333
vt -0.000000 -1.659333
vt 1.800000 -2.004319
vt -0.000000 -2.004319
vt 1.800000 -2.349305
vt -0.000000 -2.349305
vt 1.800000 -2.694291
vt -0.000000 -2.694291
vt 1.800000 -3.039277
vt -0.000000 -3.039277
vt 1.800000 -3.384263
vt -0.000000 -3.384263
vt 1.800000 -3.729249
vt -0.000000 -3.729249
vt 1.800000 -4.074235
vt -0.000000 -4.074235
vt 1.800000 -4.419222
vt -0.000000 -4.419222
vt 1.800000 -4.764208
vt -0.000000 -4.764208
vt 1.800000 -5.109194
vt -0.000000 -5.109194
vt 1.800000 -5.454180
vt -0.000000 -5.454180
vt -7.535170 0.975000
vt -10.906535 1.800000
vt -7.555273 0.900000
vt -10.906535 0.000000
vt -7.535170 0.825000
vt -7.480245 0.770096
vt -7.405217 0.750000
vt -0.068161 0.000000
vt -7.330189 0.770096
vt -7.275264 0.825000
vt -7.255160 0.900000
vt -0.068161 1.800000
vt -7.275264 0.975000
vt -7.330189 1.029904
vt -7.405217 1.050000
vt -7.480245 1.029904
vt 1.800000 -0.392699
vt 0.475000 -0.392699
vt 1.800000 -0.471239
vt 0.475000 -0.471239
vt 1.800000 0.471239
vt 0.475000 0.471239
vt 1.800000 0.392699
vt 0.475000 0.392699
vt 1.800000 0.314159
vt 0.475000 0.314159
vt 1.800000 0.235619
vt 0.475000 0.235619
vt 1.800000 0.157080
vt 0.475000 0.157080
vt 1.800000 0.078540
vt 0.475000 0.078540
vt 1.800000 0.000000
vt 0.475000 0.000000
vt 1.800000 -0.078540
vt 0.475000 -0.078540
vt 1.800000 -0.157080
vt 0.475000 -0.157080
vt 1.800000 -0.235619
vt 0.475000 -0.235619
vt 1.800000 -0.314159
vt 0.475000 -0.314159
vt -0.850000 0.392699
vt -0.850000 0.471239
vt -0.850000 -0.471239
vt -0.850000 -0.392699
vt -0.850000 -0.314159
vt -0.850000 -0.235619
vt -0.850000 -0.157080
vt -0.850000 -0.078540
vt -0.850000 0.000000
vt -0.850000 0.078540
vt -0.850000 0.157080
vt -0.850000 0.235619
vt -0.850000 0.314159
vt 0.129904 -1.075000
vt 0.347787 -1.252615
vt 0.150000 -1.000000
vt 0.608931 -1.148566
vt 0.129904 -0.925000
vt 0.736122 -0.575000
vt 0.716025 -0.500000
vt 0.075000 -1.129904
vt 0.070381 -1.298093
vt 0.000000 -1.150000
vt -0.210317 -1.282874
vt -0.075000 -1.129904
vt -0.129904 -1.075000
vt -0.481180 -1.207670
vt -0.150000 -1.000000
vt -0.729543 -1.075996
vt -0.129904 -0.925000
vt -0.736122 -0.575000
vt -0.716025 -0.500000
vt -0.075000 -0.870096
vt -0.736122 -0.425000
vt 0.000000 -0.850000
vt -0.736122 0.425000
vt -0.000000 0.850000
vt -0.075000 0.870096
vt 0.736122 -0.425000
vt 0.075000 -0.870096
vt -0.791025 -0.629904
vt -0.943794 -0.894009
vt -0.866025 -0.650000
vt -0.941025 -0.629904
vt -1.113914 -0.670220
vt -0.995929 -0.575000
vt -1.016025 -0.500000
vt -1.231949 -0.415092
vt -0.995929 -0.425000
vt -1.292379 -0.140555
vt -0.941025 -0.370096
vt -0.866025 -0.350000
vt -0.866025 0.350000
vt -0.791025 -0.370096
vt -0.791025 0.370096
vt -0.716025 0.500000
vt -0.129904 0.925000
vt -0.736122 0.575000
vt -0.729543 1.075996
vt -0.791025 0.629904
vt -0.943794 0.894009
vt -0.866025 0.650000
vt -0.941025 0.629904
vt -1.113914 0.670220
vt -0.995929 0.575000
vt -1.016025 0.500000
vt -1.231949 0.415092
vt -0.995929 0.425000
vt -1.292379 0.140555
vt -0.941025 0.370096
vt 0.995929 0.575000
vt 1.016025 0.500000
vt 1.179848 0.545856
vt 0.995929 0.425000
vt 1.269607 0.279462
vt 0.941025 0.370096
vt 1.300000 -0.000000
vt 0.866025 0.350000
vt 0.866025 -0.350000
vt 0.791025 -0.370096
vt 0.791025 0.370096
vt 0.736122 0.425000
vt 0.716025 0.500000
vt 0.075000 0.870096
vt 0.129904 0.925000
vt 0.736122 0.575000
vt 0.608931 1.148566
vt 0.791025 0.629904
vt 0.841602 0.990811
vt 0.866025 0.650000
vt 1.034921 0.786726
vt 0.941025 0.629904
vt 0.150000 1.000000
vt 0.347787 1.252615
vt 0.129904 1.075000
vt 0.075000 1.129904
vt 0.070381 1.298093
vt -0.000000 1.150000
vt -0.210317 1.282874
vt -0.075000 1.129904
vt -0.129904 1.075000
vt -0.481180 1.207670
vt -0.150000 1.000000
vt 0.995929 -0.425000
vt 1.016025 -0.500000
vt 1.179848 -0.545856
vt 0.995929 -0.575000
vt 1.034921 -0.786726
vt 0.941025 -0.629904
vt 0.866025 -0.650000
vt 0.841602 -0.990811
vt 0.791025 -0.629904
vt 0.941025 -0.370096
vt 1.269607 -0.279462
vt 0.000000 2.438149
vt 0.800000 2.438149
vt 0.000000 2.670354
vt 0.800000 2.670354
vt 0.000000 -2.670354
vt 0.800000 -2.670354
vt 0.000000 -2.438149
vt 0.800000 -2.438149
vt 0.000000 -2.205944
vt 0.800000 -2.205944
vt 0.000000 -1.973740
vt 0.800000 -1.973740
vt 0.000000 -1.741535
vt 0.800000 -1.741535
vt 0.000000 -1.509330
vt 0.800000 -1.509330
vt 0.000000 -1.277126
vt 0.800000 -1.277126
vt 0.000000 -1.044921
vt 0.800000 -1.044921
vt 0.000000 -0.812716
vt 0.800000 -0.812716
vt 0.000000 -0.580512
vt 0.800000 -0.580512
vt 0.000000 -0.348307
vt 0.800000 -0.348307
vt 0.000000 -0.116102
vt 0.800000 -0.116102
vt 0.000000 0.116102
vt 0.800000 0.116102
vt 0.000000 0.348307
vt 0.800000 0.348307
vt 0.000000 0.580512
vt 0.800000 0.580512
vt 0.000000 0.812716
vt 0.800000 0.812716
vt 0.000000 1.044921
vt 0.800000 1.044921
vt 0.000000 1.277126
vt 0.800000 1.277126
vt 0.000000 1.509330
vt 0.800000 1.509330
vt 0.000000 1.741535
vt 0.800000 1.741535
vt 0.000000 1.973740
vt 0.800000 1.973740
vt 0.000000 2.205944
vt 0.800000 2.205944
vt -0.000000 -3.646491
vt -0.800000 -3.646491
vt -0.000000 -3.926991
vt -0.800000 -3.926991
vt -0.000000 3.926991
vt -0.800000 3.926991
vt -0.000000 3.646491
vt -0.800000 3.646491
vt -0.000000 3.365992
vt -0.800000 3.365992
vt -0.000000 3.085493
vt -0.800000 3.085493
vt -0.000000 2.804993
vt -0.800000 2.804993
vt -0.000000 2.524494
vt -0.800000 2.524494
vt -0.000000 2.243995
vt -0.800000 2.243995
vt -0.000000 1.963495
vt -0.800000 1.963495
vt -0.000000 1.682996
vt -0.800000 1.682996
vt -0.000000 1.402497
vt -0.800000 1.402497
vt -0.000000 1.121997
vt -0.800000 1.121997
vt -0.000000 0.841498
vt -0.800000 0.841498
vt -0.000000 0.560999
vt -0.800000 0.560999
vt -0.000000 0.280499
vt -0.800000 0.280499
vt -0.800000 0.000000
vt -0.000000 -0.280499
vt -0.800000 -0.280499
vt -0.000000 -0.560999
vt -0.800000 -0.560999
vt -0.000000 -0.841498
vt -0.800000 -0.841498
vt -0.000000 -1.121997
vt -0.800000 -1.121997
vt -0.000000 -1.402497
vt -0.800000 -1.402497
vt -0.000000 -1.682996
vt -0.800000 -1.682996
vt -0.000000 -1.963495
vt -0.800000 -1.963495
vt -0.000000 -2.243995
vt -0.800000 -2.243995
vt -0.000000 -2.524494
vt -0.800000 -2.524494
vt -0.000000 -2.804993
vt -0.800000 -2.804993
vt -0.000000 -3.085493
vt -0.800000 -3.085493
vt -0.000000 -3.365992
vt -0.800000 -3.365992
vt -0.278151 1.218660
vt -0.115742 0.842083
vt -0.000000 1.250000
vt 0.115742 0.842083
vt 0.278151 1.218660
vt 0.338641 0.779630
vt 0.542355 1.126211
vt 0.536425 0.659355
vt 0.779362 0.977289
vt 0.977289 0.779362
vt 0.694424 0.490178
vt 1.126211 0.542355
vt 0.800922 0.284648
vt 1.218660 0.278151
vt 0.848018 0.058006
vt 1.250000 -0.000000
vt 0.832221 -0.172938
vt 1.218660 -0.278151
vt 1.126211 -0.542355
vt 0.754702 -0.391055
vt 0.977289 -0.779362
vt 0.621211 -0.580170
vt 0.779362 -0.977289
vt 0.441646 -0.726256
vt 0.542355 -1.126211
vt 0.229327 -0.818480
vt 0.278151 -1.218660
vt 0.000000 -1.250000
vt -0.278151 -1.218660
vt -0.229327 -0.818480
vt -0.542355 -1.126211
vt -0.441646 -0.726256
vt -0.779362 -0.977289
vt -0.621211 -0.580170
vt -0.977289 -0.779362
vt -0.754702 -0.391055
vt -1.126211 -0.542355
vt -0.832221 -0.172938
vt -1.218660 -0.278151
vt -1.250000 -0.000000
vt -0.848018 0.058006
vt -1.218660 0.278151
vt -0.800922 0.284648
vt -1.126211 0.542355
vt -0.694424 0.490178
vt -0.977289 0.779362
vt -0.536425 0.659355
vt -0.779362 0.977289
vt -0.542355 1.126211
vt -0.338641 0.779630
vt 0.000000 1.250000
vt -0.000000 -1.250000
vt 0.000000 1.696460
vt 0.800000 1.696460
vt 0.000000 1.884956
vt 0.800000 1.884956
vt 0.000000 -1.884956
vt 0.800000 -1.884956
vt 0.000000 -1.696460
vt 0.800000 -1.696460
vt 0.000000 -1.507964
vt 0.800000 -1.507964
vt 0.000000 -1.319469
vt 0.800000 -1.319469
vt 0.000000 -1.130973
vt 0.800000 -1.130973
vt 0.000000 -0.942478
vt 0.800000 -0.942478
vt 0.000000 -0.753982
vt 0.800000 -0.753982
vt 0.000000 -0.565487
vt 0.800000 -0.565487
vt 0.000000 -0.376991
vt 0.800000 -0.376991
vt 0.000000 -0.188496
vt 0.800000 -0.188496
vt 0.800000 0.000000
vt 0.000000 0.188496
vt 0.800000 0.188496
vt 0.000000 0.376991
vt 0.800000 0.376991
vt 0.000000 0.565487
vt 0.800000 0.565487
vt 0.000000 0.753982
vt 0.800000 0.753982
vt 0.000000 0.942478
vt 0.800000 0.942478
vt 0.000000 1.130973
vt 0.800000 1.130973
vt 0.000000 1.319469
vt 0.800000 1.319469
vt 0.000000 1.507964
vt 0.800000 1.507964
vt -0.800000 -2.438149
vt -0.800000 -2.670354
vt -0.800000 2.670354
vt -0.800000 2.438149
vt -0.800000 2.205944
vt -0.000000 1.973740
vt -0.800000 1.973740
vt -0.000000 1.741535
vt -0.800000 1.741535
vt -0.800000 1.509330
vt -0.800000 1.277126
vt -0.800000 1.044921
vt -0.800000 0.812716
vt -0.800000 0.580512
vt -0.800000 0.348307
vt -0.800000 0.116102
vt -0.800000 -0.116102
vt -0.800000 -0.348307
vt -0.800000 -0.580512
vt -0.800000 -0.812716
vt -0.800000 -1.044921
vt -0.800000 -1.277126
vt -0.800000 -1.509330
vt -0.800000 -1.741535
vt -0.800000 -1.973740
vt -0.800000 -2.205944
vt 0.229327 0.818480
vt 0.000000 0.600000
vt -0.229327 0.818480
vt -0.185410 0.570634
vt -0.441646 0.726256
vt -0.352671 0.485410
vt -0.621211 0.580170
vt -0.485410 0.352671
vt -0.754702 0.391055
vt -0.570634 0.185410
vt -0.832221 0.172938
vt -0.848018 -0.058006
vt -0.570634 -0.185410
vt -0.800922 -0.284648
vt -0.485410 -0.352671
vt -0.694424 -0.490178
vt -0.536425 -0.659355
vt -0.352671 -0.485410
vt -0.338641 -0.779630
vt -0.185410 -0.570634
vt -0.115742 -0.842083
vt 0.000000 -0.600000
vt 0.115742 -0.842083
vt 0.185410 -0.570634
vt 0.338641 -0.779630
vt 0.352671 -0.485410
vt 0.536425 -0.659355
vt 0.485410 -0.352671
vt 0.694424 -0.490178
vt 0.800922 -0.284648
vt 0.570634 -0.185410
vt 0.848018 -0.058006
vt 0.600000 0.000000
vt 0.832221 0.172938
vt 0.570634 0.185410
vt 0.754702 0.391055
vt 0.485410 0.352671
vt 0.621211 0.580170
vt 0.352671 0.485410
vt 0.441646 0.726256
vt 0.185410 0.570634
vt 0.800000 3.646491
vt 0.800000 3.926991
vt 0.800000 -3.926991
vt 0.800000 -3.646491
vt 0.000000 -3.365992
vt 0.800000 -3.365992
vt 0.800000 -3.085493
vt 0.000000 -2.804993
vt 0.800000 -2.804993
vt 0.800000 -2.524494
vt 0.800000 -2.243995
vt 0.800000 -1.963495
vt 0.800000 -1.682996
vt 0.800000 -1.402497
vt 0.800000 -1.121997
vt 0.000000 -0.841498
vt 0.800000 -0.841498
vt 0.800000 -0.560999
vt 0.000000 -0.280499
vt 0.800000 -0.280499
vt 0.800000 0.280499
vt 0.800000 0.560999
vt 0.000000 0.841498
vt 0.800000 0.841498
vt 0.800000 1.121997
vt 0.800000 1.402497
vt 0.800000 1.682996
vt 0.800000 1.963495
vt 0.800000 2.243995
vt 0.800000 2.524494
vt 0.800000 2.804993
vt 0.800000 3.085493
vt 0.800000 3.365992
vt -0.000000 -4.105014
vt -0.800000 -4.105014
vt -0.000000 -4.398230
vt -0.800000 -4.398230
vt -0.000000 4.398230
vt -0.800000 4.398230
vt -0.000000 4.105014
vt -0.800000 4.105014
vt -0.000000 3.811799
vt -0.800000 3.811799
vt -0.000000 3.518584
vt -0.800000 3.518584
vt -0.000000 3.225368
vt -0.800000 3.225368
vt -0.000000 2.932153
vt -0.800000 2.932153
vt -0.000000 2.638938
vt -0.800000 2.638938
vt -0.000000 2.345723
vt -0.800000 2.345723
vt -0.000000 2.052507
vt -0.800000 2.052507
vt -0.000000 1.759292
vt -0.800000 1.759292
vt -0.000000 1.466077
vt -0.800000 1.466077
vt -0.000000 1.172861
vt -0.800000 1.172861
vt -0.000000 0.879646
vt -0.800000 0.879646
vt -0.000000 0.586431
vt -0.800000 0.586431
vt -0.000000 0.293215
vt -0.800000 0.293215
vt -0.000000 -0.293215
vt -0.800000 -0.293215
vt -0.000000 -0.586431
vt -0.800000 -0.586431
vt -0.000000 -0.879646
vt -0.800000 -0.879646
vt -0.000000 -1.172861
vt -0.800000 -1.172861
vt -0.000000 -1.466077
vt -0.800000 -1.466077
vt -0.000000 -1.759292
vt -0.800000 -1.759292
vt -0.000000 -2.052507
vt -0.800000 -2.052507
vt -0.000000 -2.345723
vt -0.800000 -2.345723
vt -0.000000 -2.638938
vt -0.800000 -2.638938
vt -0.000000 -2.932153
vt -0.800000 -2.932153
vt -0.000000 -3.225368
vt -0.800000 -3.225368
vt -0.000000 -3.518584
vt -0.800000 -3.518584
vt -0.000000 -3.811799
vt -0.800000 -3.811799
vt 0.291076 1.369407
vt -0.000000 1.400000
vt -0.291076 1.369407
vt -0.569431 1.278964
vt -0.822899 1.132624
vt -1.040403 0.936783
vt -1.212436 0.700000
vt -1.331479 0.432624
vt -1.392331 0.146340
vt -1.250000 0.000000
vt -1.392331 -0.146340
vt -1.331479 -0.432624
vt -1.212436 -0.700000
vt -1.040403 -0.936783
vt -0.822899 -1.132624
vt -0.569431 -1.278964
vt -0.291076 -1.369407
vt 0.000000 -1.400000
vt 0.291076 -1.369407
vt 0.569431 -1.278964
vt 0.822899 -1.132624
vt 1.040403 -0.936783
vt 1.212436 -0.700000
vt 1.331479 -0.432624
vt 1.392331 -0.146340
vt 1.392331 0.146340
vt 1.331479 0.432624
vt 1.212436 0.700000
vt 1.040403 0.936783
vt 0.822899 1.132624
vt 0.569431 1.278964
s 0
f 36/1/1 1/2/2 5/3/3
f 5/3/3 1/2/2 2/4/4
f 5/3/3 2/4/4 4/5/5
f 4/5/5 2/4/4 3/6/6
f 5/3/3 6/7/7 36/1/1
f 36/1/8 6/7/7 35/8/9
f 35/8/10 6/7/7 7/9/11
f 35/8/9 7/9/11 34/10/12
f 34/10/12 7/9/11 8/11/13
f 34/10/12 8/11/14 33/12/15
f 33/12/15 8/11/16 9/13/17
f 33/12/15 9/13/18 32/14/19
f 32/14/19 9/13/18 10/15/20
f 32/14/19 10/15/20 31/16/21
f 31/16/21 10/15/20 11/17/22
f 31/16/23 11/17/24 30/18/25
f 30/18/25 11/17/22 12/19/25
f 30/18/25 12/19/25 13/20/26
f 30/18/25 13/20/26 29/21/27
f 29/21/27 13/20/26 14/22/28
f 29/21/27 14/22/28 28/23/29
f 28/23/29 14/22/28 15/24/30
f 28/23/29 15/24/30 27/25/31
f 27/25/31 15/24/32 16/26/33
f 27/25/31 16/26/34 26/27/35
f 26/27/35 16/26/36 17/28/37
f 26/27/35 17/28/37 25/29/38
f 25/29/39 17/28/37 18/30/40
f 25/29/39 18/30/40 24/31/41
f 24/31/42 18/30/40 19/32/43
f 24/31/42 19/32/43 23/33/44
f 23/33/44 19/32/43 20/34/45
f 23/33/44 20/34/45 22/35/46
f 22/35/46 20/34/45 21/36/47
f 3/37/48 37/38/48 4/39/48
f 4/39/48 37/38/48 47/40/48
f 47/40/48 37/38/48 46/41/48
f 46/41/48 37/38/48 38/42/48
f 46/41/48 38/42/48 45/43/48
f 45/43/48 38/42/48 39/44/48
f 45/43/48 39/44/48 41/45/48
f 41/45/48 39/44/48 40/46/48
f 45/43/48 41/45/48 44/47/48
f 44/47/48 41/45/48 42/48/48
f 44/47/48 42/48/48 43/49/48
f 63/50/49 20/51/49 62/52/50
f 62/52/50 20/51/49 19/53/50
f 62/52/50 19/53/50 61/54/51
f 61/54/51 19/53/50 18/55/51
f 61/54/52 18/55/52 60/56/53
f 60/56/53 18/55/52 17/57/53
f 60/56/54 17/57/54 59/58/55
f 59/58/55 17/57/54 16/59/55
f 59/58/56 16/59/56 58/60/57
f 58/60/57 16/59/56 15/61/57
f 58/60/57 15/61/57 57/62/58
f 57/62/58 15/61/57 14/63/58
f 57/62/58 14/63/58 56/64/59
f 56/64/59 14/63/58 13/65/59
f 56/64/59 13/65/59 55/66/60
f 55/66/60 13/65/59 12/67/60
f 55/66/60 12/67/60 54/68/61
f 54/68/61 12/67/60 11/69/61
f 54/68/61 11/69/61 53/70/62
f 53/70/62 11/69/61 10/71/62
f 53/70/62 10/71/62 52/72/63
f 52/72/63 10/71/62 9/73/63
f 52/72/63 9/73/63 51/74/64
f 51/74/64 9/73/63 8/75/64
f 51/74/65 8/75/65 50/76/66
f 50/76/66 8/75/65 7/77/66
f 50/76/67 7/77/67 49/78/68
f 49/78/68 7/77/67 6/79/68
f 49/78/69 6/79/69 48/80/70
f 48/80/70 6/79/69 5/81/70
f 48/80/70 5/81/70 47/82/71
f 47/82/71 5/81/70 4/83/71
f 21/84/72 20/85/72 72/86/72
f 72/86/72 20/85/72 63/87/72
f 72/86/72 63/87/72 64/88/72
f 72/86/72 64/88/72 71/89/72
f 71/89/72 64/88/72 65/90/72
f 71/89/72 65/90/72 70/91/72
f 70/91/72 65/90/72 69/92/72
f 69/92/72 65/90/72 66/93/72
f 69/92/72 66/93/72 68/94/72
f 68/94/72 66/93/72 67/95/72
f 68/96/73 74/97/74 73/98/75
f 73/98/75 74/97/74 75/99/76
f 73/98/75 75/99/76 96/100/77
f 96/100/78 75/99/76 76/101/79
f 96/100/77 76/101/79 95/102/80
f 95/102/80 76/101/79 77/103/81
f 95/102/80 77/103/81 94/104/82
f 94/104/82 77/103/81 78/105/83
f 94/104/82 78/105/83 93/106/84
f 93/106/84 78/105/83 79/107/85
f 93/106/86 79/107/87 92/108/88
f 92/108/88 79/107/89 80/109/90
f 92/108/88 80/109/90 91/110/91
f 91/110/92 80/109/90 90/111/93
f 90/111/94 80/109/90 81/112/95
f 90/111/94 81/112/95 89/113/96
f 89/113/96 81/112/95 82/114/97
f 89/113/96 82/114/97 88/115/98
f 88/115/98 82/114/99 83/116/100
f 88/115/98 83/116/100 87/117/101
f 87/117/101 83/116/100 84/118/102
f 87/117/101 84/118/102 86/119/103
f 86/119/103 84/118/102 85/120/104
f 86/119/103 85/120/104 42/121/105
f 42/121/105 85/120/104 43/122/106
f 68/96/73 67/123/107 74/97/74
f 69/124/108 68/125/108 98/126/108
f 98/126/108 68/125/108 73/127/108
f 98/126/109 73/127/109 97/128/109
f 44/129/110 43/130/110 110/131/111
f 110/131/111 43/130/110 85/132/111
f 110/131/111 85/132/111 109/133/112
f 109/133/112 85/132/111 84/134/112
f 109/133/112 84/134/112 108/135/113
f 108/135/113 84/134/112 83/136/113
f 108/135/113 83/136/113 107/137/114
f 107/137/114 83/136/113 82/138/114
f 107/137/114 82/138/114 106/139/115
f 106/139/115 82/138/114 81/140/115
f 106/139/115 81/140/115 105/141/116
f 105/141/116 81/140/115 80/142/116
f 105/141/117 80/142/117 104/143/118
f 104/143/118 80/142/117 79/144/118
f 104/143/119 79/144/119 103/145/120
f 103/145/120 79/144/119 78/146/120
f 103/145/120 78/146/120 102/147/121
f 102/147/121 78/146/120 77/148/121
f 102/147/121 77/148/121 101/149/122
f 101/149/122 77/148/121 76/150/122
f 101/149/122 76/150/122 100/151/123
f 100/151/123 76/150/122 75/152/123
f 100/151/123 75/152/123 99/153/124
f 99/153/124 75/152/123 74/154/124
f 99/153/124 74/154/124 66/155/125
f 66/155/125 74/154/124 67/156/125
f 63/157/45 62/158/43 64/159/126
f 64/159/127 62/158/43 124/160/128
f 124/160/129 62/158/43 61/161/40
f 124/160/129 61/161/40 123/162/130
f 123/162/130 61/161/40 60/163/37
f 123/162/130 60/163/131 122/164/132
f 122/164/133 60/163/37 59/165/36
f 122/164/133 59/165/34 121/166/134
f 121/166/134 59/165/33 58/167/32
f 121/166/135 58/167/32 120/168/136
f 120/168/136 58/167/30 57/169/28
f 120/168/136 57/169/28 119/170/137
f 119/170/137 57/169/28 56/171/138
f 119/170/137 56/171/26 118/172/139
f 118/172/139 56/171/138 55/173/25
f 118/172/139 55/173/25 117/174/140
f 117/174/140 55/173/25 54/175/22
f 117/174/140 54/175/24 116/176/141
f 116/176/141 54/175/22 53/177/20
f 116/176/141 53/177/20 115/178/142
f 115/178/142 53/177/20 52/179/18
f 115/178/142 52/179/143 114/180/144
f 114/180/145 52/179/18 51/181/16
f 114/180/145 51/181/14 113/182/146
f 113/182/146 51/181/13 50/183/147
f 113/182/148 50/183/147 112/184/149
f 112/184/149 50/183/11 49/185/7
f 112/184/149 49/185/7 111/186/150
f 111/186/150 49/185/7 48/187/3
f 111/186/151 48/187/3 46/188/152
f 46/188/153 48/187/3 47/189/5
f 64/190/154 124/191/154 65/192/154
f 65/192/154 124/191/154 123/193/154
f 65/192/154 123/193/154 137/194/154
f 137/194/154 123/193/154 122/195/154
f 137/194/154 122/195/154 136/196/154
f 136/196/154 122/195/154 121/197/154
f 136/196/154 121/197/154 135/198/154
f 135/198/154 121/197/154 120/199/154
f 135/198/154 120/199/154 134/200/154
f 134/200/154 120/199/154 119/201/154
f 134/200/154 119/201/154 133/202/154
f 133/202/154 119/201/154 118/203/154
f 133/202/154 118/203/154 132/204/154
f 132/204/154 118/203/154 131/205/154
f 131/205/154 118/203/154 117/206/154
f 131/205/154 117/206/154 130/207/154
f 130/207/154 117/206/154 129/208/154
f 129/208/154 117/206/154 116/209/154
f 129/208/154 116/209/154 128/210/154
f 128/210/154 116/209/154 115/211/154
f 128/210/154 115/211/154 127/212/154
f 127/212/154 115/211/154 114/213/154
f 127/212/154 114/213/154 126/214/154
f 126/214/154 114/213/154 113/215/154
f 126/214/154 113/215/154 125/216/154
f 125/216/154 113/215/154 112/217/154
f 125/216/154 112/217/154 45/218/154
f 45/218/154 112/217/154 111/219/154
f 45/218/154 111/219/154 46/220/154
f 45/221/155 44/222/106 125/223/156
f 125/223/156 44/222/106 110/224/104
f 125/223/156 110/224/104 126/225/157
f 126/225/158 110/224/104 109/226/102
f 126/225/158 109/226/102 127/227/159
f 127/227/160 109/226/102 108/228/100
f 127/227/160 108/228/100 128/229/161
f 128/229/161 108/228/100 107/230/99
f 128/229/161 107/230/97 129/231/162
f 129/231/162 107/230/97 106/232/95
f 129/231/162 106/232/95 130/233/163
f 130/233/163 106/232/95 105/234/164
f 130/233/163 105/234/90 131/235/165
f 131/235/165 105/234/90 104/236/87
f 131/235/165 104/236/87 132/237/166
f 132/237/166 104/236/85 103/238/83
f 132/237/166 103/238/83 133/239/167
f 133/239/167 103/238/83 102/240/81
f 133/239/167 102/240/81 134/241/168
f 134/241/168 102/240/169 101/242/79
f 134/241/170 101/242/79 135/243/171
f 135/243/171 101/242/79 100/244/76
f 135/243/172 100/244/76 136/245/173
f 136/245/173 100/244/76 99/246/74
f 136/245/174 99/246/74 137/247/175
f 137/247/175 99/246/74 66/248/107
f 137/247/175 66/248/107 65/249/176
f 42/250/177 41/251/177 86/252/177
f 86/252/177 41/251/177 138/253/177
f 73/254/154 96/255/154 97/256/154
f 97/256/154 96/255/154 95/257/154
f 97/256/154 95/257/154 166/258/154
f 166/258/154 95/257/154 165/259/154
f 165/259/154 95/257/154 94/260/154
f 165/259/154 94/260/154 164/261/154
f 164/261/154 94/260/154 163/262/154
f 163/262/154 94/260/154 162/263/154
f 162/263/154 94/260/154 161/264/154
f 161/264/154 94/260/154 160/265/154
f 160/265/154 94/260/154 93/266/154
f 160/265/154 93/266/154 159/267/154
f 159/267/154 93/266/154 158/268/154
f 158/268/154 93/266/154 92/269/154
f 158/268/154 92/269/154 157/270/154
f 157/270/154 92/269/154 91/271/154
f 157/270/154 91/271/154 156/272/154
f 156/272/154 91/271/154 90/273/154
f 156/272/154 90/273/154 155/274/154
f 155/274/154 90/273/154 154/275/154
f 154/275/154 90/273/154 89/276/154
f 154/275/154 89/276/154 153/277/154
f 153/277/154 89/276/154 152/278/154
f 152/278/154 89/276/154 151/279/154
f 151/279/154 89/276/154 150/280/154
f 150/280/154 89/276/154 149/281/154
f 149/281/154 89/276/154 88/282/154
f 149/281/154 88/282/154 176/283/154
f 176/283/154 88/282/154 138/284/154
f 176/283/154 138/284/154 140/285/154
f 140/285/154 138/284/154 139/286/154
f 88/282/154 87/287/154 138/284/154
f 138/284/154 87/287/154 86/288/154
f 176/283/154 140/285/154 175/289/154
f 175/289/154 140/285/154 141/290/154
f 175/289/154 141/290/154 174/291/154
f 174/291/154 141/290/154 143/292/154
f 174/291/154 143/292/154 173/293/154
f 173/293/154 143/292/154 172/294/154
f 172/294/154 143/292/154 144/295/154
f 172/294/154 144/295/154 171/296/154
f 171/296/154 144/295/154 170/297/154
f 170/297/154 144/295/154 169/298/154
f 169/298/154 144/295/154 146/299/154
f 169/298/154 146/299/154 168/300/154
f 168/300/154 146/299/154 147/301/154
f 168/300/154 147/301/154 167/302/154
f 167/302/154 147/301/154 166/258/154
f 166/258/154 147/301/154 97/256/154
f 141/290/154 142/303/154 143/292/154
f 144/295/154 145/304/154 146/299/154
f 147/301/154 148/305/154 97/256/154
f 23/306/108 22/307/108 185/308/108
f 185/308/108 22/307/108 21/309/108
f 185/308/108 21/309/108 72/310/108
f 177/311/108 182/312/108 72/310/108
f 72/310/108 182/312/108 183/313/108
f 72/310/108 183/313/108 184/314/108
f 178/315/108 179/316/108 177/311/108
f 177/311/108 179/316/108 180/317/108
f 177/311/108 180/317/108 181/318/108
f 181/318/108 182/312/178 177/311/178
f 184/314/108 185/308/108 72/310/108
f 197/319/179 186/320/180 198/321/179
f 198/321/179 186/320/180 187/322/180
f 198/321/179 187/322/180 188/323/181
f 188/323/182 189/324/183 198/321/184
f 198/321/185 189/324/186 199/325/187
f 198/321/185 199/325/188 197/319/185
f 197/319/185 199/325/188 196/326/189
f 196/326/190 199/325/191 200/327/192
f 196/326/193 200/327/192 195/328/192
f 195/328/194 200/327/194 194/329/195
f 194/329/195 200/327/196 192/330/197
f 194/329/195 192/330/198 193/331/195
f 189/324/199 190/332/200 199/325/201
f 199/325/202 190/332/203 191/333/204
f 199/325/202 191/333/204 200/327/205
f 200/327/194 191/333/206 192/330/207
f 150/334/208 149/335/209 203/336/210
f 203/336/210 149/335/209 201/337/211
f 203/336/210 201/337/209 210/338/212
f 210/338/212 201/337/209 191/339/213
f 210/338/214 191/339/215 209/340/216
f 209/340/217 191/339/218 190/341/219
f 209/340/220 190/341/221 208/342/222
f 208/342/223 190/341/224 189/343/225
f 208/342/226 189/343/227 207/344/228
f 207/344/228 189/343/229 188/345/230
f 207/344/231 188/345/232 202/346/233
f 201/337/209 192/347/234 191/339/213
f 207/344/228 202/346/235 204/348/236
f 204/348/237 202/346/235 155/349/238
f 204/348/237 155/349/239 154/350/240
f 204/348/237 154/350/240 206/351/241
f 206/351/241 154/350/242 153/352/243
f 206/351/244 153/352/245 152/353/246
f 206/351/247 152/353/246 205/354/248
f 205/354/248 152/353/246 151/355/249
f 205/354/250 151/355/249 150/334/251
f 205/354/250 150/334/251 203/336/252
f 210/338/214 209/340/217 203/336/252
f 203/336/253 209/340/254 205/354/250
f 207/344/228 204/348/237 206/351/241
f 209/340/220 208/342/222 205/354/248
f 205/354/248 208/342/223 206/351/247
f 208/342/255 207/344/256 206/351/241
f 187/356/180 186/357/180 216/358/257
f 216/358/257 186/357/180 211/359/257
f 216/358/257 211/359/257 215/360/258
f 215/360/258 211/359/257 212/361/258
f 215/360/258 212/361/258 214/362/259
f 214/362/259 212/361/258 213/363/259
f 155/364/238 202/365/233 156/366/260
f 156/366/260 202/365/233 187/367/261
f 156/366/260 187/367/261 216/368/262
f 202/365/233 188/369/263 187/367/261
f 156/366/260 216/368/262 157/370/25
f 157/370/25 216/368/264 215/371/265
f 157/370/25 215/371/266 158/372/267
f 158/372/267 215/371/266 214/373/268
f 158/372/267 214/373/268 218/374/269
f 218/374/269 214/373/268 217/375/270
f 218/374/269 159/376/271 158/372/267
f 219/377/272 220/378/272 228/379/273
f 228/379/274 220/378/272 229/380/275
f 228/379/276 229/380/275 227/381/277
f 227/381/278 229/380/279 226/382/280
f 226/382/281 229/380/279 224/383/282
f 226/382/283 224/383/282 225/384/283
f 220/378/284 221/385/285 229/380/275
f 229/380/275 221/385/285 222/386/286
f 229/380/287 222/386/288 223/387/289
f 223/387/290 224/383/282 229/380/291
f 221/388/292 171/389/292 222/390/293
f 222/390/293 171/389/292 170/391/294
f 222/390/295 170/391/296 223/392/297
f 223/392/298 170/391/299 169/393/300
f 223/392/298 169/393/301 224/394/301
f 219/395/284 230/396/284 220/397/284
f 220/397/284 230/396/284 231/398/284
f 221/399/165 220/400/165 171/401/165
f 171/401/165 220/400/165 231/402/165
f 171/401/165 231/402/165 172/403/165
f 172/403/165 231/402/165 232/404/165
f 240/405/302 233/406/303 241/407/302
f 241/407/302 233/406/303 234/408/303
f 241/407/302 234/408/303 235/409/304
f 235/409/305 236/410/302 241/407/302
f 241/407/306 236/410/306 237/411/307
f 241/407/306 237/411/307 242/412/308
f 242/412/308 237/411/309 238/413/308
f 242/412/310 238/413/310 232/414/311
f 231/415/284 230/416/284 232/414/312
f 232/414/313 230/416/314 242/412/310
f 230/416/314 239/417/310 242/412/310
f 242/412/308 239/417/308 241/407/306
f 239/417/308 240/405/306 241/407/306
f 235/418/315 176/419/234 236/420/316
f 236/420/317 176/419/315 175/421/317
f 236/420/318 175/421/318 237/422/319
f 237/422/319 175/421/318 174/423/319
f 237/422/320 174/423/320 173/424/321
f 237/422/320 173/424/321 238/425/321
f 238/425/322 173/424/322 172/426/323
f 238/425/324 172/426/325 232/427/325
f 193/428/72 234/429/72 194/430/72
f 194/430/72 234/429/72 233/431/72
f 192/432/234 201/433/234 193/434/234
f 193/434/234 201/433/234 149/435/234
f 193/434/234 149/435/234 176/436/234
f 235/437/234 234/438/234 176/436/234
f 176/436/234 234/438/234 193/434/234
f 243/377/326 244/378/326 252/379/327
f 252/379/328 244/378/329 253/380/330
f 252/379/331 253/380/330 251/381/332
f 251/381/333 253/380/334 250/382/335
f 250/382/335 253/380/334 248/383/336
f 250/382/48 248/383/337 249/384/48
f 244/378/283 245/385/338 253/380/339
f 253/380/340 245/385/338 246/386/341
f 253/380/330 246/386/342 247/387/343
f 247/387/344 248/383/337 253/380/334
f 245/439/301 168/440/301 246/441/345
f 246/441/345 168/440/346 167/442/347
f 246/441/345 167/442/348 247/443/349
f 247/443/350 167/442/351 166/444/352
f 247/443/350 166/444/352 248/445/352
f 225/446/283 244/447/283 226/448/283
f 226/448/283 244/447/283 243/449/283
f 224/450/301 169/451/301 225/452/301
f 225/452/301 169/451/301 244/453/301
f 244/453/301 169/451/301 168/454/301
f 244/453/353 168/454/353 245/455/300
f 262/319/354 254/320/355 263/321/354
f 263/321/354 254/320/355 255/322/355
f 263/321/354 255/322/355 256/456/356
f 256/456/357 257/457/358 263/321/359
f 263/321/359 257/457/360 264/458/361
f 263/321/359 264/458/362 261/326/363
f 261/326/364 264/458/365 260/328/366
f 260/328/366 264/458/365 265/327/366
f 260/328/367 265/327/367 213/329/259
f 213/329/259 265/327/367 217/459/368
f 213/329/259 217/459/369 214/331/259
f 257/457/370 258/460/371 264/458/362
f 264/458/372 258/460/373 259/461/374
f 264/458/365 259/461/375 265/327/376
f 265/327/366 259/461/377 217/459/368
f 261/326/363 262/319/359 263/321/359
f 164/462/378 271/463/379 165/464/380
f 165/464/380 271/463/379 267/465/381
f 165/464/382 267/465/381 266/466/383
f 266/466/380 267/465/384 257/467/385
f 266/466/383 257/467/386 256/468/383
f 164/462/387 163/469/388 271/463/389
f 271/463/390 163/469/388 270/470/391
f 271/463/390 270/470/392 267/465/393
f 267/465/393 270/470/392 272/471/394
f 267/465/395 272/471/394 257/467/396
f 257/467/396 272/471/394 258/472/397
f 258/472/398 272/471/399 273/473/400
f 258/472/401 273/473/402 259/474/403
f 259/474/404 273/473/405 274/475/406
f 259/474/407 274/475/408 217/476/270
f 217/476/409 274/475/410 218/477/411
f 218/477/412 274/475/408 268/478/413
f 218/477/414 268/478/413 159/479/415
f 159/479/271 268/478/416 160/480/417
f 160/480/418 268/478/419 269/481/420
f 160/480/421 269/481/420 161/482/422
f 161/482/422 269/481/423 162/483/424
f 162/483/424 269/481/425 270/470/426
f 162/483/424 270/470/427 163/469/428
f 272/471/399 270/470/429 269/481/430
f 274/475/406 273/473/405 268/478/419
f 268/478/431 273/473/405 269/481/420
f 273/473/432 272/471/399 269/481/425
f 249/446/48 255/484/48 250/448/48
f 250/448/48 255/484/48 254/485/48
f 248/486/352 166/487/352 249/488/352
f 249/488/352 166/487/352 255/489/352
f 255/489/352 166/487/352 165/490/352
f 255/489/352 165/490/352 266/491/352
f 266/491/352 256/492/352 255/489/352
f 36/493/154 289/494/154 1/495/154
f 1/495/154 289/494/154 290/496/154
f 1/495/154 290/496/154 291/497/154
f 289/494/154 36/493/154 288/498/154
f 288/498/154 36/493/154 35/499/154
f 288/498/154 35/499/154 287/500/154
f 287/500/154 35/499/154 34/501/154
f 287/500/154 34/501/154 286/502/154
f 286/502/154 34/501/154 33/503/154
f 286/502/154 33/503/154 285/504/154
f 285/504/154 33/503/154 32/505/154
f 285/504/154 32/505/154 284/506/154
f 284/506/154 32/505/154 31/507/154
f 284/506/154 31/507/154 283/508/154
f 283/508/154 31/507/154 30/509/154
f 283/508/154 30/509/154 29/510/154
f 283/508/154 29/510/154 282/511/154
f 282/511/154 29/510/154 28/512/154
f 282/511/154 28/512/154 281/513/154
f 281/513/154 28/512/154 27/514/154
f 281/513/154 27/514/154 280/515/154
f 280/515/154 27/514/154 26/516/154
f 280/515/154 26/516/154 279/517/154
f 279/517/154 26/516/154 25/518/154
f 279/517/154 25/518/154 278/519/154
f 278/519/154 25/518/154 24/520/154
f 278/519/154 24/520/154 277/521/154
f 277/521/154 24/520/154 23/522/154
f 277/521/154 23/522/154 276/523/154
f 276/523/154 23/522/154 275/524/154
f 275/524/154 23/522/154 185/525/154
f 291/497/154 292/526/154 1/495/154
f 294/527/433 319/528/433 293/529/434
f 293/529/435 319/528/436 317/530/435
f 293/531/437 317/532/438 339/533/439
f 339/533/439 317/532/437 318/534/437
f 339/533/439 318/534/440 340/535/439
f 340/535/441 318/534/437 305/536/437
f 340/535/442 305/536/443 306/537/439
f 319/528/444 294/527/444 321/538/445
f 321/538/446 294/527/444 295/539/446
f 321/538/447 295/539/448 323/540/449
f 323/540/449 295/539/450 296/541/449
f 323/540/451 296/541/451 325/542/452
f 325/542/452 296/541/451 297/543/453
f 325/542/454 297/543/454 327/544/455
f 327/544/456 297/543/454 298/545/456
f 327/544/457 298/545/458 329/546/459
f 329/546/460 298/545/461 299/547/460
f 329/546/462 299/547/463 300/548/464
f 329/546/465 300/548/464 331/549/466
f 331/549/467 300/548/467 301/550/468
f 331/549/467 301/550/468 333/551/469
f 333/551/470 301/550/471 302/552/472
f 333/551/473 302/552/472 335/553/472
f 335/553/474 302/552/474 303/554/475
f 335/553/474 303/554/476 337/555/477
f 337/555/478 303/554/478 304/556/479
f 337/555/478 304/556/479 339/533/479
f 339/533/439 304/556/480 293/531/438
f 340/535/479 306/537/479 338/557/481
f 338/557/478 306/537/479 307/558/478
f 338/557/482 307/558/482 336/559/483
f 336/559/474 307/558/476 308/560/474
f 336/559/472 308/560/472 334/561/470
f 334/561/471 308/560/472 309/562/470
f 334/561/468 309/562/468 332/563/484
f 332/563/467 309/562/468 310/564/467
f 332/563/464 310/564/464 330/565/485
f 330/565/462 310/564/486 311/566/462
f 330/565/487 311/566/488 312/567/457
f 330/565/460 312/567/458 328/568/489
f 328/568/456 312/567/456 313/569/454
f 328/568/456 313/569/454 326/570/490
f 326/570/453 313/569/453 314/571/451
f 326/570/491 314/571/451 324/572/451
f 324/572/449 314/571/449 315/573/447
f 324/572/449 315/573/450 322/574/492
f 322/574/446 315/573/446 316/575/444
f 322/574/446 316/575/444 320/576/493
f 320/576/494 316/575/495 305/577/435
f 320/576/433 305/577/435 318/578/496
f 320/576/436 318/578/435 317/530/435
f 320/576/433 317/530/497 319/528/433
f 322/574/445 320/576/444 319/528/444
f 322/574/446 319/528/444 321/538/446
f 324/572/498 322/574/447 321/538/450
f 324/572/449 321/538/448 323/540/449
f 326/570/491 324/572/451 323/540/451
f 326/570/453 323/540/451 325/542/453
f 328/568/455 326/570/454 325/542/454
f 328/568/456 325/542/499 327/544/456
f 330/565/500 328/568/458 327/544/458
f 330/565/460 327/544/489 329/546/487
f 332/563/466 330/565/462 329/546/462
f 334/561/469 332/563/467 331/549/467
f 331/549/464 332/563/464 329/546/501
f 336/559/472 334/561/471 333/551/471
f 333/551/468 334/561/468 331/549/484
f 338/557/502 336/559/474 335/553/474
f 335/553/472 336/559/472 333/551/473
f 340/535/503 338/557/478 337/555/478
f 337/555/476 338/557/476 335/553/474
f 339/533/479 340/535/479 337/555/478
f 275/579/504 185/580/505 367/581/506
f 367/581/507 185/580/505 184/582/508
f 367/581/506 184/582/508 183/583/509
f 183/583/510 182/584/511 367/581/506
f 367/581/506 182/584/511 181/585/512
f 367/581/507 181/585/512 366/586/513
f 366/586/513 181/585/514 180/587/515
f 366/586/513 180/587/516 179/588/517
f 179/588/517 178/589/518 366/586/513
f 366/586/513 178/589/519 177/590/513
f 366/591/513 177/592/513 341/593/520
f 366/591/513 341/593/520 394/594/521
f 394/594/521 341/593/522 342/595/523
f 394/594/521 342/595/523 393/596/524
f 393/596/525 342/595/523 343/597/526
f 393/596/527 343/597/526 392/598/528
f 392/598/528 343/597/529 344/599/530
f 392/598/528 344/599/530 391/600/531
f 391/600/532 344/599/530 345/601/533
f 391/600/531 345/601/533 346/602/534
f 391/600/531 346/602/534 390/603/535
f 390/603/535 346/602/534 347/604/536
f 390/603/535 347/604/536 389/605/537
f 389/605/538 347/604/536 348/606/539
f 389/605/537 348/606/539 388/607/540
f 388/607/541 348/606/542 349/608/543
f 388/607/541 349/608/543 387/609/544
f 387/609/544 349/608/543 350/610/545
f 387/609/544 350/610/546 351/611/547
f 387/609/544 351/611/547 386/612/548
f 386/612/548 351/611/547 352/613/549
f 386/612/548 352/613/549 385/614/550
f 385/614/550 352/613/549 353/615/551
f 385/614/550 353/615/551 384/616/552
f 384/616/552 353/615/551 354/617/553
f 384/616/552 354/617/553 383/618/554
f 383/618/554 354/617/553 355/619/555
f 383/618/554 355/619/555 356/620/556
f 383/618/554 356/620/556 382/621/557
f 382/621/557 356/620/556 357/622/558
f 382/621/557 357/622/558 381/623/559
f 381/623/559 357/622/558 358/38/560
f 381/623/559 358/38/560 380/624/561
f 380/624/561 358/38/560 359/625/562
f 380/624/563 359/625/562 360/626/564
f 360/626/564 361/627/565 380/624/561
f 380/624/563 361/627/566 362/628/567
f 380/624/563 362/628/567 363/629/568
f 363/629/568 364/630/569 380/624/561
f 380/624/561 364/630/570 365/631/571
f 380/624/561 365/631/571 292/632/572
f 380/624/563 292/632/572 379/633/573
f 379/633/574 292/632/572 291/634/575
f 379/633/576 291/634/575 290/635/577
f 379/633/576 290/635/577 378/636/578
f 378/636/578 290/635/579 289/637/580
f 378/636/578 289/637/580 377/638/581
f 377/638/581 289/637/580 288/639/582
f 377/638/581 288/639/582 376/640/583
f 376/640/583 288/639/584 287/641/585
f 376/640/586 287/641/585 286/642/587
f 376/640/586 286/642/587 375/643/588
f 375/643/589 286/642/587 285/644/590
f 375/643/589 285/644/591 374/645/592
f 374/645/592 285/644/590 284/646/593
f 374/645/592 284/646/593 283/647/594
f 374/645/592 283/647/594 373/648/595
f 373/648/596 283/647/594 282/649/597
f 373/648/596 282/649/597 372/650/598
f 372/650/598 282/649/597 281/651/599
f 372/650/598 281/651/600 371/652/601
f 371/652/601 281/651/600 280/653/602
f 371/652/601 280/653/602 279/654/603
f 371/652/601 279/654/603 370/655/604
f 370/655/605 279/654/603 278/656/606
f 370/655/604 278/656/606 369/657/607
f 369/657/608 278/656/606 277/658/609
f 369/657/607 277/658/609 276/659/610
f 369/657/608 276/659/610 368/660/611
f 368/660/612 276/659/610 275/579/504
f 368/660/611 275/579/504 367/581/506
f 396/661/613 381/662/614 395/663/335
f 395/664/48 381/665/614 380/666/615
f 395/664/355 380/666/615 423/667/616
f 423/667/617 380/666/618 379/668/619
f 423/667/617 379/668/619 422/669/620
f 422/669/621 379/668/622 378/670/623
f 422/669/624 378/670/625 421/671/626
f 421/671/627 378/670/628 377/672/629
f 421/671/627 377/672/630 420/673/631
f 420/673/632 377/672/630 376/674/633
f 420/673/634 376/674/633 419/675/635
f 419/675/636 376/674/637 375/676/638
f 419/675/636 375/676/639 418/677/640
f 418/677/641 375/676/639 374/678/642
f 418/677/643 374/678/642 417/679/644
f 417/679/645 374/678/646 373/680/647
f 417/679/648 373/680/649 416/681/650
f 416/681/651 373/680/652 372/682/653
f 416/681/651 372/682/654 415/683/655
f 415/683/655 372/682/656 371/684/657
f 415/683/658 371/684/657 414/685/659
f 414/685/660 371/684/661 370/686/662
f 414/685/660 370/686/663 413/687/664
f 413/687/664 370/686/665 369/688/666
f 413/687/667 369/688/666 412/689/668
f 412/689/669 369/688/670 368/690/671
f 412/689/672 368/690/673 411/691/674
f 411/691/675 368/690/676 367/692/677
f 411/691/675 367/692/677 410/693/678
f 410/693/679 367/692/680 366/694/195
f 410/693/679 366/694/72 409/695/681
f 409/695/681 366/694/303 394/696/682
f 409/695/683 394/696/684 408/697/685
f 408/697/685 394/696/684 393/698/686
f 408/697/687 393/698/688 407/699/689
f 407/699/690 393/698/691 392/700/692
f 407/699/693 392/700/694 406/701/695
f 406/701/696 392/700/694 391/702/697
f 406/701/696 391/702/698 405/703/699
f 405/703/699 391/702/700 390/704/701
f 405/703/702 390/704/703 404/705/704
f 404/705/705 390/704/703 389/706/706
f 404/705/705 389/706/707 403/707/708
f 403/707/708 389/706/707 388/708/709
f 403/707/710 388/708/711 402/709/712
f 402/709/712 388/708/711 387/710/713
f 402/709/714 387/710/715 401/711/716
f 401/711/716 387/710/715 386/712/717
f 401/711/718 386/712/717 400/713/719
f 400/713/719 386/712/720 385/714/721
f 400/713/722 385/714/723 399/715/724
f 399/715/725 385/714/723 384/716/726
f 399/715/727 384/716/726 398/717/728
f 398/717/728 384/716/729 383/718/730
f 398/717/731 383/718/732 397/719/733
f 397/719/734 383/718/735 382/720/736
f 397/719/737 382/720/738 396/661/739
f 396/661/739 382/720/738 381/662/740
f 143/721/741 142/722/742 426/723/741
f 426/723/743 142/722/742 425/724/742
f 425/724/744 142/722/744 424/725/745
f 424/725/746 142/722/747 141/726/746
f 426/727/743 427/728/743 143/729/743
f 143/729/743 427/728/743 144/730/743
f 146/731/748 145/732/749 429/733/748
f 429/733/748 145/732/749 428/734/749
f 428/734/749 145/732/749 427/735/743
f 427/735/743 145/732/750 144/736/743
f 41/737/177 430/738/751 138/739/177
f 138/739/177 430/738/752 139/740/753
f 139/740/754 430/738/752 431/741/755
f 139/740/754 431/741/756 140/742/745
f 140/742/745 431/741/756 432/743/745
f 37/744/177 3/745/177 292/746/177
f 292/746/177 3/745/177 2/747/177
f 292/746/177 2/747/177 1/748/177
f 292/746/177 365/749/177 37/744/177
f 37/744/177 365/749/177 364/750/177
f 37/744/177 364/750/177 363/751/177
f 37/744/177 363/751/177 358/752/177
f 358/752/177 363/751/177 362/753/177
f 358/752/757 362/753/757 361/754/757
f 361/754/177 360/755/177 358/752/177
f 358/752/177 360/755/177 359/756/177
f 438/757/758 433/758/758 437/759/759
f 437/759/759 433/758/760 434/760/759
f 437/759/761 434/760/761 436/761/762
f 436/761/762 434/760/761 435/762/762
f 436/761/762 435/762/762 39/763/48
f 39/763/48 435/762/762 40/764/48
f 440/765/154 484/766/154 439/767/154
f 439/767/154 484/766/154 485/768/154
f 439/767/154 485/768/154 486/769/154
f 441/770/154 482/771/154 440/765/154
f 440/765/154 482/771/154 483/772/154
f 440/765/154 483/772/154 484/766/154
f 482/771/154 441/770/154 481/773/154
f 481/773/154 441/770/154 442/774/154
f 481/773/154 442/774/154 480/775/154
f 480/775/154 442/774/154 443/776/154
f 480/775/154 443/776/154 479/777/154
f 479/777/154 443/776/154 444/778/154
f 479/777/154 444/778/154 478/779/154
f 478/779/154 444/778/154 445/780/154
f 478/779/154 445/780/154 477/781/154
f 477/781/154 445/780/154 446/782/154
f 477/781/154 446/782/154 476/783/154
f 476/783/154 446/782/154 447/784/154
f 476/783/154 447/784/154 475/785/154
f 475/785/154 447/784/154 448/786/154
f 475/785/154 448/786/154 474/787/154
f 474/787/154 448/786/154 449/788/154
f 474/787/154 449/788/154 473/789/154
f 473/789/154 449/788/154 450/790/154
f 473/789/154 450/790/154 472/791/154
f 472/791/154 450/790/154 451/792/154
f 472/791/154 451/792/154 471/793/154
f 471/793/154 451/792/154 452/794/154
f 471/793/154 452/794/154 470/795/154
f 470/795/154 452/794/154 453/796/154
f 470/795/154 453/796/154 469/797/154
f 469/797/154 453/796/154 454/798/154
f 469/797/154 454/798/154 455/799/154
f 455/799/154 456/800/154 469/797/154
f 469/797/154 456/800/154 426/801/154
f 469/797/154 426/801/154 425/802/154
f 456/800/154 457/803/154 426/801/154
f 426/801/154 457/803/154 427/804/154
f 427/804/154 457/803/154 458/805/154
f 427/804/154 458/805/154 459/806/154
f 427/804/154 459/806/154 428/807/154
f 428/807/154 459/806/154 460/808/154
f 428/807/154 460/808/154 461/809/154
f 428/807/154 461/809/154 429/810/154
f 429/810/154 461/809/154 462/811/154
f 429/810/154 462/811/154 487/812/154
f 487/812/154 462/811/154 463/813/154
f 487/812/154 463/813/154 464/814/154
f 464/814/154 465/815/154 487/812/154
f 487/812/154 465/815/154 486/769/154
f 486/769/154 465/815/154 466/816/154
f 486/769/154 466/816/154 467/817/154
f 467/817/154 468/818/154 486/769/154
f 486/769/154 468/818/154 439/767/154
f 41/819/154 40/820/154 430/821/154
f 430/821/154 40/820/154 435/822/154
f 430/821/154 435/822/154 431/823/154
f 431/823/154 435/822/154 434/824/154
f 431/823/154 434/824/154 433/825/154
f 469/797/154 424/826/154 433/825/154
f 433/825/154 424/826/154 432/827/154
f 433/825/154 432/827/154 431/823/154
f 487/812/154 488/828/154 429/810/154
f 429/810/154 488/828/154 489/829/154
f 429/810/154 489/829/154 490/830/154
f 425/802/154 424/826/154 469/797/154
f 424/831/745 141/832/745 432/833/745
f 432/833/763 141/832/763 140/834/763
f 494/835/764 490/836/764 493/837/765
f 493/837/765 490/836/764 489/838/765
f 493/837/766 489/838/766 492/839/767
f 492/839/767 489/838/766 488/840/767
f 492/839/768 488/840/768 491/841/769
f 491/841/769 488/840/768 487/842/769
f 494/843/770 495/844/770 490/845/770
f 490/845/770 495/844/770 496/846/770
f 496/847/764 495/848/764 500/849/771
f 500/849/771 495/848/772 497/850/773
f 500/849/774 497/850/775 499/851/776
f 499/851/776 497/850/777 498/852/778
f 499/851/776 498/852/779 98/853/780
f 98/853/781 498/852/779 70/854/195
f 98/853/782 70/854/195 69/855/195
f 147/856/783 500/857/748 148/858/784
f 148/858/784 500/857/748 499/859/784
f 148/858/784 499/859/784 98/860/108
f 98/860/108 97/861/108 148/858/784
f 212/862/785 604/863/785 213/864/785
f 213/864/785 604/863/785 605/865/785
f 213/864/785 605/865/785 588/866/785
f 588/866/785 605/865/785 587/867/785
f 587/867/785 605/865/785 606/868/785
f 587/867/785 606/868/785 580/869/785
f 580/869/785 606/868/785 607/870/785
f 580/869/785 607/870/785 579/871/785
f 579/871/785 607/870/785 608/872/785
f 579/871/785 608/872/785 578/873/785
f 578/873/785 608/872/785 577/874/785
f 577/874/785 608/872/785 609/875/785
f 577/874/785 609/875/785 576/876/785
f 576/876/785 609/875/785 610/877/785
f 576/876/785 610/877/785 569/878/785
f 569/878/785 610/877/785 599/879/785
f 569/878/785 599/879/785 568/880/785
f 568/880/785 599/879/785 186/881/785
f 568/880/785 186/881/785 567/882/785
f 567/882/785 186/881/785 197/883/785
f 567/882/785 197/883/785 196/884/785
f 211/885/785 602/886/785 212/862/785
f 212/862/785 602/886/785 603/887/785
f 212/862/785 603/887/785 604/863/785
f 186/881/785 600/888/785 211/885/785
f 211/885/785 600/888/785 601/889/785
f 211/885/785 601/889/785 602/886/785
f 567/882/785 196/884/785 566/890/785
f 566/890/785 196/884/785 195/891/785
f 566/890/785 195/891/785 565/892/785
f 565/892/785 195/891/785 564/893/785
f 564/893/785 195/891/785 194/894/785
f 564/893/785 194/894/785 563/895/785
f 563/895/785 194/894/785 38/896/785
f 563/895/785 38/896/785 504/897/785
f 504/897/785 38/896/785 503/898/785
f 503/898/785 38/896/785 502/899/785
f 502/899/785 38/896/785 501/900/785
f 38/896/785 194/894/785 39/901/785
f 39/901/785 194/894/785 233/902/785
f 39/901/785 233/902/785 438/903/785
f 438/903/785 233/902/785 240/904/785
f 438/903/785 240/904/785 538/905/785
f 538/905/785 240/904/785 239/906/785
f 538/905/785 239/906/785 230/907/785
f 230/907/785 219/908/785 538/905/785
f 538/905/785 219/908/785 639/909/785
f 538/905/785 639/909/785 640/910/785
f 219/908/785 228/911/785 639/909/785
f 639/909/785 228/911/785 227/912/785
f 639/909/785 227/912/785 638/913/785
f 638/913/785 227/912/785 226/914/785
f 638/913/785 226/914/785 637/915/785
f 637/915/785 226/914/785 243/916/785
f 637/915/785 243/916/785 491/917/785
f 491/917/785 243/916/785 252/918/785
f 491/917/785 252/918/785 492/919/785
f 492/919/785 252/918/785 251/920/785
f 492/919/785 251/920/785 250/921/785
f 254/922/785 494/923/785 250/921/785
f 250/921/785 494/923/785 493/924/785
f 250/921/785 493/924/785 492/919/785
f 262/925/785 592/926/785 254/922/785
f 254/922/785 592/926/785 593/927/785
f 254/922/785 593/927/785 71/928/785
f 71/928/785 593/927/785 517/929/785
f 71/928/785 517/929/785 518/930/785
f 261/931/785 590/932/785 262/925/785
f 262/925/785 590/932/785 591/933/785
f 262/925/785 591/933/785 592/926/785
f 590/932/785 261/931/785 589/934/785
f 589/934/785 261/931/785 260/935/785
f 589/934/785 260/935/785 213/864/785
f 438/903/785 437/936/785 39/901/785
f 39/901/785 437/936/785 436/937/785
f 504/897/785 505/938/785 563/895/785
f 563/895/785 505/938/785 506/939/785
f 563/895/785 506/939/785 551/940/785
f 551/940/785 506/939/785 507/941/785
f 551/940/785 507/941/785 562/942/785
f 562/942/785 507/941/785 508/943/785
f 562/942/785 508/943/785 561/944/785
f 561/944/785 508/943/785 560/945/785
f 560/945/785 508/943/785 559/946/785
f 559/946/785 508/943/785 509/947/785
f 559/946/785 509/947/785 558/948/785
f 558/948/785 509/947/785 575/949/785
f 558/948/785 575/949/785 557/950/785
f 557/950/785 575/949/785 576/876/785
f 557/950/785 576/876/785 569/878/785
f 509/947/785 510/951/785 575/949/785
f 575/949/785 510/951/785 586/952/785
f 586/952/785 510/951/785 585/953/785
f 585/953/785 510/951/785 584/954/785
f 584/954/785 510/951/785 511/955/785
f 584/954/785 511/955/785 583/956/785
f 583/956/785 511/955/785 582/957/785
f 582/957/785 511/955/785 581/958/785
f 581/958/785 511/955/785 512/959/785
f 581/958/785 512/959/785 550/960/785
f 550/960/785 512/959/785 549/961/785
f 549/961/785 512/959/785 513/962/785
f 549/961/785 513/962/785 548/963/785
f 548/963/785 513/962/785 547/964/785
f 547/964/785 513/962/785 546/965/785
f 546/965/785 513/962/785 514/966/785
f 546/965/785 514/966/785 545/967/785
f 545/967/785 514/966/785 515/968/785
f 545/967/785 515/968/785 593/927/785
f 593/927/785 515/968/785 516/969/785
f 593/927/785 516/969/785 517/929/785
f 518/930/785 519/970/785 71/928/785
f 71/928/785 519/970/785 520/971/785
f 71/928/785 70/972/785 254/922/785
f 254/922/785 70/972/785 495/973/785
f 254/922/785 495/973/785 494/923/785
f 498/974/785 497/975/785 70/972/785
f 70/972/785 497/975/785 495/973/785
f 521/976/785 629/977/785 491/917/785
f 491/917/785 629/977/785 630/978/785
f 491/917/785 630/978/785 631/979/785
f 522/980/785 523/981/785 521/976/785
f 521/976/785 523/981/785 524/982/785
f 521/976/785 524/982/785 626/983/785
f 626/983/785 524/982/785 525/984/785
f 626/983/785 525/984/785 625/985/785
f 625/985/785 525/984/785 526/986/785
f 625/985/785 526/986/785 624/987/785
f 624/987/785 526/986/785 527/988/785
f 624/987/785 527/988/785 623/989/785
f 623/989/785 527/988/785 622/990/785
f 622/990/785 527/988/785 528/991/785
f 622/990/785 528/991/785 621/992/785
f 621/992/785 528/991/785 529/993/785
f 621/992/785 529/993/785 620/994/785
f 620/994/785 529/993/785 530/995/785
f 620/994/785 530/995/785 619/996/785
f 619/996/785 530/995/785 531/997/785
f 619/996/785 531/997/785 618/998/785
f 618/998/785 531/997/785 532/999/785
f 618/998/785 532/999/785 617/1000/785
f 617/1000/785 532/999/785 533/1001/785
f 617/1000/785 533/1001/785 616/1002/785
f 616/1002/785 533/1001/785 615/1003/785
f 615/1003/785 533/1001/785 534/1004/785
f 615/1003/785 534/1004/785 614/1005/785
f 614/1005/785 534/1004/785 535/1006/785
f 614/1005/785 535/1006/785 613/1007/785
f 613/1007/785 535/1006/785 536/1008/785
f 613/1007/785 536/1008/785 612/1009/785
f 612/1009/785 536/1008/785 537/1010/785
f 612/1009/785 537/1010/785 611/1011/785
f 611/1011/785 537/1010/785 538/905/785
f 611/1011/785 538/905/785 640/910/785
f 540/1012/785 587/867/785 539/1013/785
f 539/1013/785 587/867/785 580/869/785
f 539/1013/785 580/869/785 581/958/785
f 587/867/785 540/1012/785 598/1014/785
f 598/1014/785 540/1012/785 541/1015/785
f 598/1014/785 541/1015/785 597/1016/785
f 597/1016/785 541/1015/785 542/1017/785
f 597/1016/785 542/1017/785 596/1018/785
f 596/1018/785 542/1017/785 543/1019/785
f 596/1018/785 543/1019/785 595/1020/785
f 595/1020/785 543/1019/785 544/1021/785
f 595/1020/785 544/1021/785 594/1022/785
f 594/1022/785 544/1021/785 545/967/785
f 594/1022/785 545/967/785 593/927/785
f 550/960/785 539/1013/785 581/958/785
f 551/940/785 552/1023/785 563/895/785
f 563/895/785 552/1023/785 574/1024/785
f 574/1024/785 552/1023/785 553/1025/785
f 574/1024/785 553/1025/785 573/1026/785
f 573/1026/785 553/1025/785 554/1027/785
f 573/1026/785 554/1027/785 572/1028/785
f 572/1028/785 554/1027/785 555/1029/785
f 572/1028/785 555/1029/785 571/1030/785
f 571/1030/785 555/1029/785 556/1031/785
f 571/1030/785 556/1031/785 570/1032/785
f 570/1032/785 556/1031/785 557/950/785
f 570/1032/785 557/950/785 569/878/785
f 588/866/785 589/934/785 213/864/785
f 599/879/785 600/888/785 186/881/785
f 626/983/785 627/1033/785 521/976/785
f 521/976/785 627/1033/785 628/1034/785
f 521/976/785 628/1034/785 629/977/785
f 631/979/785 632/1035/785 491/917/785
f 491/917/785 632/1035/785 633/1036/785
f 491/917/785 633/1036/785 634/1037/785
f 634/1037/785 635/1038/785 491/917/785
f 491/917/785 635/1038/785 636/1039/785
f 491/917/785 636/1039/785 637/915/785
f 429/1040/786 490/1041/786 146/1042/786
f 146/1042/748 490/1041/748 147/1043/748
f 147/1043/748 490/1041/748 496/1044/748
f 147/1043/787 496/1044/788 500/1045/787
f 72/1046/108 641/1047/789 177/1048/108
f 177/1048/108 641/1047/789 341/1049/790
f 341/1049/791 641/1047/792 642/1050/793
f 341/1049/791 642/1050/794 342/1051/795
f 342/1051/795 642/1050/794 643/1052/796
f 342/1051/795 643/1052/797 343/1053/798
f 343/1053/798 643/1052/797 644/1054/799
f 343/1053/798 644/1054/799 344/1055/800
f 344/1055/801 644/1054/799 645/1056/802
f 344/1055/801 645/1056/803 345/1057/804
f 345/1057/804 645/1056/803 646/1058/805
f 345/1057/804 646/1058/805 346/1059/806
f 346/1059/806 646/1058/807 647/1060/806
f 346/1059/806 647/1060/806 648/1061/808
f 346/1059/806 648/1061/808 347/1062/809
f 347/1062/809 648/1061/808 649/1063/810
f 347/1062/811 649/1063/810 348/1064/812
f 348/1064/812 649/1063/810 650/1065/813
f 348/1064/812 650/1065/813 349/1066/814
f 349/1066/814 650/1065/813 651/1067/815
f 349/1066/814 651/1067/815 350/1068/816
f 350/1068/816 651/1067/815 652/1069/817
f 350/1068/816 652/1069/817 351/1070/818
f 351/1070/819 652/1069/817 653/1071/820
f 351/1070/819 653/1071/820 352/1072/821
f 352/1072/821 653/1071/820 654/1073/821
f 352/1072/821 654/1073/821 655/1074/822
f 352/1072/821 655/1074/823 353/1075/824
f 353/1075/824 655/1074/823 656/1076/825
f 353/1075/824 656/1076/825 354/1077/826
f 354/1077/826 656/1076/827 657/1078/828
f 354/1077/829 657/1078/828 355/1079/830
f 355/1079/830 657/1078/828 658/1080/831
f 355/1079/830 658/1080/831 356/1081/832
f 356/1081/832 658/1080/831 659/1082/833
f 356/1081/832 659/1082/833 357/1083/834
f 357/1083/834 659/1082/835 660/1084/836
f 357/1083/837 660/1084/838 358/1085/177
f 358/1085/177 660/1084/838 37/1086/177
f 38/1087/48 37/1088/48 501/1089/839
f 501/1089/839 37/1088/48 660/1090/839
f 501/1089/840 660/1090/840 502/1091/841
f 502/1091/841 660/1090/840 659/1092/841
f 502/1091/842 659/1092/842 503/1093/843
f 503/1093/843 659/1092/842 658/1094/843
f 503/1093/843 658/1094/843 504/1095/844
f 504/1095/845 658/1094/843 657/1096/845
f 504/1095/844 657/1096/844 505/1097/846
f 505/1097/847 657/1096/844 656/1098/847
f 505/1097/848 656/1098/848 506/1099/849
f 506/1099/849 656/1098/848 655/1100/849
f 506/1099/849 655/1100/849 507/1101/850
f 507/1101/850 655/1100/851 654/1102/850
f 507/1101/850 654/1102/850 508/1103/852
f 508/1103/852 654/1102/850 653/1104/852
f 508/1103/852 653/1104/852 509/1105/853
f 509/1105/853 653/1104/852 652/1106/853
f 509/1105/853 652/1106/853 510/1107/854
f 510/1107/854 652/1106/853 651/1108/854
f 510/1107/855 651/1108/855 511/1109/856
f 511/1109/856 651/1108/855 650/1110/856
f 511/1109/857 650/1110/857 512/1111/858
f 512/1111/858 650/1110/857 649/1112/858
f 512/1111/858 649/1112/858 513/1113/859
f 513/1113/859 649/1112/858 648/1114/859
f 513/1113/859 648/1114/859 514/1115/860
f 514/1115/860 648/1114/859 647/1116/860
f 514/1115/860 647/1116/860 515/1117/861
f 515/1117/862 647/1116/860 646/1118/862
f 515/1117/861 646/1118/861 516/1119/863
f 516/1119/863 646/1118/861 645/1120/863
f 516/1119/864 645/1120/864 517/1121/865
f 517/1121/865 645/1120/864 644/1122/865
f 517/1121/865 644/1122/865 518/1123/866
f 518/1123/866 644/1122/865 643/1124/866
f 518/1123/866 643/1124/866 519/1125/867
f 519/1125/867 643/1124/866 642/1126/867
f 519/1125/868 642/1126/868 520/1127/869
f 520/1127/869 642/1126/868 641/1128/869
f 520/1127/870 641/1128/870 71/1129/72
f 71/1129/72 641/1128/870 72/1130/72
f 662/1131/333 708/1132/333 661/1133/335
f 661/1133/335 708/1132/333 685/1134/335
f 661/1135/355 685/1136/355 684/1137/871
f 684/1137/871 685/1136/355 686/1138/871
f 684/1137/872 686/1138/872 683/1139/873
f 683/1139/873 686/1138/872 687/1140/873
f 683/1139/874 687/1140/874 682/1141/875
f 682/1141/875 687/1140/876 688/1142/875
f 682/1141/877 688/1142/877 681/1143/878
f 681/1143/879 688/1142/877 689/1144/879
f 681/1143/880 689/1144/880 680/1145/881
f 680/1145/881 689/1144/880 690/1146/881
f 680/1145/882 690/1146/882 679/1147/883
f 679/1147/883 690/1146/884 691/1148/883
f 679/1147/885 691/1148/885 678/1149/886
f 678/1149/887 691/1148/885 692/1150/887
f 678/1149/888 692/1150/888 677/1151/889
f 677/1151/890 692/1150/888 693/1152/890
f 677/1151/891 693/1152/891 676/1153/892
f 676/1153/892 693/1152/893 694/1154/892
f 676/1153/772 694/1154/772 675/1155/775
f 675/1155/775 694/1154/772 695/1156/775
f 675/1155/777 695/1156/777 674/1157/778
f 674/1157/778 695/1156/777 696/1158/778
f 674/1157/894 696/1158/894 673/1159/195
f 673/1159/195 696/1158/894 697/38/195
f 673/1159/303 697/38/303 672/1160/304
f 672/1160/304 697/38/303 698/1161/304
f 672/1160/305 698/1161/305 671/1162/302
f 671/1162/302 698/1161/305 699/1163/302
f 671/1162/895 699/1163/895 670/1164/896
f 670/1164/896 699/1163/895 700/1165/896
f 670/1164/897 700/1165/897 669/1166/860
f 669/1166/308 700/1165/897 701/1167/308
f 669/1166/310 701/1167/310 668/1168/311
f 668/1168/311 701/1167/310 702/1169/311
f 668/1168/898 702/1169/898 667/1170/314
f 667/1170/314 702/1169/898 703/1171/314
f 667/1170/272 703/1171/272 666/1172/899
f 666/1172/273 703/1171/272 704/1173/273
f 666/1172/276 704/1173/276 665/1174/900
f 665/1174/900 704/1173/276 705/1175/900
f 665/1174/278 705/1175/278 664/1176/281
f 664/1176/281 705/1175/850 706/1177/281
f 664/1176/329 706/1177/329 663/1178/328
f 663/1178/327 706/1177/329 707/1179/327
f 663/1178/331 707/1179/331 662/1131/901
f 662/1131/901 707/1179/331 708/1132/901
f 710/1180/902 612/1181/902 709/1182/303
f 709/1182/303 612/1181/902 611/1183/303
f 709/1184/195 611/1185/195 738/1186/903
f 738/1186/903 611/1185/195 640/1187/903
f 738/1186/904 640/1187/904 737/1188/905
f 737/1188/905 640/1187/904 639/1189/905
f 737/1188/906 639/1189/906 736/1190/907
f 736/1190/907 639/1189/906 638/1191/907
f 736/1190/908 638/1191/908 735/1192/909
f 735/1192/909 638/1191/908 637/1193/909
f 735/1192/910 637/1193/910 734/1194/891
f 734/1194/891 637/1193/910 636/1195/891
f 734/1194/889 636/1195/889 733/1196/911
f 733/1196/911 636/1195/889 635/1197/911
f 733/1196/912 635/1197/912 732/1198/913
f 732/1198/913 635/1197/912 634/1199/913
f 732/1198/914 634/1199/914 731/1200/915
f 731/1200/915 634/1199/914 633/1201/915
f 731/1200/916 633/1201/916 730/1202/917
f 730/1202/917 633/1201/916 632/1203/917
f 730/1202/918 632/1203/918 729/1204/880
f 729/1204/880 632/1203/918 631/1205/880
f 729/1204/879 631/1205/879 728/1206/919
f 728/1206/919 631/1205/879 630/1207/919
f 728/1206/920 630/1207/920 727/1208/921
f 727/1208/921 630/1207/920 629/1209/921
f 727/1208/922 629/1209/922 726/1210/923
f 726/1210/923 629/1209/922 628/1211/923
f 726/1210/924 628/1211/924 725/1212/925
f 725/1212/925 628/1211/924 627/1213/925
f 725/1212/926 627/1213/926 724/1159/355
f 724/1159/355 627/1213/926 626/38/355
f 724/1159/335 626/38/335 723/1214/927
f 723/1214/927 626/38/335 625/1215/927
f 723/1214/928 625/1215/928 722/1216/929
f 722/1216/929 625/1215/928 624/1217/929
f 722/1216/930 624/1217/930 721/1218/931
f 721/1218/931 624/1217/930 623/1219/931
f 721/1218/932 623/1219/932 720/1220/933
f 720/1220/933 623/1219/932 622/1221/933
f 720/1220/934 622/1221/934 719/1222/278
f 719/1222/278 622/1221/934 621/1223/278
f 719/1222/900 621/1223/900 718/1224/935
f 718/1224/935 621/1223/900 620/1225/935
f 718/1224/936 620/1225/936 717/1226/937
f 717/1226/937 620/1225/938 619/1227/937
f 717/1226/939 619/1227/939 716/1228/940
f 716/1228/940 619/1227/939 618/1229/940
f 716/1228/941 618/1229/941 715/1230/942
f 715/1230/943 618/1229/941 617/1231/943
f 715/1230/944 617/1231/944 714/1232/310
f 714/1232/310 617/1231/944 616/1233/310
f 714/1232/308 616/1233/308 713/1234/945
f 713/1234/945 616/1233/308 615/1235/945
f 713/1234/946 615/1235/946 712/1236/947
f 712/1236/947 615/1235/946 614/1237/947
f 712/1236/948 614/1237/948 711/1238/949
f 711/1238/949 614/1237/948 613/1239/949
f 711/1238/950 613/1239/950 710/1180/951
f 710/1180/951 613/1239/950 612/1181/951
f 684/1240/785 725/1241/785 661/1242/785
f 661/1242/785 725/1241/785 724/1243/785
f 661/1242/785 724/1243/785 723/1244/785
f 725/1241/785 684/1240/785 726/1245/785
f 726/1245/785 684/1240/785 683/1246/785
f 726/1245/785 683/1246/785 727/1247/785
f 727/1247/785 683/1246/785 682/1248/785
f 727/1247/785 682/1248/785 728/1249/785
f 728/1249/785 682/1248/785 681/1250/785
f 728/1249/785 681/1250/785 729/1251/785
f 729/1251/785 681/1250/785 730/1252/785
f 730/1252/785 681/1250/785 680/1253/785
f 730/1252/785 680/1253/785 731/1254/785
f 731/1254/785 680/1253/785 679/1255/785
f 731/1254/785 679/1255/785 732/1256/785
f 732/1256/785 679/1255/785 678/1257/785
f 732/1256/785 678/1257/785 733/1258/785
f 733/1258/785 678/1257/785 677/1259/785
f 733/1258/785 677/1259/785 734/1260/785
f 734/1260/785 677/1259/785 735/1261/785
f 735/1261/785 677/1259/785 676/1262/785
f 735/1261/785 676/1262/785 736/1263/785
f 736/1263/785 676/1262/785 675/1264/785
f 736/1263/785 675/1264/785 737/1265/785
f 737/1265/785 675/1264/785 674/1266/785
f 737/1265/785 674/1266/785 738/1267/785
f 738/1267/785 674/1266/785 673/1268/785
f 738/1267/785 673/1268/785 709/1269/785
f 709/1269/785 673/1268/785 710/1270/785
f 710/1270/785 673/1268/785 672/1271/785
f 710/1270/785 672/1271/785 711/1272/785
f 711/1272/785 672/1271/785 671/1273/785
f 711/1272/785 671/1273/785 712/1274/785
f 712/1274/785 671/1273/785 670/1275/785
f 712/1274/785 670/1275/785 713/1276/785
f 713/1276/785 670/1275/785 669/1277/785
f 713/1276/785 669/1277/785 714/1278/785
f 714/1278/785 669/1277/785 715/1279/785
f 715/1279/785 669/1277/785 668/1280/785
f 715/1279/785 668/1280/785 716/1281/785
f 716/1281/785 668/1280/785 667/1282/785
f 716/1281/785 667/1282/785 717/1283/785
f 717/1283/785 667/1282/785 666/1284/785
f 717/1283/785 666/1284/785 718/1285/785
f 718/1285/785 666/1284/785 665/1286/785
f 718/1285/785 665/1286/785 719/1287/785
f 719/1287/785 665/1286/785 720/1288/785
f 720/1288/785 665/1286/785 664/1289/785
f 720/1288/785 664/1289/785 721/1290/785
f 721/1290/785 664/1289/785 663/1291/785
f 721/1290/785 663/1291/785 722/1292/785
f 722/1292/785 663/1291/785 662/1293/785
f 722/1292/785 662/1293/785 723/1244/785
f 723/1244/785 662/1293/785 661/1242/785
f 740/1180/927 440/1181/927 739/1182/335
f 739/1182/335 440/1181/927 439/1183/335
f 739/1184/355 439/1185/355 768/1186/926
f 768/1186/926 439/1185/355 468/1187/926
f 768/1186/925 468/1187/925 767/1188/924
f 767/1188/924 468/1187/925 467/1189/924
f 767/1188/923 467/1189/923 766/1190/922
f 766/1190/922 467/1189/923 466/1191/922
f 766/1190/921 466/1191/921 765/1192/920
f 765/1192/920 466/1191/921 465/1193/920
f 765/1192/919 465/1193/919 764/1194/879
f 764/1194/879 465/1193/919 464/1195/879
f 764/1194/880 464/1195/880 763/1196/918
f 763/1196/918 464/1195/880 463/1197/918
f 763/1196/917 463/1197/917 762/1198/916
f 762/1198/916 463/1197/917 462/1199/916
f 762/1198/915 462/1199/915 761/1200/952
f 761/1200/914 462/1199/915 461/1201/914
f 761/1200/913 461/1201/913 760/1202/912
f 760/1202/912 461/1201/913 460/1203/912
f 760/1202/911 460/1203/911 759/1204/889
f 759/1204/889 460/1203/911 459/1205/889
f 759/1204/891 459/1205/891 758/1206/910
f 758/1206/910 459/1205/891 458/1207/910
f 758/1206/909 458/1207/909 757/1208/908
f 757/1208/908 458/1207/909 457/1209/908
f 757/1208/907 457/1209/907 756/1210/906
f 756/1210/906 457/1209/907 456/1211/906
f 756/1210/905 456/1211/905 755/1212/904
f 755/1212/904 456/1211/905 455/1213/904
f 755/1212/903 455/1213/903 754/1159/195
f 754/1159/195 455/1213/903 454/38/195
f 754/1159/303 454/38/303 753/1214/902
f 753/1214/902 454/38/303 453/1215/902
f 753/1214/951 453/1215/951 752/1216/950
f 752/1216/950 453/1215/951 452/1217/950
f 752/1216/949 452/1217/949 751/1218/948
f 751/1218/948 452/1217/949 451/1219/948
f 751/1218/947 451/1219/947 750/1220/946
f 750/1220/946 451/1219/947 450/1221/946
f 750/1220/945 450/1221/945 749/1222/308
f 749/1222/308 450/1221/945 449/1223/308
f 749/1222/310 449/1223/310 748/1224/944
f 748/1224/944 449/1223/310 448/1225/944
f 748/1224/942 448/1225/942 747/1226/941
f 747/1226/941 448/1225/943 447/1227/941
f 747/1226/940 447/1227/940 746/1228/939
f 746/1228/939 447/1227/940 446/1229/939
f 746/1228/937 446/1229/937 745/1230/938
f 745/1230/936 446/1229/937 445/1231/936
f 745/1230/935 445/1231/935 744/1232/900
f 744/1232/900 445/1231/935 444/1233/900
f 744/1232/278 444/1233/278 743/1234/934
f 743/1234/934 444/1233/278 443/1235/934
f 743/1234/933 443/1235/933 742/1236/932
f 742/1236/932 443/1235/933 442/1237/932
f 742/1236/931 442/1237/931 741/1238/930
f 741/1238/930 442/1237/931 441/1239/930
f 741/1238/929 441/1239/929 740/1180/928
f 740/1180/928 441/1239/929 440/1181/928
f 708/1271/154 740/1270/154 685/1268/154
f 685/1268/154 740/1270/154 739/1269/154
f 685/1268/154 739/1269/154 768/1267/154
f 740/1270/154 708/1271/154 741/1272/154
f 741/1272/154 708/1271/154 707/1273/154
f 741/1272/154 707/1273/154 742/1274/154
f 742/1274/154 707/1273/154 706/1275/154
f 742/1274/154 706/1275/154 743/1276/154
f 743/1276/154 706/1275/154 705/1277/154
f 743/1276/154 705/1277/154 744/1278/154
f 744/1278/154 705/1277/154 745/1279/154
f 745/1279/154 705/1277/154 704/1280/154
f 745/1279/154 704/1280/154 746/1281/154
f 746/1281/154 704/1280/154 703/1282/154
f 746/1281/154 703/1282/154 747/1283/154
f 747/1283/154 703/1282/154 702/1284/154
f 747/1283/154 702/1284/154 748/1285/154
f 748/1285/154 702/1284/154 701/1286/154
f 748/1285/154 701/1286/154 749/1287/154
f 749/1287/154 701/1286/154 750/1288/154
f 750/1288/154 701/1286/154 700/1289/154
f 750/1288/154 700/1289/154 751/1290/154
f 751/1290/154 700/1289/154 699/1291/154
f 751/1290/154 699/1291/154 752/1292/154
f 752/1292/154 699/1291/154 698/1293/154
f 752/1292/154 698/1293/154 753/1244/154
f 753/1244/154 698/1293/154 697/1242/154
f 753/1244/154 697/1242/154 754/1243/154
f 754/1243/154 697/1242/154 755/1241/154
f 755/1241/154 697/1242/154 696/1240/154
f 755/1241/154 696/1240/154 756/1245/154
f 756/1245/154 696/1240/154 695/1246/154
f 756/1245/154 695/1246/154 757/1247/154
f 757/1247/154 695/1246/154 694/1248/154
f 757/1247/154 694/1248/154 758/1249/154
f 758/1249/154 694/1248/154 693/1250/154
f 758/1249/154 693/1250/154 759/1251/154
f 759/1251/154 693/1250/154 760/1252/154
f 760/1252/154 693/1250/154 692/1253/154
f 760/1252/154 692/1253/154 761/1254/154
f 761/1254/154 692/1253/154 691/1255/154
f 761/1254/154 691/1255/154 762/1256/154
f 762/1256/154 691/1255/154 690/1257/154
f 762/1256/154 690/1257/154 763/1258/154
f 763/1258/154 690/1257/154 689/1259/154
f 763/1258/154 689/1259/154 764/1260/154
f 764/1260/154 689/1259/154 765/1261/154
f 765/1261/154 689/1259/154 688/1262/154
f 765/1261/154 688/1262/154 766/1263/154
f 766/1263/154 688/1262/154 687/1264/154
f 766/1263/154 687/1264/154 767/1265/154
f 767/1265/154 687/1264/154 686/1266/154
f 767/1265/154 686/1266/154 768/1267/154
f 768/1267/154 686/1266/154 685/1268/154
f 316/1294/953 486/38/953 305/1295/953
f 305/1295/953 486/38/953 521/42/953
f 305/1295/953 521/42/953 306/1296/953
f 306/1296/954 521/42/954 307/1297/954
f 307/1297/955 521/42/953 308/1298/955
f 308/1298/955 521/42/955 491/1299/955
f 308/1298/953 491/1299/953 309/1300/953
f 309/1300/956 491/1299/956 310/1301/956
f 310/1301/953 491/1299/953 311/1302/953
f 311/1302/953 491/1299/953 487/1303/953
f 311/1302/953 487/1303/953 312/1304/953
f 312/1304/957 487/1303/953 313/1305/957
f 313/1305/953 487/1303/953 314/1306/953
f 314/1306/958 487/1303/958 486/38/958
f 314/1306/953 486/38/953 315/1307/953
f 315/1307/959 486/38/959 316/1294/959
f 521/1308/953 486/1309/953 522/1310/960
f 522/1310/961 486/1309/953 485/1311/960
f 522/1310/960 485/1311/960 523/1312/962
f 523/1312/962 485/1311/960 484/1313/962
f 523/1312/963 484/1313/963 524/1314/964
f 524/1314/964 484/1313/963 483/1315/964
f 524/1314/964 483/1315/964 525/1316/965
f 525/1316/965 483/1315/964 482/1317/965
f 525/1316/966 482/1317/966 526/1318/967
f 526/1318/967 482/1317/966 481/1319/967
f 526/1318/968 481/1319/968 527/1320/969
f 527/1320/969 481/1319/968 480/1321/969
f 527/1320/970 480/1321/971 528/1322/972
f 528/1322/972 480/1321/970 479/1323/972
f 528/1322/973 479/1323/973 529/1324/974
f 529/1324/974 479/1323/973 478/1325/974
f 529/1324/975 478/1325/975 530/1326/976
f 530/1326/977 478/1325/978 477/1327/977
f 530/1326/979 477/1327/979 531/1328/980
f 531/1328/980 477/1327/977 476/1329/980
f 531/1328/981 476/1329/981 532/1330/982
f 532/1330/982 476/1329/981 475/1331/982
f 532/1330/983 475/1331/983 533/1332/984
f 533/1332/984 475/1331/983 474/1333/984
f 533/1332/984 474/1333/984 534/1334/985
f 534/1334/985 474/1333/986 473/1335/985
f 534/1334/985 473/1335/987 535/1336/988
f 535/1336/988 473/1335/985 472/1337/988
f 535/1336/988 472/1337/988 536/1338/989
f 536/1338/989 472/1337/988 471/1339/989
f 536/1338/989 471/1339/989 537/1340/990
f 537/1340/990 471/1339/989 470/1341/990
f 537/1340/991 470/1341/991 538/1342/758
f 538/1342/758 470/1341/992 469/1343/758
f 304/1344/993 538/1345/993 293/1346/993
f 293/1346/758 538/1345/758 469/1347/758
f 293/1346/994 469/1347/995 294/1348/995
f 294/1348/994 469/1347/994 295/1349/994
f 295/1349/994 469/1347/994 296/1350/996
f 296/1350/758 469/1347/758 433/1351/758
f 296/1350/758 433/1351/758 297/1352/758
f 297/1352/997 433/1351/997 298/1353/997
f 298/1353/998 433/1351/998 299/1354/998
f 299/1354/758 433/1351/758 438/1355/758
f 299/1354/999 438/1355/999 300/1356/995
f 300/1356/994 438/1355/994 301/1357/994
f 301/1357/758 438/1355/997 302/1358/758
f 302/1358/758 438/1355/758 538/1345/758
f 302/1358/994 538/1345/994 303/1359/994
f 303/1359/997 538/1345/997 304/1344/997
f 562/1360/777 782/1361/777 551/1362/195
f 551/1362/195 782/1361/777 781/1363/195
f 551/1364/303 781/1365/303 552/1366/302
f 552/1366/302 781/1365/303 792/1367/302
f 552/1366/306 792/1367/306 553/1368/308
f 553/1368/308 792/1367/306 791/1369/308
f 553/1368/310 791/1369/310 554/1370/314
f 554/1370/314 791/1369/310 790/1371/314
f 554/1370/272 790/1371/272 555/1372/900
f 555/1372/900 790/1371/272 789/1373/900
f 555/1372/278 789/1373/278 556/1374/327
f 556/1374/327 789/1373/278 788/1375/327
f 556/1374/331 788/1375/331 557/1376/335
f 557/1376/335 788/1375/331 787/1377/335
f 557/1376/355 787/1377/355 558/1378/873
f 558/1378/873 787/1377/355 786/1379/873
f 558/1378/876 786/1379/876 559/1380/879
f 559/1380/879 786/1379/876 785/1381/879
f 559/1380/880 785/1381/880 560/1382/883
f 560/1382/883 785/1381/880 784/1383/883
f 560/1382/885 784/1383/885 561/1384/889
f 561/1384/889 784/1383/885 783/1385/889
f 561/1384/891 783/1385/891 562/1360/773
f 562/1360/773 783/1385/891 782/1361/773
f 770/1386/302 792/1367/302 769/1387/303
f 769/1387/303 792/1367/302 781/1365/303
f 769/1388/195 781/1363/195 780/1389/777
f 780/1389/777 781/1363/195 782/1361/777
f 780/1389/773 782/1361/773 779/1390/891
f 779/1390/891 782/1361/773 783/1385/891
f 779/1390/889 783/1385/889 778/1391/885
f 778/1391/885 783/1385/889 784/1383/885
f 778/1391/883 784/1383/883 777/1392/880
f 777/1392/880 784/1383/883 785/1381/880
f 777/1392/879 785/1381/879 776/1393/876
f 776/1393/876 785/1381/879 786/1379/876
f 776/1393/873 786/1379/873 775/1394/355
f 775/1394/355 786/1379/873 787/1377/355
f 775/1394/335 787/1377/335 774/1395/331
f 774/1395/331 787/1377/335 788/1375/331
f 774/1395/327 788/1375/327 773/1396/278
f 773/1396/278 788/1375/327 789/1373/278
f 773/1396/900 789/1373/900 772/1397/272
f 772/1397/272 789/1373/900 790/1371/272
f 772/1397/314 790/1371/314 771/1398/310
f 771/1398/310 790/1371/314 791/1369/310
f 771/1398/308 791/1369/308 770/1386/306
f 770/1386/306 791/1369/308 792/1367/306
f 610/1360/777 806/1361/777 599/1362/195
f 599/1362/195 806/1361/777 805/1363/195
f 599/1364/303 805/1365/303 600/1366/302
f 600/1366/302 805/1365/303 816/1367/302
f 600/1366/306 816/1367/306 601/1368/308
f 601/1368/308 816/1367/306 815/1369/308
f 601/1368/310 815/1369/310 602/1370/314
f 602/1370/314 815/1369/310 814/1371/314
f 602/1370/272 814/1371/272 603/1372/900
f 603/1372/900 814/1371/272 813/1373/900
f 603/1372/278 813/1373/278 604/1374/327
f 604/1374/327 813/1373/278 812/1375/327
f 604/1374/331 812/1375/331 605/1376/335
f 605/1376/335 812/1375/331 811/1377/335
f 605/1376/355 811/1377/355 606/1378/873
f 606/1378/873 811/1377/355 810/1379/873
f 606/1378/876 810/1379/876 607/1380/879
f 607/1380/879 810/1379/876 809/1381/879
f 607/1380/880 809/1381/880 608/1382/883
f 608/1382/883 809/1381/880 808/1383/883
f 608/1382/885 808/1383/885 609/1384/889
f 609/1384/889 808/1383/885 807/1385/889
f 609/1384/891 807/1385/891 610/1360/773
f 610/1360/773 807/1385/891 806/1361/773
f 794/1386/302 816/1367/302 793/1387/303
f 793/1387/303 816/1367/302 805/1365/303
f 793/1388/195 805/1363/195 804/1389/777
f 804/1389/777 805/1363/195 806/1361/777
f 804/1389/773 806/1361/773 803/1390/891
f 803/1390/891 806/1361/773 807/1385/891
f 803/1390/889 807/1385/889 802/1391/885
f 802/1391/885 807/1385/889 808/1383/885
f 802/1391/883 808/1383/883 801/1392/880
f 801/1392/880 808/1383/883 809/1381/880
f 801/1392/879 809/1381/879 800/1393/876
f 800/1393/876 809/1381/879 810/1379/876
f 800/1393/873 810/1379/873 799/1394/355
f 799/1394/355 810/1379/873 811/1377/355
f 799/1394/335 811/1377/335 798/1395/331
f 798/1395/331 811/1377/335 812/1375/331
f 798/1395/327 812/1375/327 797/1396/278
f 797/1396/278 812/1375/327 813/1373/278
f 797/1396/900 813/1373/900 796/1397/272
f 796/1397/272 813/1373/900 814/1371/272
f 796/1397/314 814/1371/314 795/1398/310
f 795/1398/310 814/1371/314 815/1369/310
f 795/1398/308 815/1369/308 794/1386/306
f 794/1386/306 815/1369/308 816/1367/306
f 574/1360/777 830/1361/777 563/1362/195
f 563/1362/195 830/1361/777 829/1363/195
f 563/1364/303 829/1365/303 564/1366/302
f 564/1366/302 829/1365/303 840/1367/302
f 564/1366/306 840/1367/306 565/1368/308
f 565/1368/308 840/1367/306 839/1369/308
f 565/1368/310 839/1369/310 566/1370/314
f 566/1370/314 839/1369/310 838/1371/314
f 566/1370/272 838/1371/272 567/1372/900
f 567/1372/900 838/1371/272 837/1373/900
f 567/1372/278 837/1373/278 568/1374/327
f 568/1374/327 837/1373/278 836/1375/327
f 568/1374/331 836/1375/331 569/1376/335
f 569/1376/335 836/1375/331 835/1377/335
f 569/1376/355 835/1377/355 570/1378/873
f 570/1378/873 835/1377/355 834/1379/873
f 570/1378/876 834/1379/876 571/1380/879
f 571/1380/879 834/1379/876 833/1381/879
f 571/1380/880 833/1381/880 572/1382/883
f 572/1382/883 833/1381/880 832/1383/883
f 572/1382/885 832/1383/885 573/1384/889
f 573/1384/889 832/1383/885 831/1385/889
f 573/1384/891 831/1385/891 574/1360/773
f 574/1360/773 831/1385/891 830/1361/773
f 818/1386/302 840/1367/302 817/1387/303
f 817/1387/303 840/1367/302 829/1365/303
f 817/1388/195 829/1363/195 828/1389/777
f 828/1389/777 829/1363/195 830/1361/777
f 828/1389/773 830/1361/773 827/1390/891
f 827/1390/891 830/1361/773 831/1385/891
f 827/1390/889 831/1385/889 826/1391/885
f 826/1391/885 831/1385/889 832/1383/885
f 826/1391/883 832/1383/883 825/1392/880
f 825/1392/880 832/1383/883 833/1381/880
f 825/1392/879 833/1381/879 824/1393/876
f 824/1393/876 833/1381/879 834/1379/876
f 824/1393/873 834/1379/873 823/1394/355
f 823/1394/355 834/1379/873 835/1377/355
f 823/1394/335 835/1377/335 822/1395/331
f 822/1395/331 835/1377/335 836/1375/331
f 822/1395/327 836/1375/327 821/1396/278
f 821/1396/278 836/1375/327 837/1373/278
f 821/1396/900 837/1373/900 820/1397/272
f 820/1397/272 837/1373/900 838/1371/272
f 820/1397/314 838/1371/314 819/1398/310
f 819/1398/310 838/1371/314 839/1369/310
f 819/1398/308 839/1369/308 818/1386/306
f 818/1386/306 839/1369/308 840/1367/306
f 598/1360/777 854/1361/777 587/1362/195
f 587/1362/195 854/1361/777 853/1363/195
f 587/1364/303 853/1365/303 588/1366/302
f 588/1366/302 853/1365/303 864/1367/302
f 588/1366/306 864/1367/306 589/1368/308
f 589/1368/308 864/1367/306 863/1369/308
f 589/1368/310 863/1369/310 590/1370/314
f 590/1370/314 863/1369/310 862/1371/314
f 590/1370/272 862/1371/272 591/1372/900
f 591/1372/900 862/1371/272 861/1373/900
f 591/1372/278 861/1373/278 592/1374/327
f 592/1374/327 861/1373/278 860/1375/327
f 592/1374/331 860/1375/331 593/1376/335
f 593/1376/335 860/1375/331 859/1377/335
f 593/1376/355 859/1377/355 594/1378/873
f 594/1378/873 859/1377/355 858/1379/873
f 594/1378/876 858/1379/876 595/1380/879
f 595/1380/879 858/1379/876 857/1381/879
f 595/1380/880 857/1381/880 596/1382/883
f 596/1382/883 857/1381/880 856/1383/883
f 596/1382/885 856/1383/885 597/1384/889
f 597/1384/889 856/1383/885 855/1385/889
f 597/1384/891 855/1385/891 598/1360/773
f 598/1360/773 855/1385/891 854/1361/773
f 842/1386/302 864/1367/302 841/1387/303
f 841/1387/303 864/1367/302 853/1365/303
f 841/1388/195 853/1363/195 852/1389/777
f 852/1389/777 853/1363/195 854/1361/777
f 852/1389/773 854/1361/773 851/1390/891
f 851/1390/891 854/1361/773 855/1385/891
f 851/1390/889 855/1385/889 850/1391/885
f 850/1391/885 855/1385/889 856/1383/885
f 850/1391/883 856/1383/883 849/1392/880
f 849/1392/880 856/1383/883 857/1381/880
f 849/1392/879 857/1381/879 848/1393/876
f 848/1393/876 857/1381/879 858/1379/876
f 848/1393/873 858/1379/873 847/1394/355
f 847/1394/355 858/1379/873 859/1377/355
f 847/1394/335 859/1377/335 846/1395/331
f 846/1395/331 859/1377/335 860/1375/331
f 846/1395/327 860/1375/327 845/1396/278
f 845/1396/278 860/1375/327 861/1373/278
f 845/1396/900 861/1373/900 844/1397/272
f 844/1397/272 861/1373/900 862/1371/272
f 844/1397/314 862/1371/314 843/1398/310
f 843/1398/310 862/1371/314 863/1369/310
f 843/1398/308 863/1369/308 842/1386/306
f 842/1386/306 863/1369/308 864/1367/306
f 550/1360/777 878/1361/777 539/1362/195
f 539/1362/195 878/1361/777 877/1363/195
f 539/1364/303 877/1365/303 540/1366/302
f 540/1366/302 877/1365/303 888/1367/302
f 540/1366/306 888/1367/306 541/1368/308
f 541/1368/308 888/1367/306 887/1369/308
f 541/1368/310 887/1369/310 542/1370/314
f 542/1370/314 887/1369/310 886/1371/314
f 542/1370/272 886/1371/272 543/1372/900
f 543/1372/900 886/1371/272 885/1373/900
f 543/1372/278 885/1373/278 544/1374/327
f 544/1374/327 885/1373/278 884/1375/327
f 544/1374/331 884/1375/331 545/1376/335
f 545/1376/335 884/1375/331 883/1377/335
f 545/1376/355 883/1377/355 546/1378/873
f 546/1378/873 883/1377/355 882/1379/873
f 546/1378/876 882/1379/876 547/1380/879
f 547/1380/879 882/1379/876 881/1381/879
f 547/1380/880 881/1381/880 548/1382/883
f 548/1382/883 881/1381/880 880/1383/883
f 548/1382/885 880/1383/885 549/1384/889
f 549/1384/889 880/1383/885 879/1385/889
f 549/1384/891 879/1385/891 550/1360/773
f 550/1360/773 879/1385/891 878/1361/773
f 866/1386/302 888/1367/302 865/1387/303
f 865/1387/303 888/1367/302 877/1365/303
f 865/1388/195 877/1363/195 876/1389/777
f 876/1389/777 877/1363/195 878/1361/777
f 876/1389/773 878/1361/773 875/1390/891
f 875/1390/891 878/1361/773 879/1385/891
f 875/1390/889 879/1385/889 874/1391/885
f 874/1391/885 879/1385/889 880/1383/885
f 874/1391/883 880/1383/883 873/1392/880
f 873/1392/880 880/1383/883 881/1381/880
f 873/1392/879 881/1381/879 872/1393/876
f 872/1393/876 881/1381/879 882/1379/876
f 872/1393/873 882/1379/873 871/1394/355
f 871/1394/355 882/1379/873 883/1377/355
f 871/1394/335 883/1377/335 870/1395/331
f 870/1395/331 883/1377/335 884/1375/331
f 870/1395/327 884/1375/327 869/1396/278
f 869/1396/278 884/1375/327 885/1373/278
f 869/1396/900 885/1373/900 868/1397/272
f 868/1397/272 885/1373/900 886/1371/272
f 868/1397/314 886/1371/314 867/1398/310
f 867/1398/310 886/1371/314 887/1369/310
f 867/1398/308 887/1369/308 866/1386/306
f 866/1386/306 887/1369/308 888/1367/306
f 586/1360/777 902/1361/777 575/1362/195
f 575/1362/195 902/1361/777 901/1363/195
f 575/1364/303 901/1365/303 576/1366/302
f 576/1366/302 901/1365/303 912/1367/302
f 576/1366/306 912/1367/306 577/1368/308
f 577/1368/308 912/1367/306 911/1369/308
f 577/1368/310 911/1369/310 578/1370/314
f 578/1370/314 911/1369/310 910/1371/314
f 578/1370/272 910/1371/272 579/1372/900
f 579/1372/900 910/1371/272 909/1373/900
f 579/1372/278 909/1373/278 580/1374/327
f 580/1374/327 909/1373/278 908/1375/327
f 580/1374/331 908/1375/331 581/1376/335
f 581/1376/335 908/1375/331 907/1377/335
f 581/1376/355 907/1377/355 582/1378/873
f 582/1378/873 907/1377/355 906/1379/873
f 582/1378/876 906/1379/876 583/1380/879
f 583/1380/879 906/1379/876 905/1381/879
f 583/1380/880 905/1381/880 584/1382/883
f 584/1382/883 905/1381/880 904/1383/883
f 584/1382/885 904/1383/885 585/1384/889
f 585/1384/889 904/1383/885 903/1385/889
f 585/1384/891 903/1385/891 586/1360/773
f 586/1360/773 903/1385/891 902/1361/773
f 890/1386/302 912/1367/302 889/1387/303
f 889/1387/303 912/1367/302 901/1365/303
f 889/1388/195 901/1363/195 900/1389/777
f 900/1389/777 901/1363/195 902/1361/777
f 900/1389/773 902/1361/773 899/1390/891
f 899/1390/891 902/1361/773 903/1385/891
f 899/1390/889 903/1385/889 898/1391/885
f 898/1391/885 903/1385/889 904/1383/885
f 898/1391/883 904/1383/883 897/1392/880
f 897/1392/880 904/1383/883 905/1381/880
f 897/1392/879 905/1381/879 896/1393/876
f 896/1393/876 905/1381/879 906/1379/876
f 896/1393/873 906/1379/873 895/1394/355
f 895/1394/355 906/1379/873 907/1377/355
f 895/1394/335 907/1377/335 894/1395/331
f 894/1395/331 907/1377/335 908/1375/331
f 894/1395/327 908/1375/327 893/1396/278
f 893/1396/278 908/1375/327 909/1373/278
f 893/1396/900 909/1373/900 892/1397/272
f 892/1397/272 909/1373/900 910/1371/272
f 892/1397/314 910/1371/314 891/1398/310
f 891/1398/310 910/1371/314 911/1369/310
f 891/1398/308 911/1369/308 890/1386/306
f 890/1386/306 911/1369/308 912/1367/306
f 900/1399/154 401/1400/154 889/1401/154
f 889/1401/154 401/1400/154 400/1402/154
f 889/1401/154 400/1402/154 890/1403/154
f 890/1403/154 400/1402/154 776/1404/154
f 890/1403/154 776/1404/154 775/1405/154
f 900/1399/154 899/1406/154 401/1400/154
f 401/1400/154 899/1406/154 402/1407/154
f 402/1407/154 899/1406/154 898/1408/154
f 402/1407/154 898/1408/154 403/1409/154
f 403/1409/154 898/1408/154 897/1410/154
f 403/1409/154 897/1410/154 896/1411/154
f 403/1409/154 896/1411/154 404/1412/154
f 404/1412/154 896/1411/154 895/1413/154
f 404/1412/154 895/1413/154 405/1414/154
f 405/1414/154 895/1413/154 894/1415/154
f 405/1414/154 894/1415/154 876/1416/154
f 876/1416/154 894/1415/154 865/1417/154
f 865/1417/154 894/1415/154 893/1418/154
f 865/1417/154 893/1418/154 866/1419/154
f 866/1419/154 893/1418/154 892/1420/154
f 866/1419/154 892/1420/154 852/1421/154
f 852/1421/154 892/1420/154 802/1422/154
f 852/1421/154 802/1422/154 801/1423/154
f 802/1422/154 892/1420/154 774/1424/154
f 774/1424/154 892/1420/154 891/1425/154
f 774/1424/154 891/1425/154 775/1405/154
f 775/1405/154 891/1425/154 890/1403/154
f 876/1416/154 875/1426/154 405/1414/154
f 405/1414/154 875/1426/154 406/1427/154
f 406/1427/154 875/1426/154 874/1428/154
f 406/1427/154 874/1428/154 873/1429/154
f 406/1427/154 873/1429/154 407/1430/154
f 407/1430/154 873/1429/154 872/1431/154
f 407/1430/154 872/1431/154 871/1432/154
f 407/1430/154 871/1432/154 408/1433/154
f 408/1433/154 871/1432/154 870/1434/154
f 408/1433/154 870/1434/154 409/1435/154
f 409/1435/154 870/1434/154 869/1436/154
f 409/1435/154 869/1436/154 868/1437/154
f 409/1435/154 868/1437/154 850/1438/154
f 850/1438/154 868/1437/154 867/1439/154
f 850/1438/154 867/1439/154 851/1440/154
f 851/1440/154 867/1439/154 866/1419/154
f 851/1440/154 866/1419/154 852/1421/154
f 852/1421/154 801/1423/154 841/1441/154
f 841/1441/154 801/1423/154 800/1442/154
f 841/1441/154 800/1442/154 842/1443/154
f 842/1443/154 800/1442/154 414/1444/154
f 842/1443/154 414/1444/154 843/1445/154
f 843/1445/154 414/1444/154 413/1446/154
f 843/1445/154 413/1446/154 844/1447/154
f 844/1447/154 413/1446/154 845/1448/154
f 845/1448/154 413/1446/154 412/1449/154
f 845/1448/154 412/1449/154 846/1450/154
f 846/1450/154 412/1449/154 847/1451/154
f 847/1451/154 412/1449/154 411/1452/154
f 847/1451/154 411/1452/154 848/1453/154
f 848/1453/154 411/1452/154 410/1454/154
f 848/1453/154 410/1454/154 849/1455/154
f 849/1455/154 410/1454/154 850/1438/154
f 850/1438/154 410/1454/154 409/1435/154
f 818/1456/154 817/1457/154 422/1458/154
f 422/1458/154 817/1457/154 828/1459/154
f 422/1458/154 828/1459/154 423/1460/154
f 423/1460/154 828/1459/154 827/1461/154
f 423/1460/154 827/1461/154 395/1462/154
f 395/1462/154 827/1461/154 826/1463/154
f 395/1462/154 826/1463/154 772/1464/154
f 772/1464/154 826/1463/154 773/1465/154
f 773/1465/154 826/1463/154 825/1466/154
f 773/1465/154 825/1466/154 824/1467/154
f 823/1468/154 803/1469/154 824/1467/154
f 824/1467/154 803/1469/154 802/1422/154
f 824/1467/154 802/1422/154 774/1424/154
f 803/1469/154 823/1468/154 804/1470/154
f 804/1470/154 823/1468/154 822/1471/154
f 804/1470/154 822/1471/154 419/1472/154
f 419/1472/154 822/1471/154 821/1473/154
f 419/1472/154 821/1473/154 420/1474/154
f 420/1474/154 821/1473/154 820/1475/154
f 420/1474/154 820/1475/154 421/1476/154
f 421/1476/154 820/1475/154 819/1477/154
f 421/1476/154 819/1477/154 818/1456/154
f 421/1476/154 818/1456/154 422/1458/154
f 804/1470/154 419/1472/154 793/1478/154
f 793/1478/154 419/1472/154 418/1479/154
f 793/1478/154 418/1479/154 794/1480/154
f 794/1480/154 418/1479/154 795/1481/154
f 795/1481/154 418/1479/154 417/1482/154
f 795/1481/154 417/1482/154 796/1483/154
f 796/1483/154 417/1482/154 416/1484/154
f 796/1483/154 416/1484/154 797/1485/154
f 797/1485/154 416/1484/154 798/1486/154
f 798/1486/154 416/1484/154 415/1487/154
f 798/1486/154 415/1487/154 799/1488/154
f 799/1488/154 415/1487/154 414/1444/154
f 799/1488/154 414/1444/154 800/1442/154
f 770/1489/154 769/1490/154 397/1491/154
f 397/1491/154 769/1490/154 780/1492/154
f 397/1491/154 780/1492/154 398/1493/154
f 398/1493/154 780/1492/154 779/1494/154
f 398/1493/154 779/1494/154 778/1495/154
f 398/1493/154 778/1495/154 399/1496/154
f 399/1496/154 778/1495/154 777/1497/154
f 399/1496/154 777/1497/154 400/1402/154
f 400/1402/154 777/1497/154 776/1404/154
f 774/1424/154 773/1465/154 824/1467/154
f 772/1464/154 771/1498/154 395/1462/154
f 395/1462/154 771/1498/154 396/1499/154
f 396/1499/154 771/1498/154 770/1489/154
f 396/1499/154 770/1489/154 397/1491/154
f 914/1500/1000 958/1501/1000 913/1502/314
f 913/1502/314 958/1501/1000 936/1503/314
f 913/1504/272 936/1505/272 935/1506/1001
f 935/1506/1001 936/1505/272 937/1507/1001
f 935/1506/1002 937/1507/1002 934/1508/1003
f 934/1508/1003 937/1507/1002 938/1509/1003
f 934/1508/1004 938/1509/1004 933/1510/1005
f 933/1510/1005 938/1509/1006 939/1511/1005
f 933/1510/1007 939/1511/1007 932/1512/1008
f 932/1512/1009 939/1511/1007 940/1513/1009
f 932/1512/1010 940/1513/1010 931/1514/1011
f 931/1514/1012 940/1513/1010 941/1515/1012
f 931/1514/1013 941/1515/1013 930/1516/1014
f 930/1516/1014 941/1515/1013 942/1517/1014
f 930/1516/1015 942/1517/1015 929/1518/1016
f 929/1518/1016 942/1517/1015 943/1519/1016
f 929/1518/1017 943/1519/1017 928/1520/1018
f 928/1520/1018 943/1519/1017 944/1521/1018
f 928/1520/1019 944/1521/1019 927/1522/1020
f 927/1522/1021 944/1521/1022 945/1523/1021
f 927/1522/1023 945/1523/1023 926/1524/1024
f 926/1524/1024 945/1523/1023 946/1525/1024
f 926/1524/1025 946/1525/1025 925/1526/1026
f 925/1526/1027 946/1525/1025 947/1527/1027
f 925/1526/1028 947/1527/1028 924/1528/1029
f 924/1528/1029 947/1527/1028 948/1529/1029
f 924/1528/1030 948/1529/1030 923/1530/1031
f 923/1530/1031 948/1529/1032 949/1531/1031
f 923/1530/1033 949/1531/1033 922/1532/1034
f 922/1532/1034 949/1531/1033 950/1533/1034
f 922/1532/1035 950/1533/1035 921/1534/1036
f 921/1534/1037 950/1533/1038 951/1535/1037
f 921/1534/1039 951/1535/1039 920/1536/1040
f 920/1536/1040 951/1535/1039 952/1537/1040
f 920/1536/1041 952/1537/1041 919/1538/1042
f 919/1538/1042 952/1537/1041 953/1539/1042
f 919/1538/1043 953/1539/1043 918/1540/1044
f 918/1540/1044 953/1539/1043 954/1541/1044
f 918/1540/1045 954/1541/1045 917/1542/1046
f 917/1542/1046 954/1541/1047 955/1543/1046
f 917/1542/1048 955/1543/1048 916/1544/1049
f 916/1544/1049 955/1543/1048 956/1545/1049
f 916/1544/1050 956/1545/1050 915/1546/1051
f 915/1546/1052 956/1545/1050 957/1547/1052
f 915/1546/1053 957/1547/1053 914/1500/1054
f 914/1500/1054 957/1547/1053 958/1501/1054
f 960/1548/1055 1014/1549/1055 959/1550/272
f 959/1550/272 1014/1549/1055 987/1551/272
f 959/1552/314 987/1553/314 986/1554/1056
f 986/1554/1056 987/1553/314 988/1555/1056
f 986/1554/1057 988/1555/1057 985/1556/1058
f 985/1556/1058 988/1555/1057 989/1557/1058
f 985/1556/1059 989/1557/1059 984/1558/1060
f 984/1558/1060 989/1557/1061 990/1559/1060
f 984/1558/1062 990/1559/1062 983/1560/1063
f 983/1560/1063 990/1559/861 991/1561/1063
f 983/1560/1064 991/1561/1064 982/1562/1065
f 982/1562/1065 991/1561/1064 992/1563/1065
f 982/1562/1066 992/1563/1066 981/1564/1067
f 981/1564/1067 992/1563/1066 993/1565/1067
f 981/1564/1068 993/1565/1068 980/1566/303
f 980/1566/303 993/1565/1068 994/1567/303
f 980/1566/195 994/1567/195 979/1568/1069
f 979/1568/1069 994/1567/195 995/1569/1069
f 979/1568/1070 995/1569/1070 978/1570/1071
f 978/1570/1071 995/1569/1070 996/1571/1071
f 978/1570/1072 996/1571/1072 977/1572/1073
f 977/1572/1073 996/1571/1072 997/1573/1073
f 977/1572/1074 997/1573/1074 976/1574/1075
f 976/1574/1076 997/1573/1074 998/1575/1076
f 976/1574/1077 998/1575/1077 975/1576/1078
f 975/1576/1078 998/1575/1077 999/1577/1078
f 975/1576/1079 999/1577/1079 974/1578/1080
f 974/1578/1080 999/1577/1079 1000/1579/1080
f 974/1578/1081 1000/1579/1081 973/38/885
f 973/38/885 1000/1579/1082 1001/1580/885
f 973/38/60 1001/1580/60 972/1581/1083
f 972/1581/1084 1001/1580/883 1002/1582/1084
f 972/1581/1085 1002/1582/1085 971/1583/1086
f 971/1583/1086 1002/1582/1085 1003/1584/1086
f 971/1583/1087 1003/1584/1087 970/1585/1088
f 970/1585/1088 1003/1584/1087 1004/1586/1088
f 970/1585/1089 1004/1586/1089 969/1587/1090
f 969/1587/1091 1004/1586/1089 1005/1588/1091
f 969/1587/1092 1005/1588/1092 968/1589/1093
f 968/1589/1093 1005/1588/1092 1006/1590/1093
f 968/1589/1094 1006/1590/1094 967/1591/1095
f 967/1591/1095 1006/1590/1094 1007/1592/1095
f 967/1591/1096 1007/1592/1096 966/1593/355
f 966/1593/355 1007/1592/1096 1008/1594/355
f 966/1593/335 1008/1594/335 965/1595/1097
f 965/1595/1097 1008/1594/335 1009/1596/1097
f 965/1595/1098 1009/1596/1098 964/1597/1099
f 964/1597/1099 1009/1596/1098 1010/1598/1099
f 964/1597/1100 1010/1598/1100 963/1599/1101
f 963/1599/1101 1010/1598/1100 1011/1600/1101
f 963/1599/1102 1011/1600/1102 962/1601/849
f 962/1601/849 1011/1600/1103 1012/1602/849
f 962/1601/1104 1012/1602/1104 961/1603/1105
f 961/1603/1105 1012/1602/1104 1013/1604/1105
f 961/1603/1106 1013/1604/1106 960/1548/1107
f 960/1548/1107 1013/1604/1106 1014/1549/1107
f 1014/1605/154 948/1606/154 987/1607/154
f 987/1607/154 948/1606/154 947/1608/154
f 987/1607/154 947/1608/154 988/1609/154
f 988/1609/154 947/1608/154 946/1610/154
f 988/1609/154 946/1610/154 989/1611/154
f 989/1611/154 946/1610/154 945/1612/154
f 989/1611/154 945/1612/154 990/1613/154
f 990/1613/154 945/1612/154 991/1614/154
f 991/1614/154 945/1612/154 944/1615/154
f 991/1614/154 944/1615/154 992/1616/154
f 992/1616/154 944/1615/154 943/1617/154
f 992/1616/154 943/1617/154 993/1618/154
f 993/1618/154 943/1617/154 942/1619/154
f 993/1618/154 942/1619/154 994/1620/154
f 994/1620/154 942/1619/154 941/1621/154
f 994/1620/154 941/1621/154 995/1622/154
f 995/1622/154 941/1621/154 996/1623/154
f 996/1623/154 941/1621/154 940/1624/154
f 996/1623/154 940/1624/154 997/1625/154
f 997/1625/154 940/1624/154 939/1626/154
f 997/1625/154 939/1626/154 998/1627/154
f 998/1627/154 939/1626/154 938/1628/154
f 998/1627/154 938/1628/154 999/1629/154
f 999/1629/154 938/1628/154 937/1630/154
f 999/1629/154 937/1630/154 1000/1631/154
f 1000/1631/154 937/1630/154 936/1420/154
f 1000/1631/154 936/1420/154 1001/1632/154
f 1001/1632/154 936/1420/154 1002/1633/154
f 1002/1633/154 936/1420/154 958/1634/154
f 1002/1633/154 958/1634/154 1003/1635/154
f 1003/1635/154 958/1634/154 957/1636/154
f 1003/1635/154 957/1636/154 1004/1637/154
f 1004/1637/154 957/1636/154 956/1638/154
f 1004/1637/154 956/1638/154 1005/1639/154
f 1005/1639/154 956/1638/154 955/1640/154
f 1005/1639/154 955/1640/154 1006/1641/154
f 1006/1641/154 955/1640/154 954/1642/154
f 1006/1641/154 954/1642/154 1007/1643/154
f 1007/1643/154 954/1642/154 1008/1644/154
f 1008/1644/154 954/1642/154 953/1645/154
f 1008/1644/154 953/1645/154 1009/1646/154
f 1009/1646/154 953/1645/154 952/1647/154
f 1009/1646/154 952/1647/154 1010/1648/154
f 1010/1648/154 952/1647/154 951/1649/154
f 1010/1648/154 951/1649/154 1011/1650/154
f 1011/1650/154 951/1649/154 950/1651/154
f 1011/1650/154 950/1651/154 1012/1652/154
f 1012/1652/154 950/1651/154 1013/1653/154
f 1013/1653/154 950/1651/154 949/1654/154
f 1013/1653/154 949/1654/154 1014/1605/154
f 1014/1605/154 949/1654/154 948/1606/154
f 986/1605/785 925/1606/785 959/1655/785
f 959/1655/785 925/1606/785 924/1608/785
f 959/1655/785 924/1608/785 960/1609/785
f 960/1609/785 924/1608/785 923/1610/785
f 960/1609/785 923/1610/785 961/1611/785
f 961/1611/785 923/1610/785 922/1612/785
f 961/1611/785 922/1612/785 962/1613/785
f 962/1613/785 922/1612/785 963/1614/785
f 963/1614/785 922/1612/785 921/1615/785
f 963/1614/785 921/1615/785 964/1616/785
f 964/1616/785 921/1615/785 920/1617/785
f 964/1616/785 920/1617/785 965/1618/785
f 965/1618/785 920/1617/785 919/1619/785
f 965/1618/785 919/1619/785 966/1620/785
f 966/1620/785 919/1619/785 918/1621/785
f 966/1620/785 918/1621/785 967/1622/785
f 967/1622/785 918/1621/785 968/1623/785
f 968/1623/785 918/1621/785 917/1624/785
f 968/1623/785 917/1624/785 969/1625/785
f 969/1625/785 917/1624/785 916/1626/785
f 969/1625/785 916/1626/785 970/1627/785
f 970/1627/785 916/1626/785 915/1628/785
f 970/1627/785 915/1628/785 971/1629/785
f 971/1629/785 915/1628/785 914/1630/785
f 971/1629/785 914/1630/785 972/1631/785
f 972/1631/785 914/1630/785 913/1420/785
f 972/1631/785 913/1420/785 973/1656/785
f 973/1656/785 913/1420/785 974/1633/785
f 974/1633/785 913/1420/785 935/1634/785
f 974/1633/785 935/1634/785 975/1635/785
f 975/1635/785 935/1634/785 934/1636/785
f 975/1635/785 934/1636/785 976/1637/785
f 976/1637/785 934/1636/785 933/1638/785
f 976/1637/785 933/1638/785 977/1639/785
f 977/1639/785 933/1638/785 932/1640/785
f 977/1639/785 932/1640/785 978/1641/785
f 978/1641/785 932/1640/785 931/1642/785
f 978/1641/785 931/1642/785 979/1643/785
f 979/1643/785 931/1642/785 980/1644/785
f 980/1644/785 931/1642/785 930/1645/785
f 980/1644/785 930/1645/785 981/1646/785
f 981/1646/785 930/1645/785 929/1647/785
f 981/1646/785 929/1647/785 982/1648/785
f 982/1648/785 929/1647/785 928/1649/785
f 982/1648/785 928/1649/785 983/1650/785
f 983/1650/785 928/1649/785 927/1651/785
f 983/1650/785 927/1651/785 984/1652/785
f 984/1652/785 927/1651/785 985/1653/785
f 985/1653/785 927/1651/785 926/1654/785
f 985/1653/785 926/1654/785 986/1605/785
f 986/1605/785 926/1654/785 925/1606/785
f 1016/1657/942 1054/1658/942 1015/1659/314
f 1015/1659/314 1054/1658/942 1035/1660/314
f 1015/1661/272 1035/1662/284 1034/1663/938
f 1034/1663/938 1035/1662/272 1036/1664/938
f 1034/1663/935 1036/1664/935 1033/1665/1108
f 1033/1665/1108 1036/1664/935 1037/1666/1108
f 1033/1665/1109 1037/1666/1109 1032/1667/1110
f 1032/1667/1110 1037/1666/1109 1038/1668/1110
f 1032/1667/931 1038/1668/931 1031/1669/1111
f 1031/1669/1111 1038/1668/931 1039/1670/1111
f 1031/1669/1112 1039/1670/1112 1030/1671/335
f 1030/1671/335 1039/1670/1112 1040/1672/335
f 1030/1671/355 1040/1672/355 1029/1673/1113
f 1029/1673/1113 1040/1672/355 1041/1674/1113
f 1029/1673/1114 1041/1674/1114 1028/1675/922
f 1028/1675/922 1041/1674/1114 1042/1676/922
f 1028/1675/921 1042/1676/921 1027/1677/1115
f 1027/1677/1116 1042/1676/1117 1043/1678/1116
f 1027/1677/1118 1043/1678/1118 1026/1679/918
f 1026/1679/918 1043/1678/1118 1044/1680/918
f 1026/1679/917 1044/1680/917 1025/38/883
f 1025/38/883 1044/1680/917 1045/1681/883
f 1025/38/885 1045/1681/885 1024/1682/1119
f 1024/1682/912 1045/1681/885 1046/1683/912
f 1024/1682/911 1046/1683/911 1023/1684/1120
f 1023/1684/1120 1046/1683/911 1047/1685/1120
f 1023/1684/1121 1047/1685/1121 1022/1686/1122
f 1022/1686/908 1047/1685/1123 1048/1687/908
f 1022/1686/907 1048/1687/907 1021/1688/1124
f 1021/1688/1124 1048/1687/907 1049/1689/1124
f 1021/1688/1125 1049/1689/1125 1020/1690/195
f 1020/1690/195 1049/1689/1125 1050/1691/195
f 1020/1690/303 1050/1691/303 1019/1692/1126
f 1019/1692/1126 1050/1691/303 1051/1693/1126
f 1019/1692/1127 1051/1693/1127 1018/1694/948
f 1018/1694/948 1051/1693/1127 1052/1695/948
f 1018/1694/947 1052/1695/947 1017/1696/1128
f 1017/1696/1129 1052/1695/1130 1053/1697/1129
f 1017/1696/1131 1053/1697/1131 1016/1657/944
f 1016/1657/944 1053/1697/1131 1054/1658/944
f 1056/1506/1001 1100/1698/1001 1055/1504/272
f 1055/1504/272 1100/1698/1001 1078/1699/272
f 1055/1502/314 1078/1700/314 1077/1500/1000
f 1077/1500/1000 1078/1700/314 1079/1701/1000
f 1077/1500/1054 1079/1701/1054 1076/1546/1053
f 1076/1546/1053 1079/1701/1054 1080/1702/1053
f 1076/1546/1051 1080/1702/1051 1075/1703/1050
f 1075/1703/1050 1080/1702/1051 1081/1704/1050
f 1075/1703/1049 1081/1704/1049 1074/1705/1132
f 1074/1705/1048 1081/1704/1133 1082/1706/1048
f 1074/1705/1046 1082/1706/1046 1073/1540/1047
f 1073/1540/1045 1082/1706/1046 1083/1707/1045
f 1073/1540/1044 1083/1707/1044 1072/1538/1043
f 1072/1538/1043 1083/1707/1044 1084/1708/1043
f 1072/1538/1042 1084/1708/1042 1071/1536/1041
f 1071/1536/1041 1084/1708/1042 1085/1709/1041
f 1071/1536/1040 1085/1709/1040 1070/1534/1039
f 1070/1534/1039 1085/1709/1134 1086/1710/1039
f 1070/1534/1036 1086/1710/1036 1069/1532/1035
f 1069/1532/1035 1086/1710/1135 1087/1711/1035
f 1069/1532/1034 1087/1711/1034 1068/1530/1033
f 1068/1530/1033 1087/1711/1034 1088/1712/1033
f 1068/1530/1031 1088/1712/1031 1067/1528/1032
f 1067/1528/1030 1088/1712/1136 1089/1713/1030
f 1067/1528/1029 1089/1713/1029 1066/1526/1028
f 1066/1526/1028 1089/1713/1029 1090/1714/1028
f 1066/1526/1027 1090/1714/1027 1065/1524/1025
f 1065/1524/1137 1090/1714/1138 1091/1715/1137
f 1065/1524/1024 1091/1715/1024 1064/1522/1023
f 1064/1522/1023 1091/1715/1139 1092/1716/1023
f 1064/1522/1020 1092/1716/1020 1063/1520/1022
f 1063/1520/1019 1092/1716/1140 1093/1717/1019
f 1063/1520/1018 1093/1717/1018 1062/1518/1017
f 1062/1518/1141 1093/1717/1018 1094/1718/1141
f 1062/1518/1016 1094/1718/1016 1061/1516/1015
f 1061/1516/1015 1094/1718/1016 1095/1719/1015
f 1061/1516/1014 1095/1719/1014 1060/1514/1013
f 1060/1514/1013 1095/1719/1014 1096/1720/1013
f 1060/1514/1012 1096/1720/1012 1059/1512/1010
f 1059/1512/1010 1096/1720/1011 1097/1721/1010
f 1059/1512/1009 1097/1721/1009 1058/1510/1007
f 1058/1510/1007 1097/1721/1009 1098/1722/1007
f 1058/1510/1005 1098/1722/1005 1057/1508/1006
f 1057/1508/1006 1098/1722/1005 1099/1723/1006
f 1057/1508/1003 1099/1723/1003 1056/1506/1142
f 1056/1506/1002 1099/1723/1003 1100/1698/1002
f 1079/1724/154 1078/1422/154 1045/1725/154
f 1045/1725/154 1078/1422/154 1100/1726/154
f 1045/1725/154 1100/1726/154 1046/1727/154
f 1046/1727/154 1100/1726/154 1099/1728/154
f 1046/1727/154 1099/1728/154 1047/1729/154
f 1047/1729/154 1099/1728/154 1098/1730/154
f 1047/1729/154 1098/1730/154 1048/1731/154
f 1048/1731/154 1098/1730/154 1097/1732/154
f 1048/1731/154 1097/1732/154 1049/1733/154
f 1049/1733/154 1097/1732/154 1096/1734/154
f 1049/1733/154 1096/1734/154 1050/1159/154
f 1050/1159/154 1096/1734/154 1095/1735/154
f 1050/1159/154 1095/1735/154 1051/1736/154
f 1051/1736/154 1095/1735/154 1094/1737/154
f 1051/1736/154 1094/1737/154 1052/1738/154
f 1052/1738/154 1094/1737/154 1093/1739/154
f 1052/1738/154 1093/1739/154 1092/1740/154
f 1052/1738/154 1092/1740/154 1053/1741/154
f 1053/1741/154 1092/1740/154 1091/1742/154
f 1053/1741/154 1091/1742/154 1054/1743/154
f 1054/1743/154 1091/1742/154 1090/1744/154
f 1054/1743/154 1090/1744/154 1035/1745/154
f 1035/1745/154 1090/1744/154 1089/1746/154
f 1035/1745/154 1089/1746/154 1036/1747/154
f 1036/1747/154 1089/1746/154 1088/1748/154
f 1036/1747/154 1088/1748/154 1037/1749/154
f 1037/1749/154 1088/1748/154 1087/1750/154
f 1037/1749/154 1087/1750/154 1038/1751/154
f 1038/1751/154 1087/1750/154 1086/1752/154
f 1038/1751/154 1086/1752/154 1085/1753/154
f 1038/1751/154 1085/1753/154 1039/1754/154
f 1039/1754/154 1085/1753/154 1084/1755/154
f 1039/1754/154 1084/1755/154 1040/1756/154
f 1040/1756/154 1084/1755/154 1083/1757/154
f 1040/1756/154 1083/1757/154 1041/1758/154
f 1041/1758/154 1083/1757/154 1082/1759/154
f 1041/1758/154 1082/1759/154 1042/1760/154
f 1042/1760/154 1082/1759/154 1081/1761/154
f 1042/1760/154 1081/1761/154 1043/1762/154
f 1043/1762/154 1081/1761/154 1080/1763/154
f 1043/1762/154 1080/1763/154 1044/1764/154
f 1044/1764/154 1080/1763/154 1079/1724/154
f 1044/1764/154 1079/1724/154 1045/1725/154
f 1056/1724/785 1055/1422/785 1025/1725/785
f 1025/1725/785 1055/1422/785 1077/1726/785
f 1025/1725/785 1077/1726/785 1026/1727/785
f 1026/1727/785 1077/1726/785 1076/1728/785
f 1026/1727/785 1076/1728/785 1027/1729/785
f 1027/1729/785 1076/1728/785 1075/1730/785
f 1027/1729/785 1075/1730/785 1028/1731/785
f 1028/1731/785 1075/1730/785 1074/1732/785
f 1028/1731/785 1074/1732/785 1029/1733/785
f 1029/1733/785 1074/1732/785 1073/1734/785
f 1029/1733/785 1073/1734/785 1030/1159/785
f 1030/1159/785 1073/1734/785 1072/1735/785
f 1030/1159/785 1072/1735/785 1031/1736/785
f 1031/1736/785 1072/1735/785 1071/1737/785
f 1031/1736/785 1071/1737/785 1032/1738/785
f 1032/1738/785 1071/1737/785 1070/1739/785
f 1032/1738/785 1070/1739/785 1069/1740/785
f 1032/1738/785 1069/1740/785 1033/1741/785
f 1033/1741/785 1069/1740/785 1068/1742/785
f 1033/1741/785 1068/1742/785 1034/1743/785
f 1034/1743/785 1068/1742/785 1067/1744/785
f 1034/1743/785 1067/1744/785 1015/1745/785
f 1015/1745/785 1067/1744/785 1066/1746/785
f 1015/1745/785 1066/1746/785 1016/1747/785
f 1016/1747/785 1066/1746/785 1065/1748/785
f 1016/1747/785 1065/1748/785 1017/1749/785
f 1017/1749/785 1065/1748/785 1064/1750/785
f 1017/1749/785 1064/1750/785 1018/1751/785
f 1018/1751/785 1064/1750/785 1063/1752/785
f 1018/1751/785 1063/1752/785 1062/1753/785
f 1018/1751/785 1062/1753/785 1019/1754/785
f 1019/1754/785 1062/1753/785 1061/1755/785
f 1019/1754/785 1061/1755/785 1020/1756/785
f 1020/1756/785 1061/1755/785 1060/1757/785
f 1020/1756/785 1060/1757/785 1021/1758/785
f 1021/1758/785 1060/1757/785 1059/1759/785
f 1021/1758/785 1059/1759/785 1022/1760/785
f 1022/1760/785 1059/1759/785 1058/1761/785
f 1022/1760/785 1058/1761/785 1023/1762/785
f 1023/1762/785 1058/1761/785 1057/1763/785
f 1023/1762/785 1057/1763/785 1024/1764/785
f 1024/1764/785 1057/1763/785 1056/1724/785
f 1024/1764/785 1056/1724/785 1025/1725/785
f 1102/1554/1056 1156/1765/1056 1101/1552/314
f 1101/1552/284 1156/1765/1056 1129/1766/284
f 1101/1550/272 1129/1767/272 1128/1548/1055
f 1128/1548/1143 1129/1767/272 1130/1768/1143
f 1128/1548/1107 1130/1768/1107 1127/1769/1106
f 1127/1769/1106 1130/1768/1107 1131/1770/1106
f 1127/1769/1105 1131/1770/1105 1126/1601/1104
f 1126/1601/1104 1131/1770/1144 1132/1771/1104
f 1126/1601/849 1132/1771/849 1125/1772/1103
f 1125/1772/1103 1132/1771/849 1133/1773/1103
f 1125/1772/1101 1133/1773/1101 1124/1597/1100
f 1124/1597/1100 1133/1773/1101 1134/1774/1100
f 1124/1597/1099 1134/1774/1099 1123/1595/1098
f 1123/1595/1098 1134/1774/1099 1135/1775/1098
f 1123/1595/1097 1135/1775/1097 1122/1593/335
f 1122/1593/335 1135/1775/1097 1136/1776/335
f 1122/1593/355 1136/1776/355 1121/1591/1096
f 1121/1591/1096 1136/1776/355 1137/1777/1096
f 1121/1591/1095 1137/1777/1095 1120/1589/1094
f 1120/1589/1094 1137/1777/1095 1138/1778/1094
f 1120/1589/1093 1138/1778/1093 1119/1587/1092
f 1119/1587/1092 1138/1778/1093 1139/1779/1092
f 1119/1587/1091 1139/1779/1091 1118/1780/1089
f 1118/1780/1089 1139/1779/1091 1140/1781/1089
f 1118/1780/1088 1140/1781/1088 1117/1583/1145
f 1117/1583/1087 1140/1781/1088 1141/1782/1087
f 1117/1583/1086 1141/1782/1086 1116/1783/1085
f 1116/1783/1085 1141/1782/1086 1142/1784/1085
f 1116/1783/1083 1142/1784/1083 1115/38/883
f 1115/38/883 1142/1784/1084 1143/1681/883
f 1115/38/885 1143/1681/885 1114/1578/1082
f 1114/1578/1081 1143/1681/885 1144/1785/1081
f 1114/1578/1080 1144/1785/1080 1113/1576/1079
f 1113/1576/1079 1144/1785/1080 1145/1786/1079
f 1113/1576/1078 1145/1786/1078 1112/1787/1077
f 1112/1787/1077 1145/1786/1146 1146/1788/1077
f 1112/1787/1076 1146/1788/1076 1111/1572/1074
f 1111/1572/1074 1146/1788/1076 1147/1789/1074
f 1111/1572/1073 1147/1789/1073 1110/1570/1072
f 1110/1570/1072 1147/1789/1073 1148/1790/1072
f 1110/1570/1071 1148/1790/1071 1109/1568/1070
f 1109/1568/1070 1148/1790/1071 1149/1791/1070
f 1109/1568/1069 1149/1791/1069 1108/1566/195
f 1108/1566/195 1149/1791/1069 1150/1792/195
f 1108/1566/303 1150/1792/303 1107/1564/1068
f 1107/1564/1068 1150/1792/303 1151/1793/1068
f 1107/1564/1067 1151/1793/1067 1106/1562/1066
f 1106/1562/1066 1151/1793/1067 1152/1794/1066
f 1106/1562/1147 1152/1794/1147 1105/1560/1064
f 1105/1560/1064 1152/1794/1065 1153/1795/1064
f 1105/1560/1148 1153/1795/1148 1104/1558/861
f 1104/1558/861 1153/1795/1063 1154/1796/861
f 1104/1558/1060 1154/1796/1060 1103/1556/1061
f 1103/1556/1061 1154/1796/1060 1155/1797/1061
f 1103/1556/1058 1155/1797/1058 1102/1554/1057
f 1102/1554/1057 1155/1797/1058 1156/1765/1057
f 1158/1798/1149 1216/1799/1149 1157/1800/272
f 1157/1800/272 1216/1799/1150 1187/1801/272
f 1157/1802/314 1187/1803/314 1186/1804/1151
f 1186/1804/1151 1187/1803/314 1188/1805/1151
f 1186/1804/1152 1188/1805/1152 1185/1806/1153
f 1185/1806/1154 1188/1805/1152 1189/1807/1154
f 1185/1806/1155 1189/1807/1155 1184/1808/1131
f 1184/1808/1131 1189/1807/1155 1190/1809/1131
f 1184/1808/1129 1190/1809/1129 1183/1810/1156
f 1183/1810/1156 1190/1809/1129 1191/1811/1156
f 1183/1810/1157 1191/1811/1157 1182/1812/306
f 1182/1812/306 1191/1811/1157 1192/1813/306
f 1182/1812/302 1192/1813/302 1181/1814/1127
f 1181/1814/1127 1192/1813/302 1193/1815/1127
f 1181/1814/1158 1193/1815/1158 1180/1816/1159
f 1180/1816/1159 1193/1815/1158 1194/1817/1159
f 1180/1816/1160 1194/1817/1160 1179/1818/1161
f 1179/1818/1161 1194/1817/1160 1195/1819/1161
f 1179/1818/1162 1195/1819/1162 1178/1820/1163
f 1178/1820/1163 1195/1819/1162 1196/1821/1163
f 1178/1820/1124 1196/1821/1124 1177/1822/777
f 1177/1822/777 1196/1821/1124 1197/1823/777
f 1177/1822/773 1197/1823/773 1176/1824/1164
f 1176/1824/1164 1197/1823/773 1198/1825/1164
f 1176/1824/1165 1198/1825/1165 1175/1826/1121
f 1175/1826/1121 1198/1825/1166 1199/1827/1121
f 1175/1826/1120 1199/1827/1120 1174/1828/1167
f 1174/1828/1167 1199/1827/1120 1200/1829/1167
f 1174/1828/1168 1200/1829/1168 1173/1830/1169
f 1173/1830/1169 1200/1829/1168 1201/1831/1169
f 1173/1830/1170 1201/1831/1170 1172/38/885
f 1172/38/885 1201/1831/1171 1202/1580/885
f 1172/38/883 1202/1580/883 1171/1832/1172
f 1171/1832/1173 1202/1580/883 1203/1833/1173
f 1171/1832/1174 1203/1833/1174 1170/1834/1175
f 1170/1834/1175 1203/1833/1174 1204/1835/1175
f 1170/1834/1176 1204/1835/1176 1169/1836/1118
f 1169/1836/1118 1204/1835/1176 1205/1837/1118
f 1169/1836/1116 1205/1837/1116 1168/1838/1177
f 1168/1838/1177 1205/1837/1116 1206/1839/1177
f 1168/1838/1178 1206/1839/1178 1167/1840/876
f 1167/1840/876 1206/1839/1178 1207/1841/876
f 1167/1840/873 1207/1841/873 1166/1842/1114
f 1166/1842/1114 1207/1841/873 1208/1843/1114
f 1166/1842/1179 1208/1843/1179 1165/1844/1180
f 1165/1844/1180 1208/1843/1179 1209/1845/1180
f 1165/1844/1181 1209/1845/1181 1164/1846/1182
f 1164/1846/1182 1209/1845/1181 1210/1847/1182
f 1164/1846/1183 1210/1847/1183 1163/1848/1184
f 1163/1848/1184 1210/1847/1183 1211/1849/1184
f 1163/1848/1111 1211/1849/1111 1162/1850/331
f 1162/1850/331 1211/1849/1111 1212/1851/331
f 1162/1850/327 1212/1851/327 1161/1852/1185
f 1161/1852/1185 1212/1851/327 1213/1853/1185
f 1161/1852/1186 1213/1853/1186 1160/1854/1109
f 1160/1854/1109 1213/1853/1187 1214/1855/1109
f 1160/1854/1108 1214/1855/1108 1159/1856/1188
f 1159/1856/1188 1214/1855/1108 1215/1857/1188
f 1159/1856/1189 1215/1857/1189 1158/1798/1190
f 1158/1798/1190 1215/1857/1191 1216/1799/1190
f 1188/1858/154 1187/1859/154 1143/1655/154
f 1143/1655/154 1187/1859/154 1216/1860/154
f 1143/1655/154 1216/1860/154 1144/1605/154
f 1144/1605/154 1216/1860/154 1215/1861/154
f 1144/1605/154 1215/1861/154 1145/1653/154
f 1145/1653/154 1215/1861/154 1214/1862/154
f 1145/1653/154 1214/1862/154 1146/1652/154
f 1146/1652/154 1214/1862/154 1213/1863/154
f 1146/1652/154 1213/1863/154 1147/1650/154
f 1147/1650/154 1213/1863/154 1212/1864/154
f 1147/1650/154 1212/1864/154 1148/1648/154
f 1148/1648/154 1212/1864/154 1211/1865/154
f 1148/1648/154 1211/1865/154 1149/1646/154
f 1149/1646/154 1211/1865/154 1210/1866/154
f 1149/1646/154 1210/1866/154 1150/1867/154
f 1150/1867/154 1210/1866/154 1209/1868/154
f 1150/1867/154 1209/1868/154 1151/1643/154
f 1151/1643/154 1209/1868/154 1208/1869/154
f 1151/1643/154 1208/1869/154 1152/1641/154
f 1152/1641/154 1208/1869/154 1207/1870/154
f 1152/1641/154 1207/1870/154 1153/1639/154
f 1153/1639/154 1207/1870/154 1206/1871/154
f 1153/1639/154 1206/1871/154 1154/1637/154
f 1154/1637/154 1206/1871/154 1205/1872/154
f 1154/1637/154 1205/1872/154 1155/1635/154
f 1155/1635/154 1205/1872/154 1204/1873/154
f 1155/1635/154 1204/1873/154 1156/1633/154
f 1156/1633/154 1204/1873/154 1203/1874/154
f 1156/1633/154 1203/1874/154 1129/1632/154
f 1129/1632/154 1203/1874/154 1202/1875/154
f 1129/1632/154 1202/1875/154 1201/1876/154
f 1129/1632/154 1201/1876/154 1130/1631/154
f 1130/1631/154 1201/1876/154 1200/1877/154
f 1130/1631/154 1200/1877/154 1131/1629/154
f 1131/1629/154 1200/1877/154 1199/1878/154
f 1131/1629/154 1199/1878/154 1132/1627/154
f 1132/1627/154 1199/1878/154 1198/1879/154
f 1132/1627/154 1198/1879/154 1133/1625/154
f 1133/1625/154 1198/1879/154 1197/1880/154
f 1133/1625/154 1197/1880/154 1134/1623/154
f 1134/1623/154 1197/1880/154 1196/1881/154
f 1134/1623/154 1196/1881/154 1135/1622/154
f 1135/1622/154 1196/1881/154 1195/1882/154
f 1135/1622/154 1195/1882/154 1136/1620/154
f 1136/1620/154 1195/1882/154 1194/1883/154
f 1136/1620/154 1194/1883/154 1137/1618/154
f 1137/1618/154 1194/1883/154 1193/1884/154
f 1137/1618/154 1193/1884/154 1138/1616/154
f 1138/1616/154 1193/1884/154 1192/1885/154
f 1138/1616/154 1192/1885/154 1139/1614/154
f 1139/1614/154 1192/1885/154 1191/1886/154
f 1139/1614/154 1191/1886/154 1140/1613/154
f 1140/1613/154 1191/1886/154 1190/1887/154
f 1140/1613/154 1190/1887/154 1141/1611/154
f 1141/1611/154 1190/1887/154 1189/1888/154
f 1141/1611/154 1189/1888/154 1142/1609/154
f 1142/1609/154 1189/1888/154 1188/1858/154
f 1142/1609/154 1188/1858/154 1143/1655/154
f 1158/1858/785 1157/1859/785 1115/1607/785
f 1115/1607/785 1157/1859/785 1186/1860/785
f 1115/1607/785 1186/1860/785 1116/1605/785
f 1116/1605/785 1186/1860/785 1185/1861/785
f 1116/1605/785 1185/1861/785 1117/1653/785
f 1117/1653/785 1185/1861/785 1184/1862/785
f 1117/1653/785 1184/1862/785 1118/1652/785
f 1118/1652/785 1184/1862/785 1183/1863/785
f 1118/1652/785 1183/1863/785 1119/1650/785
f 1119/1650/785 1183/1863/785 1182/1864/785
f 1119/1650/785 1182/1864/785 1120/1648/785
f 1120/1648/785 1182/1864/785 1181/1865/785
f 1120/1648/785 1181/1865/785 1121/1646/785
f 1121/1646/785 1181/1865/785 1180/1866/785
f 1121/1646/785 1180/1866/785 1122/1867/785
f 1122/1867/785 1180/1866/785 1179/1868/785
f 1122/1867/785 1179/1868/785 1123/1643/785
f 1123/1643/785 1179/1868/785 1178/1869/785
f 1123/1643/785 1178/1869/785 1124/1641/785
f 1124/1641/785 1178/1869/785 1177/1870/785
f 1124/1641/785 1177/1870/785 1125/1639/785
f 1125/1639/785 1177/1870/785 1176/1871/785
f 1125/1639/785 1176/1871/785 1126/1637/785
f 1126/1637/785 1176/1871/785 1175/1872/785
f 1126/1637/785 1175/1872/785 1127/1635/785
f 1127/1635/785 1175/1872/785 1174/1873/785
f 1127/1635/785 1174/1873/785 1128/1633/785
f 1128/1633/785 1174/1873/785 1173/1874/785
f 1128/1633/785 1173/1874/785 1101/1656/785
f 1101/1656/785 1173/1874/785 1172/1875/785
f 1101/1656/785 1172/1875/785 1171/1876/785
f 1101/1656/785 1171/1876/785 1102/1631/785
f 1102/1631/785 1171/1876/785 1170/1877/785
f 1102/1631/785 1170/1877/785 1103/1629/785
f 1103/1629/785 1170/1877/785 1169/1878/785
f 1103/1629/785 1169/1878/785 1104/1627/785
f 1104/1627/785 1169/1878/785 1168/1879/785
f 1104/1627/785 1168/1879/785 1105/1625/785
f 1105/1625/785 1168/1879/785 1167/1880/785
f 1105/1625/785 1167/1880/785 1106/1623/785
f 1106/1623/785 1167/1880/785 1166/1881/785
f 1106/1623/785 1166/1881/785 1107/1622/785
f 1107/1622/785 1166/1881/785 1165/1882/785
f 1107/1622/785 1165/1882/785 1108/1620/785
f 1108/1620/785 1165/1882/785 1164/1883/785
f 1108/1620/785 1164/1883/785 1109/1618/785
f 1109/1618/785 1164/1883/785 1163/1884/785
f 1109/1618/785 1163/1884/785 1110/1616/785
f 1110/1616/785 1163/1884/785 1162/1885/785
f 1110/1616/785 1162/1885/785 1111/1614/785
f 1111/1614/785 1162/1885/785 1161/1886/785
f 1111/1614/785 1161/1886/785 1112/1613/785
f 1112/1613/785 1161/1886/785 1160/1887/785
f 1112/1613/785 1160/1887/785 1113/1611/785
f 1113/1611/785 1160/1887/785 1159/1888/785
f 1113/1611/785 1159/1888/785 1114/1609/785
f 1114/1609/785 1159/1888/785 1158/1858/785
f 1114/1609/785 1158/1858/785 1115/1607/785
f 1218/1500/1192 1262/1501/1192 1217/1502/885
f 1217/1502/885 1262/1501/1192 1240/1503/885
f 1217/1504/883 1240/1505/883 1239/1506/1193
f 1239/1506/1193 1240/1505/883 1241/1507/1193
f 1239/1506/1194 1241/1507/1194 1238/1508/1195
f 1238/1508/1195 1241/1507/1194 1242/1509/1195
f 1238/1508/1196 1242/1509/1196 1237/1510/1197
f 1237/1510/1197 1242/1509/1196 1243/1511/1197
f 1237/1510/1198 1243/1511/1198 1236/1512/1199
f 1236/1512/1199 1243/1511/1198 1244/1513/1199
f 1236/1512/1200 1244/1513/1200 1235/1514/1201
f 1235/1514/1202 1244/1513/1200 1245/1515/1202
f 1235/1514/1203 1245/1515/1203 1234/1516/1204
f 1234/1516/1204 1245/1515/1203 1246/1517/1204
f 1234/1516/1205 1246/1517/1205 1233/1518/1206
f 1233/1518/1206 1246/1517/1205 1247/1519/1206
f 1233/1518/1207 1247/1519/1207 1232/1520/1208
f 1232/1520/1208 1247/1519/1207 1248/1521/1208
f 1232/1520/1209 1248/1521/1209 1231/1522/1210
f 1231/1522/1211 1248/1521/1209 1249/1523/1211
f 1231/1522/1212 1249/1523/1212 1230/1524/1213
f 1230/1524/1213 1249/1523/1212 1250/1525/1213
f 1230/1524/1214 1250/1525/1214 1229/1526/1215
f 1229/1526/1216 1250/1525/1214 1251/1527/1216
f 1229/1526/1217 1251/1527/1217 1228/1528/1218
f 1228/1528/1218 1251/1527/1217 1252/1529/1218
f 1228/1528/1219 1252/1529/1219 1227/1530/1220
f 1227/1530/1220 1252/1529/1221 1253/1531/1220
f 1227/1530/1222 1253/1531/1222 1226/1532/1223
f 1226/1532/1223 1253/1531/1222 1254/1533/1223
f 1226/1532/1224 1254/1533/1224 1225/1534/1225
f 1225/1534/1225 1254/1533/1226 1255/1535/1225
f 1225/1534/1227 1255/1535/1227 1224/1536/1228
f 1224/1536/1228 1255/1535/1227 1256/1537/1228
f 1224/1536/1229 1256/1537/1229 1223/1538/1230
f 1223/1538/1230 1256/1537/1229 1257/1539/1230
f 1223/1538/1231 1257/1539/1231 1222/1540/1232
f 1222/1540/1232 1257/1539/1231 1258/1541/1232
f 1222/1540/1233 1258/1541/1233 1221/1542/1234
f 1221/1542/1234 1258/1541/1235 1259/1543/1234
f 1221/1542/1236 1259/1543/1236 1220/1544/1237
f 1220/1544/1237 1259/1543/1236 1260/1545/1237
f 1220/1544/1238 1260/1545/1238 1219/1546/1239
f 1219/1546/1239 1260/1545/1238 1261/1547/1239
f 1219/1546/1240 1261/1547/1240 1218/1500/1241
f 1218/1500/1241 1261/1547/1240 1262/1501/1241
f 1264/1548/1084 1318/1549/1084 1263/1550/883
f 1263/1550/883 1318/1549/1084 1291/1551/883
f 1263/1552/885 1291/1553/885 1290/1554/1082
f 1290/1554/1082 1291/1553/885 1292/1555/1082
f 1290/1554/1080 1292/1555/1080 1289/1556/1079
f 1289/1556/1079 1292/1555/1080 1293/1557/1079
f 1289/1556/1078 1293/1557/1078 1288/1558/1077
f 1288/1558/1077 1293/1557/1078 1294/1559/1077
f 1288/1558/1076 1294/1559/1076 1287/1560/1074
f 1287/1560/1242 1294/1559/1075 1295/1561/1242
f 1287/1560/1073 1295/1561/1073 1286/1562/1072
f 1286/1562/1072 1295/1561/1073 1296/1563/1072
f 1286/1562/1071 1296/1563/1071 1285/1564/1070
f 1285/1564/1070 1296/1563/1071 1297/1565/1070
f 1285/1564/1069 1297/1565/1069 1284/1566/195
f 1284/1566/195 1297/1565/1069 1298/1567/195
f 1284/1566/303 1298/1567/303 1283/1568/1068
f 1283/1568/1068 1298/1567/303 1299/1569/1068
f 1283/1568/1067 1299/1569/1067 1282/1570/1066
f 1282/1570/1066 1299/1569/1067 1300/1571/1066
f 1282/1570/1065 1300/1571/1065 1281/1572/1243
f 1281/1572/1064 1300/1571/1065 1301/1573/1064
f 1281/1572/1148 1301/1573/1148 1280/1574/861
f 1280/1574/1062 1301/1573/1063 1302/1575/1062
f 1280/1574/1060 1302/1575/1060 1279/1576/1061
f 1279/1576/1061 1302/1575/1060 1303/1577/1061
f 1279/1576/1058 1303/1577/1058 1278/1578/1057
f 1278/1578/1057 1303/1577/1058 1304/1579/1057
f 1278/1578/1056 1304/1579/1056 1277/38/314
f 1277/38/314 1304/1579/1056 1305/1580/314
f 1277/38/272 1305/1580/272 1276/1581/1055
f 1276/1581/1055 1305/1580/272 1306/1582/1055
f 1276/1581/1107 1306/1582/1107 1275/1583/1106
f 1275/1583/1106 1306/1582/1107 1307/1584/1106
f 1275/1583/1105 1307/1584/1105 1274/1585/1104
f 1274/1585/1104 1307/1584/1105 1308/1586/1104
f 1274/1585/1244 1308/1586/1244 1273/1587/1103
f 1273/1587/1102 1308/1586/849 1309/1588/1102
f 1273/1587/1101 1309/1588/1101 1272/1589/1100
f 1272/1589/1100 1309/1588/1245 1310/1590/1100
f 1272/1589/1099 1310/1590/1099 1271/1591/1098
f 1271/1591/1098 1310/1590/1099 1311/1592/1098
f 1271/1591/1097 1311/1592/1097 1270/1593/335
f 1270/1593/335 1311/1592/1097 1312/1594/335
f 1270/1593/355 1312/1594/355 1269/1595/1096
f 1269/1595/1096 1312/1594/355 1313/1596/1096
f 1269/1595/1095 1313/1596/1095 1268/1597/1094
f 1268/1597/1094 1313/1596/1095 1314/1598/1094
f 1268/1597/1093 1314/1598/1093 1267/1599/1092
f 1267/1599/1092 1314/1598/1093 1315/1600/1092
f 1267/1599/1090 1315/1600/1090 1266/1601/1089
f 1266/1601/1089 1315/1600/1091 1316/1602/1089
f 1266/1601/1088 1316/1602/1088 1265/1603/1087
f 1265/1603/1087 1316/1602/1088 1317/1604/1087
f 1265/1603/1086 1317/1604/1086 1264/1548/1085
f 1264/1548/1085 1317/1604/1086 1318/1549/1085
f 1318/1605/785 1252/1606/785 1291/1607/785
f 1291/1607/785 1252/1606/785 1251/1608/785
f 1291/1607/785 1251/1608/785 1292/1609/785
f 1292/1609/785 1251/1608/785 1250/1610/785
f 1292/1609/785 1250/1610/785 1293/1611/785
f 1293/1611/785 1250/1610/785 1249/1612/785
f 1293/1611/785 1249/1612/785 1294/1613/785
f 1294/1613/785 1249/1612/785 1295/1614/785
f 1295/1614/785 1249/1612/785 1248/1615/785
f 1295/1614/785 1248/1615/785 1296/1616/785
f 1296/1616/785 1248/1615/785 1247/1617/785
f 1296/1616/785 1247/1617/785 1297/1618/785
f 1297/1618/785 1247/1617/785 1246/1619/785
f 1297/1618/785 1246/1619/785 1298/1620/785
f 1298/1620/785 1246/1619/785 1245/1621/785
f 1298/1620/785 1245/1621/785 1299/1622/785
f 1299/1622/785 1245/1621/785 1300/1623/785
f 1300/1623/785 1245/1621/785 1244/1624/785
f 1300/1623/785 1244/1624/785 1301/1625/785
f 1301/1625/785 1244/1624/785 1243/1626/785
f 1301/1625/785 1243/1626/785 1302/1627/785
f 1302/1627/785 1243/1626/785 1242/1628/785
f 1302/1627/785 1242/1628/785 1303/1629/785
f 1303/1629/785 1242/1628/785 1241/1630/785
f 1303/1629/785 1241/1630/785 1304/1631/785
f 1304/1631/785 1241/1630/785 1240/1420/785
f 1304/1631/785 1240/1420/785 1305/1632/785
f 1305/1632/785 1240/1420/785 1306/1633/785
f 1306/1633/785 1240/1420/785 1262/1634/785
f 1306/1633/785 1262/1634/785 1307/1635/785
f 1307/1635/785 1262/1634/785 1261/1636/785
f 1307/1635/785 1261/1636/785 1308/1637/785
f 1308/1637/785 1261/1636/785 1260/1638/785
f 1308/1637/785 1260/1638/785 1309/1639/785
f 1309/1639/785 1260/1638/785 1259/1640/785
f 1309/1639/785 1259/1640/785 1310/1641/785
f 1310/1641/785 1259/1640/785 1258/1642/785
f 1310/1641/785 1258/1642/785 1311/1643/785
f 1311/1643/785 1258/1642/785 1312/1644/785
f 1312/1644/785 1258/1642/785 1257/1645/785
f 1312/1644/785 1257/1645/785 1313/1646/785
f 1313/1646/785 1257/1645/785 1256/1647/785
f 1313/1646/785 1256/1647/785 1314/1648/785
f 1314/1648/785 1256/1647/785 1255/1649/785
f 1314/1648/785 1255/1649/785 1315/1650/785
f 1315/1650/785 1255/1649/785 1254/1651/785
f 1315/1650/785 1254/1651/785 1316/1652/785
f 1316/1652/785 1254/1651/785 1317/1653/785
f 1317/1653/785 1254/1651/785 1253/1654/785
f 1317/1653/785 1253/1654/785 1318/1605/785
f 1318/1605/785 1253/1654/785 1252/1606/785
f 1290/1605/154 1229/1606/154 1263/1655/154
f 1263/1655/154 1229/1606/154 1228/1608/154
f 1263/1655/154 1228/1608/154 1264/1609/154
f 1264/1609/154 1228/1608/154 1227/1610/154
f 1264/1609/154 1227/1610/154 1265/1611/154
f 1265/1611/154 1227/1610/154 1226/1612/154
f 1265/1611/154 1226/1612/154 1266/1613/154
f 1266/1613/154 1226/1612/154 1267/1614/154
f 1267/1614/154 1226/1612/154 1225/1615/154
f 1267/1614/154 1225/1615/154 1268/1616/154
f 1268/1616/154 1225/1615/154 1224/1617/154
f 1268/1616/154 1224/1617/154 1269/1618/154
f 1269/1618/154 1224/1617/154 1223/1619/154
f 1269/1618/154 1223/1619/154 1270/1620/154
f 1270/1620/154 1223/1619/154 1222/1621/154
f 1270/1620/154 1222/1621/154 1271/1622/154
f 1271/1622/154 1222/1621/154 1272/1623/154
f 1272/1623/154 1222/1621/154 1221/1624/154
f 1272/1623/154 1221/1624/154 1273/1625/154
f 1273/1625/154 1221/1624/154 1220/1626/154
f 1273/1625/154 1220/1626/154 1274/1627/154
f 1274/1627/154 1220/1626/154 1219/1628/154
f 1274/1627/154 1219/1628/154 1275/1629/154
f 1275/1629/154 1219/1628/154 1218/1630/154
f 1275/1629/154 1218/1630/154 1276/1631/154
f 1276/1631/154 1218/1630/154 1217/1420/154
f 1276/1631/154 1217/1420/154 1277/1656/154
f 1277/1656/154 1217/1420/154 1278/1633/154
f 1278/1633/154 1217/1420/154 1239/1634/154
f 1278/1633/154 1239/1634/154 1279/1635/154
f 1279/1635/154 1239/1634/154 1238/1636/154
f 1279/1635/154 1238/1636/154 1280/1637/154
f 1280/1637/154 1238/1636/154 1237/1638/154
f 1280/1637/154 1237/1638/154 1281/1639/154
f 1281/1639/154 1237/1638/154 1236/1640/154
f 1281/1639/154 1236/1640/154 1282/1641/154
f 1282/1641/154 1236/1640/154 1235/1642/154
f 1282/1641/154 1235/1642/154 1283/1643/154
f 1283/1643/154 1235/1642/154 1284/1644/154
f 1284/1644/154 1235/1642/154 1234/1645/154
f 1284/1644/154 1234/1645/154 1285/1646/154
f 1285/1646/154 1234/1645/154 1233/1647/154
f 1285/1646/154 1233/1647/154 1286/1648/154
f 1286/1648/154 1233/1647/154 1232/1649/154
f 1286/1648/154 1232/1649/154 1287/1650/154
f 1287/1650/154 1232/1649/154 1231/1651/154
f 1287/1650/154 1231/1651/154 1288/1652/154
f 1288/1652/154 1231/1651/154 1289/1653/154
f 1289/1653/154 1231/1651/154 1230/1654/154
f 1289/1653/154 1230/1654/154 1290/1605/154
f 1290/1605/154 1230/1654/154 1229/1606/154
f 1320/1657/912 1358/1658/912 1319/1659/885
f 1319/1659/885 1358/1658/912 1339/1660/885
f 1319/1661/883 1339/1662/883 1338/1663/917
f 1338/1663/917 1339/1662/883 1340/1664/917
f 1338/1663/918 1340/1664/918 1337/1665/1118
f 1337/1665/1118 1340/1664/918 1341/1666/1118
f 1337/1665/1116 1341/1666/1116 1336/1667/1117
f 1336/1667/921 1341/1666/1115 1342/1668/921
f 1336/1667/922 1342/1668/922 1335/1669/1114
f 1335/1669/1114 1342/1668/922 1343/1670/1114
f 1335/1669/1113 1343/1670/1113 1334/1671/355
f 1334/1671/355 1343/1670/1113 1344/1672/355
f 1334/1671/335 1344/1672/335 1333/1673/1112
f 1333/1673/1112 1344/1672/335 1345/1674/1112
f 1333/1673/1111 1345/1674/1111 1332/1675/931
f 1332/1675/931 1345/1674/1111 1346/1676/931
f 1332/1675/932 1346/1676/932 1331/1677/1246
f 1331/1677/1109 1346/1676/1110 1347/1678/1109
f 1331/1677/1108 1347/1678/1108 1330/1679/935
f 1330/1679/935 1347/1678/1108 1348/1680/935
f 1330/1679/938 1348/1680/938 1329/38/272
f 1329/38/272 1348/1680/938 1349/1681/272
f 1329/38/314 1349/1681/314 1328/1682/942
f 1328/1682/942 1349/1681/314 1350/1683/942
f 1328/1682/944 1350/1683/944 1327/1684/1131
f 1327/1684/1131 1350/1683/944 1351/1685/1131
f 1327/1684/1129 1351/1685/1129 1326/1686/1130
f 1326/1686/947 1351/1685/1128 1352/1687/947
f 1326/1686/948 1352/1687/948 1325/1688/1127
f 1325/1688/1127 1352/1687/948 1353/1689/1127
f 1325/1688/1126 1353/1689/1126 1324/1690/303
f 1324/1690/303 1353/1689/1126 1354/1691/303
f 1324/1690/195 1354/1691/195 1323/1692/1125
f 1323/1692/1125 1354/1691/195 1355/1693/1125
f 1323/1692/1124 1355/1693/1124 1322/1694/907
f 1322/1694/907 1355/1693/1124 1356/1695/907
f 1322/1694/908 1356/1695/908 1321/1696/1123
f 1321/1696/1121 1356/1695/1122 1357/1697/1121
f 1321/1696/1120 1357/1697/1120 1320/1657/911
f 1320/1657/911 1357/1697/1120 1358/1658/911
f 1360/1506/1193 1404/1698/1193 1359/1504/883
f 1359/1504/883 1404/1698/1193 1382/1699/883
f 1359/1502/885 1382/1700/885 1381/1500/1192
f 1381/1500/1192 1382/1700/885 1383/1701/1192
f 1381/1500/1241 1383/1701/1241 1380/1546/1240
f 1380/1546/1240 1383/1701/1241 1384/1702/1240
f 1380/1546/1247 1384/1702/1247 1379/1703/1238
f 1379/1703/1238 1384/1702/1239 1385/1704/1238
f 1379/1703/1237 1385/1704/1237 1378/1705/1248
f 1378/1705/1236 1385/1704/1237 1386/1706/1236
f 1378/1705/1234 1386/1706/1234 1377/1540/1235
f 1377/1540/1233 1386/1706/1234 1387/1707/1233
f 1377/1540/1232 1387/1707/1232 1376/1538/1231
f 1376/1538/1231 1387/1707/1232 1388/1708/1231
f 1376/1538/1230 1388/1708/1230 1375/1536/1229
f 1375/1536/1229 1388/1708/1230 1389/1709/1229
f 1375/1536/1228 1389/1709/1228 1374/1534/1227
f 1374/1534/1227 1389/1709/1228 1390/1710/1227
f 1374/1534/1225 1390/1710/1225 1373/1532/1224
f 1373/1532/1224 1390/1710/1249 1391/1711/1224
f 1373/1532/1223 1391/1711/1223 1372/1530/1222
f 1372/1530/1222 1391/1711/1223 1392/1712/1222
f 1372/1530/1220 1392/1712/1220 1371/1528/1250
f 1371/1528/1219 1392/1712/1220 1393/1713/1219
f 1371/1528/1218 1393/1713/1218 1370/1526/1217
f 1370/1526/1217 1393/1713/1218 1394/1714/1217
f 1370/1526/1216 1394/1714/1216 1369/1524/1214
f 1369/1524/1214 1394/1714/1215 1395/1715/1214
f 1369/1524/1213 1395/1715/1213 1368/1522/1212
f 1368/1522/1212 1395/1715/1213 1396/1716/1212
f 1368/1522/1211 1396/1716/1211 1367/1520/1209
f 1367/1520/1209 1396/1716/1211 1397/1717/1209
f 1367/1520/1208 1397/1717/1208 1366/1518/1207
f 1366/1518/1207 1397/1717/1208 1398/1718/1207
f 1366/1518/1206 1398/1718/1206 1365/1516/1205
f 1365/1516/1205 1398/1718/1251 1399/1719/1205
f 1365/1516/1204 1399/1719/1204 1364/1514/1203
f 1364/1514/1203 1399/1719/1204 1400/1720/1203
f 1364/1514/1202 1400/1720/1202 1363/1512/1200
f 1363/1512/1200 1400/1720/1201 1401/1721/1200
f 1363/1512/1199 1401/1721/1199 1362/1510/1198
f 1362/1510/1198 1401/1721/1252 1402/1722/1198
f 1362/1510/1197 1402/1722/1197 1361/1508/1253
f 1361/1508/1254 1402/1722/1197 1403/1723/1254
f 1361/1508/1195 1403/1723/1195 1360/1506/1194
f 1360/1506/1194 1403/1723/1255 1404/1698/1194
f 1383/1724/785 1382/1422/785 1349/1725/785
f 1349/1725/785 1382/1422/785 1404/1726/785
f 1349/1725/785 1404/1726/785 1350/1727/785
f 1350/1727/785 1404/1726/785 1403/1728/785
f 1350/1727/785 1403/1728/785 1351/1729/785
f 1351/1729/785 1403/1728/785 1402/1730/785
f 1351/1729/785 1402/1730/785 1352/1731/785
f 1352/1731/785 1402/1730/785 1401/1732/785
f 1352/1731/785 1401/1732/785 1353/1733/785
f 1353/1733/785 1401/1732/785 1400/1734/785
f 1353/1733/785 1400/1734/785 1354/1159/785
f 1354/1159/785 1400/1734/785 1399/1735/785
f 1354/1159/785 1399/1735/785 1355/1736/785
f 1355/1736/785 1399/1735/785 1398/1737/785
f 1355/1736/785 1398/1737/785 1356/1738/785
f 1356/1738/785 1398/1737/785 1397/1739/785
f 1356/1738/785 1397/1739/785 1396/1740/785
f 1356/1738/785 1396/1740/785 1357/1741/785
f 1357/1741/785 1396/1740/785 1395/1742/785
f 1357/1741/785 1395/1742/785 1358/1743/785
f 1358/1743/785 1395/1742/785 1394/1744/785
f 1358/1743/785 1394/1744/785 1339/1745/785
f 1339/1745/785 1394/1744/785 1393/1746/785
f 1339/1745/785 1393/1746/785 1340/1747/785
f 1340/1747/785 1393/1746/785 1392/1748/785
f 1340/1747/785 1392/1748/785 1341/1749/785
f 1341/1749/785 1392/1748/785 1391/1750/785
f 1341/1749/785 1391/1750/785 1342/1751/785
f 1342/1751/785 1391/1750/785 1390/1752/785
f 1342/1751/785 1390/1752/785 1389/1753/785
f 1342/1751/785 1389/1753/785 1343/1754/785
f 1343/1754/785 1389/1753/785 1388/1755/785
f 1343/1754/785 1388/1755/785 1344/1756/785
f 1344/1756/785 1388/1755/785 1387/1757/785
f 1344/1756/785 1387/1757/785 1345/1758/785
f 1345/1758/785 1387/1757/785 1386/1759/785
f 1345/1758/785 1386/1759/785 1346/1760/785
f 1346/1760/785 1386/1759/785 1385/1761/785
f 1346/1760/785 1385/1761/785 1347/1762/785
f 1347/1762/785 1385/1761/785 1384/1763/785
f 1347/1762/785 1384/1763/785 1348/1764/785
f 1348/1764/785 1384/1763/785 1383/1724/785
f 1348/1764/785 1383/1724/785 1349/1725/785
f 1360/1724/154 1359/1422/154 1329/1725/154
f 1329/1725/154 1359/1422/154 1381/1726/154
f 1329/1725/154 1381/1726/154 1330/1727/154
f 1330/1727/154 1381/1726/154 1380/1728/154
f 1330/1727/154 1380/1728/154 1331/1729/154
f 1331/1729/154 1380/1728/154 1379/1730/154
f 1331/1729/154 1379/1730/154 1332/1731/154
f 1332/1731/154 1379/1730/154 1378/1732/154
f 1332/1731/154 1378/1732/154 1333/1733/154
f 1333/1733/154 1378/1732/154 1377/1734/154
f 1333/1733/154 1377/1734/154 1334/1159/154
f 1334/1159/154 1377/1734/154 1376/1735/154
f 1334/1159/154 1376/1735/154 1335/1736/154
f 1335/1736/154 1376/1735/154 1375/1737/154
f 1335/1736/154 1375/1737/154 1336/1738/154
f 1336/1738/154 1375/1737/154 1374/1739/154
f 1336/1738/154 1374/1739/154 1373/1740/154
f 1336/1738/154 1373/1740/154 1337/1741/154
f 1337/1741/154 1373/1740/154 1372/1742/154
f 1337/1741/154 1372/1742/154 1338/1743/154
f 1338/1743/154 1372/1742/154 1371/1744/154
f 1338/1743/154 1371/1744/154 1319/1745/154
f 1319/1745/154 1371/1744/154 1370/1746/154
f 1319/1745/154 1370/1746/154 1320/1747/154
f 1320/1747/154 1370/1746/154 1369/1748/154
f 1320/1747/154 1369/1748/154 1321/1749/154
f 1321/1749/154 1369/1748/154 1368/1750/154
f 1321/1749/154 1368/1750/154 1322/1751/154
f 1322/1751/154 1368/1750/154 1367/1752/154
f 1322/1751/154 1367/1752/154 1366/1753/154
f 1322/1751/154 1366/1753/154 1323/1754/154
f 1323/1754/154 1366/1753/154 1365/1755/154
f 1323/1754/154 1365/1755/154 1324/1756/154
f 1324/1756/154 1365/1755/154 1364/1757/154
f 1324/1756/154 1364/1757/154 1325/1758/154
f 1325/1758/154 1364/1757/154 1363/1759/154
f 1325/1758/154 1363/1759/154 1326/1760/154
f 1326/1760/154 1363/1759/154 1362/1761/154
f 1326/1760/154 1362/1761/154 1327/1762/154
f 1327/1762/154 1362/1761/154 1361/1763/154
f 1327/1762/154 1361/1763/154 1328/1764/154
f 1328/1764/154 1361/1763/154 1360/1724/154
f 1328/1764/154 1360/1724/154 1329/1725/154
f 1406/1554/1082 1460/1765/1082 1405/1552/885
f 1405/1552/885 1460/1765/1082 1433/1766/885
f 1405/1550/883 1433/1767/883 1432/1548/1084
f 1432/1548/1084 1433/1767/883 1434/1768/1084
f 1432/1548/1085 1434/1768/1085 1431/1769/1086
f 1431/1769/1086 1434/1768/1085 1435/1770/1086
f 1431/1769/1087 1435/1770/1087 1430/1601/1088
f 1430/1601/1088 1435/1770/1087 1436/1771/1088
f 1430/1601/1256 1436/1771/1256 1429/1772/1091
f 1429/1772/1090 1436/1771/1089 1437/1773/1090
f 1429/1772/1092 1437/1773/1092 1428/1597/1093
f 1428/1597/1093 1437/1773/1092 1438/1774/1093
f 1428/1597/1094 1438/1774/1094 1427/1595/1095
f 1427/1595/1095 1438/1774/1094 1439/1775/1095
f 1427/1595/1096 1439/1775/1096 1426/1593/355
f 1426/1593/355 1439/1775/1096 1440/1776/355
f 1426/1593/335 1440/1776/335 1425/1591/1097
f 1425/1591/1097 1440/1776/335 1441/1777/1097
f 1425/1591/1098 1441/1777/1098 1424/1589/1099
f 1424/1589/1099 1441/1777/1098 1442/1778/1099
f 1424/1589/1100 1442/1778/1100 1423/1587/1101
f 1423/1587/1101 1442/1778/1100 1443/1779/1101
f 1423/1587/1102 1443/1779/1102 1422/1780/849
f 1422/1780/849 1443/1779/1103 1444/1781/849
f 1422/1780/1104 1444/1781/1104 1421/1583/1105
f 1421/1583/1105 1444/1781/1104 1445/1782/1105
f 1421/1583/1106 1445/1782/1106 1420/1783/1107
f 1420/1783/1107 1445/1782/1106 1446/1784/1107
f 1420/1783/1055 1446/1784/1055 1419/38/272
f 1419/38/272 1446/1784/1055 1447/1681/272
f 1419/38/314 1447/1681/314 1418/1578/1056
f 1418/1578/1056 1447/1681/314 1448/1785/1056
f 1418/1578/1057 1448/1785/1057 1417/1576/1058
f 1417/1576/1058 1448/1785/1057 1449/1786/1058
f 1417/1576/1061 1449/1786/1061 1416/1787/1060
f 1416/1787/1060 1449/1786/1061 1450/1788/1060
f 1416/1787/861 1450/1788/861 1415/1572/1063
f 1415/1572/1148 1450/1788/861 1451/1789/1148
f 1415/1572/1064 1451/1789/1064 1414/1570/1065
f 1414/1570/1065 1451/1789/1064 1452/1790/1065
f 1414/1570/1066 1452/1790/1066 1413/1568/1067
f 1413/1568/1067 1452/1790/1066 1453/1791/1067
f 1413/1568/1068 1453/1791/1068 1412/1566/303
f 1412/1566/303 1453/1791/1068 1454/1792/303
f 1412/1566/195 1454/1792/195 1411/1564/1069
f 1411/1564/1069 1454/1792/195 1455/1793/1069
f 1411/1564/1070 1455/1793/1070 1410/1562/1071
f 1410/1562/1071 1455/1793/1070 1456/1794/1071
f 1410/1562/1072 1456/1794/1072 1409/1560/1073
f 1409/1560/1073 1456/1794/1072 1457/1795/1073
f 1409/1560/1242 1457/1795/1242 1408/1558/1076
f 1408/1558/1257 1457/1795/1074 1458/1796/1257
f 1408/1558/1077 1458/1796/1077 1407/1556/1078
f 1407/1556/1078 1458/1796/1077 1459/1797/1078
f 1407/1556/1079 1459/1797/1079 1406/1554/1080
f 1406/1554/1080 1459/1797/1079 1460/1765/1080
f 1462/1798/1172 1520/1799/1172 1461/1800/883
f 1461/1800/883 1520/1799/1173 1491/1801/883
f 1461/1802/885 1491/1803/885 1490/1804/1171
f 1490/1804/1170 1491/1803/885 1492/1805/1170
f 1490/1804/1169 1492/1805/1169 1489/1806/1168
f 1489/1806/1168 1492/1805/1169 1493/1807/1168
f 1489/1806/1167 1493/1807/1167 1488/1808/1120
f 1488/1808/1120 1493/1807/1167 1494/1809/1120
f 1488/1808/1121 1494/1809/1121 1487/1810/1165
f 1487/1810/1165 1494/1809/1121 1495/1811/1165
f 1487/1810/1164 1495/1811/1164 1486/1812/773
f 1486/1812/773 1495/1811/1164 1496/1813/773
f 1486/1812/777 1496/1813/777 1485/1814/1124
f 1485/1814/1124 1496/1813/777 1497/1815/1124
f 1485/1814/1163 1497/1815/1163 1484/1816/1162
f 1484/1816/1162 1497/1815/1163 1498/1817/1162
f 1484/1816/1161 1498/1817/1161 1483/1818/1160
f 1483/1818/1160 1498/1817/1161 1499/1819/1160
f 1483/1818/1159 1499/1819/1159 1482/1820/1158
f 1482/1820/1158 1499/1819/1159 1500/1821/1158
f 1482/1820/1127 1500/1821/1127 1481/1822/302
f 1481/1822/302 1500/1821/1127 1501/1823/302
f 1481/1822/306 1501/1823/306 1480/1824/1157
f 1480/1824/1157 1501/1823/306 1502/1825/1157
f 1480/1824/1156 1502/1825/1156 1479/1826/1129
f 1479/1826/1129 1502/1825/1156 1503/1827/1129
f 1479/1826/1131 1503/1827/1131 1478/1828/1155
f 1478/1828/1155 1503/1827/1131 1504/1829/1155
f 1478/1828/1154 1504/1829/1154 1477/1830/1152
f 1477/1830/1152 1504/1829/1153 1505/1831/1152
f 1477/1830/1151 1505/1831/1151 1476/38/314
f 1476/38/314 1505/1831/1151 1506/1580/314
f 1476/38/272 1506/1580/272 1475/1832/1150
f 1475/1832/1150 1506/1580/272 1507/1833/1150
f 1475/1832/1190 1507/1833/1190 1474/1834/1191
f 1474/1834/1189 1507/1833/1258 1508/1835/1189
f 1474/1834/1188 1508/1835/1188 1473/1836/1108
f 1473/1836/1108 1508/1835/1188 1509/1837/1108
f 1473/1836/1109 1509/1837/1109 1472/1838/1186
f 1472/1838/1186 1509/1837/1109 1510/1839/1186
f 1472/1838/1185 1510/1839/1185 1471/1840/327
f 1471/1840/327 1510/1839/1185 1511/1841/327
f 1471/1840/331 1511/1841/331 1470/1842/1111
f 1470/1842/1111 1511/1841/331 1512/1843/1111
f 1470/1842/1184 1512/1843/1184 1469/1844/1183
f 1469/1844/1183 1512/1843/1184 1513/1845/1183
f 1469/1844/1182 1513/1845/1182 1468/1846/1181
f 1468/1846/1181 1513/1845/1182 1514/1847/1181
f 1468/1846/1180 1514/1847/1180 1467/1848/1179
f 1467/1848/1179 1514/1847/1180 1515/1849/1179
f 1467/1848/1114 1515/1849/1114 1466/1850/873
f 1466/1850/873 1515/1849/1114 1516/1851/873
f 1466/1850/876 1516/1851/876 1465/1852/1178
f 1465/1852/1178 1516/1851/876 1517/1853/1178
f 1465/1852/1177 1517/1853/1177 1464/1854/1116
f 1464/1854/1116 1517/1853/1177 1518/1855/1116
f 1464/1854/1118 1518/1855/1118 1463/1856/1176
f 1463/1856/1176 1518/1855/1118 1519/1857/1176
f 1463/1856/1175 1519/1857/1175 1462/1798/1174
f 1462/1798/1174 1519/1857/1175 1520/1799/1174
f 1492/1858/785 1491/1859/785 1447/1655/785
f 1447/1655/785 1491/1859/785 1520/1860/785
f 1447/1655/785 1520/1860/785 1448/1605/785
f 1448/1605/785 1520/1860/785 1519/1861/785
f 1448/1605/785 1519/1861/785 1449/1653/785
f 1449/1653/785 1519/1861/785 1518/1862/785
f 1449/1653/785 1518/1862/785 1450/1652/785
f 1450/1652/785 1518/1862/785 1517/1863/785
f 1450/1652/785 1517/1863/785 1451/1650/785
f 1451/1650/785 1517/1863/785 1516/1864/785
f 1451/1650/785 1516/1864/785 1452/1648/785
f 1452/1648/785 1516/1864/785 1515/1865/785
f 1452/1648/785 1515/1865/785 1453/1646/785
f 1453/1646/785 1515/1865/785 1514/1866/785
f 1453/1646/785 1514/1866/785 1454/1867/785
f 1454/1867/785 1514/1866/785 1513/1868/785
f 1454/1867/785 1513/1868/785 1455/1643/785
f 1455/1643/785 1513/1868/785 1512/1869/785
f 1455/1643/785 1512/1869/785 1456/1641/785
f 1456/1641/785 1512/1869/785 1511/1870/785
f 1456/1641/785 1511/1870/785 1457/1639/785
f 1457/1639/785 1511/1870/785 1510/1871/785
f 1457/1639/785 1510/1871/785 1458/1637/785
f 1458/1637/785 1510/1871/785 1509/1872/785
f 1458/1637/785 1509/1872/785 1459/1635/785
f 1459/1635/785 1509/1872/785 1508/1873/785
f 1459/1635/785 1508/1873/785 1460/1633/785
f 1460/1633/785 1508/1873/785 1507/1874/785
f 1460/1633/785 1507/1874/785 1433/1632/785
f 1433/1632/785 1507/1874/785 1506/1875/785
f 1433/1632/785 1506/1875/785 1505/1876/785
f 1433/1632/785 1505/1876/785 1434/1631/785
f 1434/1631/785 1505/1876/785 1504/1877/785
f 1434/1631/785 1504/1877/785 1435/1629/785
f 1435/1629/785 1504/1877/785 1503/1878/785
f 1435/1629/785 1503/1878/785 1436/1627/785
f 1436/1627/785 1503/1878/785 1502/1879/785
f 1436/1627/785 1502/1879/785 1437/1625/785
f 1437/1625/785 1502/1879/785 1501/1880/785
f 1437/1625/785 1501/1880/785 1438/1623/785
f 1438/1623/785 1501/1880/785 1500/1881/785
f 1438/1623/785 1500/1881/785 1439/1622/785
f 1439/1622/785 1500/1881/785 1499/1882/785
f 1439/1622/785 1499/1882/785 1440/1620/785
f 1440/1620/785 1499/1882/785 1498/1883/785
f 1440/1620/785 1498/1883/785 1441/1618/785
f 1441/1618/785 1498/1883/785 1497/1884/785
f 1441/1618/785 1497/1884/785 1442/1616/785
f 1442/1616/785 1497/1884/785 1496/1885/785
f 1442/1616/785 1496/1885/785 1443/1614/785
f 1443/1614/785 1496/1885/785 1495/1886/785
f 1443/1614/785 1495/1886/785 1444/1613/785
f 1444/1613/785 1495/1886/785 1494/1887/785
f 1444/1613/785 1494/1887/785 1445/1611/785
f 1445/1611/785 1494/1887/785 1493/1888/785
f 1445/1611/785 1493/1888/785 1446/1609/785
f 1446/1609/785 1493/1888/785 1492/1858/785
f 1446/1609/785 1492/1858/785 1447/1655/785
f 1462/1858/154 1461/1859/154 1419/1607/154
f 1419/1607/154 1461/1859/154 1490/1860/154
f 1419/1607/154 1490/1860/154 1420/1605/154
f 1420/1605/154 1490/1860/154 1489/1861/154
f 1420/1605/154 1489/1861/154 1421/1653/154
f 1421/1653/154 1489/1861/154 1488/1862/154
f 1421/1653/154 1488/1862/154 1422/1652/154
f 1422/1652/154 1488/1862/154 1487/1863/154
f 1422/1652/154 1487/1863/154 1423/1650/154
f 1423/1650/154 1487/1863/154 1486/1864/154
f 1423/1650/154 1486/1864/154 1424/1648/154
f 1424/1648/154 1486/1864/154 1485/1865/154
f 1424/1648/154 1485/1865/154 1425/1646/154
f 1425/1646/154 1485/1865/154 1484/1866/154
f 1425/1646/154 1484/1866/154 1426/1867/154
f 1426/1867/154 1484/1866/154 1483/1868/154
f 1426/1867/154 1483/1868/154 1427/1643/154
f 1427/1643/154 1483/1868/154 1482/1869/154
f 1427/1643/154 1482/1869/154 1428/1641/154
f 1428/1641/154 1482/1869/154 1481/1870/154
f 1428/1641/154 1481/1870/154 1429/1639/154
f 1429/1639/154 1481/1870/154 1480/1871/154
f 1429/1639/154 1480/1871/154 1430/1637/154
f 1430/1637/154 1480/1871/154 1479/1872/154
f 1430/1637/154 1479/1872/154 1431/1635/154
f 1431/1635/154 1479/1872/154 1478/1873/154
f 1431/1635/154 1478/1873/154 1432/1633/154
f 1432/1633/154 1478/1873/154 1477/1874/154
f 1432/1633/154 1477/1874/154 1405/1656/154
f 1405/1656/154 1477/1874/154 1476/1875/154
f 1405/1656/154 1476/1875/154 1475/1876/154
f 1405/1656/154 1475/1876/154 1406/1631/154
f 1406/1631/154 1475/1876/154 1474/1877/154
f 1406/1631/154 1474/1877/154 1407/1629/154
f 1407/1629/154 1474/1877/154 1473/1878/154
f 1407/1629/154 1473/1878/154 1408/1627/154
f 1408/1627/154 1473/1878/154 1472/1879/154
f 1408/1627/154 1472/1879/154 1409/1625/154
f 1409/1625/154 1472/1879/154 1471/1880/154
f 1409/1625/154 1471/1880/154 1410/1623/154
f 1410/1623/154 1471/1880/154 1470/1881/154
f 1410/1623/154 1470/1881/154 1411/1622/154
f 1411/1622/154 1470/1881/154 1469/1882/154
f 1411/1622/154 1469/1882/154 1412/1620/154
f 1412/1620/154 1469/1882/154 1468/1883/154
f 1412/1620/154 1468/1883/154 1413/1618/154
f 1413/1618/154 1468/1883/154 1467/1884/154
f 1413/1618/154 1467/1884/154 1414/1616/154
f 1414/1616/154 1467/1884/154 1466/1885/154
f 1414/1616/154 1466/1885/154 1415/1614/154
f 1415/1614/154 1466/1885/154 1465/1886/154
f 1415/1614/154 1465/1886/154 1416/1613/154
f 1416/1613/154 1465/1886/154 1464/1887/154
f 1416/1613/154 1464/1887/154 1417/1611/154
f 1417/1611/154 1464/1887/154 1463/1888/154
f 1417/1611/154 1463/1888/154 1418/1609/154
f 1418/1609/154 1463/1888/154 1462/1858/154
f 1418/1609/154 1462/1858/154 1419/1607/154
